{
  "groupId": "120363416873691943@g.us",
  "createdAt": "2025-05-21T07:47:11.990Z",
  "lastUpdated": "2025-05-21T15:45:48.780Z",
  "members": {
    "6285250493346@s.whatsapp.net": {
      "totalPesan": 1,
      "firstMessage": "2025-05-21T07:47:11.991Z",
      "lastMessage": "2025-05-21T07:47:11.991Z"
    },
    "6289608347340@s.whatsapp.net": {
      "totalPesan": 31,
      "firstMessage": "2025-05-21T07:47:32.074Z",
      "lastMessage": "2025-05-21T14:00:37.763Z"
    },
    "6285797913983@s.whatsapp.net": {
      "totalPesan": 9,
      "firstMessage": "2025-05-21T07:48:02.076Z",
      "lastMessage": "2025-05-21T09:04:10.933Z"
    },
    "6285813088498@s.whatsapp.net": {
      "totalPesan": 4,
      "firstMessage": "2025-05-21T07:49:25.964Z",
      "lastMessage": "2025-05-21T08:09:53.887Z"
    },
    "6285822819545@s.whatsapp.net": {
      "totalPesan": 1,
      "firstMessage": "2025-05-21T08:44:36.580Z",
      "lastMessage": "2025-05-21T08:44:36.580Z"
    },
    "6282279874489@s.whatsapp.net": {
      "totalPesan": 17,
      "firstMessage": "2025-05-21T08:47:33.310Z",
      "lastMessage": "2025-05-21T15:39:20.687Z"
    },
    "6287817261367@s.whatsapp.net": {
      "totalPesan": 2,
      "firstMessage": "2025-05-21T08:56:08.578Z",
      "lastMessage": "2025-05-21T13:13:35.168Z"
    },
    "6281238969754@s.whatsapp.net": {
      "totalPesan": 1,
      "firstMessage": "2025-05-21T09:01:22.096Z",
      "lastMessage": "2025-05-21T09:01:22.096Z"
    },
    "6282113508918@s.whatsapp.net": {
      "totalPesan": 2,
      "firstMessage": "2025-05-21T09:02:55.368Z",
      "lastMessage": "2025-05-21T09:03:27.432Z"
    },
    "6285261488143@s.whatsapp.net": {
      "totalPesan": 2,
      "firstMessage": "2025-05-21T09:07:02.899Z",
      "lastMessage": "2025-05-21T10:09:14.893Z"
    },
    "62887437015607@s.whatsapp.net": {
      "totalPesan": 3,
      "firstMessage": "2025-05-21T09:50:46.392Z",
      "lastMessage": "2025-05-21T09:52:39.453Z"
    },
    "6282289847943@s.whatsapp.net": {
      "totalPesan": 1,
      "firstMessage": "2025-05-21T10:21:02.408Z",
      "lastMessage": "2025-05-21T10:21:02.408Z"
    },
    "628386038582@s.whatsapp.net": {
      "totalPesan": 1,
      "firstMessage": "2025-05-21T10:40:49.788Z",
      "lastMessage": "2025-05-21T10:40:49.788Z"
    },
    "6282335862721@s.whatsapp.net": {
      "totalPesan": 1,
      "firstMessage": "2025-05-21T11:25:15.786Z",
      "lastMessage": "2025-05-21T11:25:15.786Z"
    },
    "6283173898130@s.whatsapp.net": {
      "totalPesan": 1,
      "firstMessage": "2025-05-21T11:27:45.074Z",
      "lastMessage": "2025-05-21T11:27:45.074Z"
    },
    "6283143911158@s.whatsapp.net": {
      "totalPesan": 1,
      "firstMessage": "2025-05-21T11:28:20.499Z",
      "lastMessage": "2025-05-21T11:28:20.499Z"
    },
    "6285314093993@s.whatsapp.net": {
      "totalPesan": 1,
      "firstMessage": "2025-05-21T12:12:03.117Z",
      "lastMessage": "2025-05-21T12:12:03.117Z"
    },
    "628884691303@s.whatsapp.net": {
      "totalPesan": 1,
      "firstMessage": "2025-05-21T13:12:57.010Z",
      "lastMessage": "2025-05-21T13:12:57.010Z"
    },
    "6287775726911@s.whatsapp.net": {
      "totalPesan": 1,
      "firstMessage": "2025-05-21T13:33:18.207Z",
      "lastMessage": "2025-05-21T13:33:18.207Z"
    },
    "6283130840789@s.whatsapp.net": {
      "totalPesan": 1,
      "firstMessage": "2025-05-21T15:38:07.697Z",
      "lastMessage": "2025-05-21T15:38:07.697Z"
    },
    "6283853753748@s.whatsapp.net": {
      "totalPesan": 1,
      "firstMessage": "2025-05-21T15:45:48.780Z",
      "lastMessage": "2025-05-21T15:45:48.780Z"
    }
  }
}