{
  "groupId": "120363420663826341@g.us",
  "createdAt": "2025-05-21T04:35:39.395Z",
  "lastUpdated": "2025-05-21T15:15:32.621Z",
  "members": {
    "6283898116303@s.whatsapp.net": {
      "totalPesan": 28,
      "firstMessage": "2025-05-21T04:35:39.396Z",
      "lastMessage": "2025-05-21T12:36:22.980Z"
    },
    "6282315645823@s.whatsapp.net": {
      "totalPesan": 19,
      "firstMessage": "2025-05-21T05:09:06.960Z",
      "lastMessage": "2025-05-21T12:15:28.115Z"
    },
    "60167245172@s.whatsapp.net": {
      "totalPesan": 6,
      "firstMessage": "2025-05-21T05:11:23.682Z",
      "lastMessage": "2025-05-21T10:53:17.658Z"
    },
    "6287723983453@s.whatsapp.net": {
      "totalPesan": 48,
      "firstMessage": "2025-05-21T05:13:54.575Z",
      "lastMessage": "2025-05-21T12:11:16.942Z"
    },
    "6285754370595@s.whatsapp.net": {
      "totalPesan": 25,
      "firstMessage": "2025-05-21T05:15:20.730Z",
      "lastMessage": "2025-05-21T14:23:43.296Z"
    },
    "6282287374639@s.whatsapp.net": {
      "totalPesan": 3,
      "firstMessage": "2025-05-21T05:17:17.538Z",
      "lastMessage": "2025-05-21T12:03:02.631Z"
    },
    "120363420663826341@g.us": {
      "totalPesan": 19,
      "firstMessage": "2025-05-21T05:17:34.320Z",
      "lastMessage": "2025-05-21T15:15:32.621Z"
    },
    "6281237806349@s.whatsapp.net": {
      "totalPesan": 2,
      "firstMessage": "2025-05-21T05:18:06.689Z",
      "lastMessage": "2025-05-21T05:18:11.062Z"
    },
    "60176822754@s.whatsapp.net": {
      "totalPesan": 1,
      "firstMessage": "2025-05-21T05:19:33.064Z",
      "lastMessage": "2025-05-21T05:19:33.064Z"
    },
    "6281215701235@s.whatsapp.net": {
      "totalPesan": 95,
      "firstMessage": "2025-05-21T05:37:04.313Z",
      "lastMessage": "2025-05-21T13:45:34.347Z"
    },
    "6289629550807@s.whatsapp.net": {
      "totalPesan": 28,
      "firstMessage": "2025-05-21T05:37:26.197Z",
      "lastMessage": "2025-05-21T13:34:10.627Z"
    },
    "6285783669776@s.whatsapp.net": {
      "totalPesan": 17,
      "firstMessage": "2025-05-21T05:41:47.779Z",
      "lastMessage": "2025-05-21T11:13:52.235Z"
    },
    "6281279803115@s.whatsapp.net": {
      "totalPesan": 1,
      "firstMessage": "2025-05-21T06:04:15.929Z",
      "lastMessage": "2025-05-21T06:04:15.929Z"
    },
    "6281234790775@s.whatsapp.net": {
      "totalPesan": 32,
      "firstMessage": "2025-05-21T06:05:57.159Z",
      "lastMessage": "2025-05-21T14:09:52.583Z"
    },
    "6289674444767@s.whatsapp.net": {
      "totalPesan": 125,
      "firstMessage": "2025-05-21T06:25:27.890Z",
      "lastMessage": "2025-05-21T15:14:54.307Z"
    },
    "62895338270751@s.whatsapp.net": {
      "totalPesan": 36,
      "firstMessage": "2025-05-21T06:29:24.079Z",
      "lastMessage": "2025-05-21T12:07:07.416Z"
    },
    "6285840130584@s.whatsapp.net": {
      "totalPesan": 69,
      "firstMessage": "2025-05-21T06:31:28.677Z",
      "lastMessage": "2025-05-21T12:20:04.943Z"
    },
    "6285750094984@s.whatsapp.net": {
      "totalPesan": 1,
      "firstMessage": "2025-05-21T07:29:02.146Z",
      "lastMessage": "2025-05-21T07:29:02.146Z"
    },
    "6289632191877@s.whatsapp.net": {
      "totalPesan": 6,
      "firstMessage": "2025-05-21T08:00:07.126Z",
      "lastMessage": "2025-05-21T12:18:16.012Z"
    },
    "62881027775977@s.whatsapp.net": {
      "totalPesan": 65,
      "firstMessage": "2025-05-21T08:07:50.991Z",
      "lastMessage": "2025-05-21T14:20:57.397Z"
    },
    "6282220483885@s.whatsapp.net": {
      "totalPesan": 1,
      "firstMessage": "2025-05-21T08:38:12.134Z",
      "lastMessage": "2025-05-21T08:38:12.134Z"
    },
    "6282141774274@s.whatsapp.net": {
      "totalPesan": 3,
      "firstMessage": "2025-05-21T08:53:26.060Z",
      "lastMessage": "2025-05-21T08:53:53.905Z"
    },
    "62882006296438@s.whatsapp.net": {
      "totalPesan": 1,
      "firstMessage": "2025-05-21T09:44:33.250Z",
      "lastMessage": "2025-05-21T09:44:33.250Z"
    },
    "6285921518751@s.whatsapp.net": {
      "totalPesan": 1,
      "firstMessage": "2025-05-21T09:52:52.080Z",
      "lastMessage": "2025-05-21T09:52:52.080Z"
    },
    "6285809366736@s.whatsapp.net": {
      "totalPesan": 3,
      "firstMessage": "2025-05-21T10:00:31.371Z",
      "lastMessage": "2025-05-21T11:53:27.186Z"
    },
    "6282172338707@s.whatsapp.net": {
      "totalPesan": 1,
      "firstMessage": "2025-05-21T10:00:45.274Z",
      "lastMessage": "2025-05-21T10:00:45.274Z"
    },
    "6287763857478@s.whatsapp.net": {
      "totalPesan": 6,
      "firstMessage": "2025-05-21T10:10:36.484Z",
      "lastMessage": "2025-05-21T12:21:40.988Z"
    },
    "6282191113987@s.whatsapp.net": {
      "totalPesan": 9,
      "firstMessage": "2025-05-21T10:17:20.474Z",
      "lastMessage": "2025-05-21T13:28:48.269Z"
    },
    "6289618576685@s.whatsapp.net": {
      "totalPesan": 7,
      "firstMessage": "2025-05-21T10:32:12.636Z",
      "lastMessage": "2025-05-21T12:40:14.830Z"
    },
    "6281548658382@s.whatsapp.net": {
      "totalPesan": 5,
      "firstMessage": "2025-05-21T10:42:52.060Z",
      "lastMessage": "2025-05-21T12:44:57.781Z"
    },
    "6282128527921@s.whatsapp.net": {
      "totalPesan": 1,
      "firstMessage": "2025-05-21T11:06:29.639Z",
      "lastMessage": "2025-05-21T11:06:29.639Z"
    },
    "62895385035237@s.whatsapp.net": {
      "totalPesan": 13,
      "firstMessage": "2025-05-21T11:24:43.075Z",
      "lastMessage": "2025-05-21T14:42:04.284Z"
    },
    "628988383246@s.whatsapp.net": {
      "totalPesan": 3,
      "firstMessage": "2025-05-21T11:33:48.431Z",
      "lastMessage": "2025-05-21T12:21:42.597Z"
    },
    "6285817313261@s.whatsapp.net": {
      "totalPesan": 1,
      "firstMessage": "2025-05-21T11:43:02.649Z",
      "lastMessage": "2025-05-21T11:43:02.649Z"
    },
    "6282132420787@s.whatsapp.net": {
      "totalPesan": 24,
      "firstMessage": "2025-05-21T11:48:57.965Z",
      "lastMessage": "2025-05-21T12:16:30.599Z"
    },
    "62882020313041@s.whatsapp.net": {
      "totalPesan": 2,
      "firstMessage": "2025-05-21T11:51:48.616Z",
      "lastMessage": "2025-05-21T13:33:39.035Z"
    },
    "6285867264408@s.whatsapp.net": {
      "totalPesan": 4,
      "firstMessage": "2025-05-21T11:52:01.035Z",
      "lastMessage": "2025-05-21T11:54:07.128Z"
    },
    "6285655807731@s.whatsapp.net": {
      "totalPesan": 2,
      "firstMessage": "2025-05-21T11:54:11.244Z",
      "lastMessage": "2025-05-21T11:54:29.045Z"
    },
    "6282148490081@s.whatsapp.net": {
      "totalPesan": 1,
      "firstMessage": "2025-05-21T11:54:56.982Z",
      "lastMessage": "2025-05-21T11:54:56.982Z"
    },
    "6287728774427@s.whatsapp.net": {
      "totalPesan": 2,
      "firstMessage": "2025-05-21T12:00:37.741Z",
      "lastMessage": "2025-05-21T13:04:33.614Z"
    },
    "6285843437574@s.whatsapp.net": {
      "totalPesan": 1,
      "firstMessage": "2025-05-21T12:50:27.684Z",
      "lastMessage": "2025-05-21T12:50:27.684Z"
    },
    "6282156553245@s.whatsapp.net": {
      "totalPesan": 1,
      "firstMessage": "2025-05-21T12:55:16.494Z",
      "lastMessage": "2025-05-21T12:55:16.494Z"
    },
    "628875952254@s.whatsapp.net": {
      "totalPesan": 1,
      "firstMessage": "2025-05-21T13:01:42.533Z",
      "lastMessage": "2025-05-21T13:01:42.533Z"
    },
    "14314009636@s.whatsapp.net": {
      "totalPesan": 20,
      "firstMessage": "2025-05-21T13:02:23.772Z",
      "lastMessage": "2025-05-21T14:37:51.200Z"
    },
    "6287824685705@s.whatsapp.net": {
      "totalPesan": 5,
      "firstMessage": "2025-05-21T13:40:07.090Z",
      "lastMessage": "2025-05-21T13:44:35.605Z"
    },
    "62895360464056@s.whatsapp.net": {
      "totalPesan": 2,
      "firstMessage": "2025-05-21T14:20:33.492Z",
      "lastMessage": "2025-05-21T14:38:32.952Z"
    },
    "6287855063506@s.whatsapp.net": {
      "totalPesan": 1,
      "firstMessage": "2025-05-21T14:28:00.790Z",
      "lastMessage": "2025-05-21T14:28:00.790Z"
    },
    "6282198654060@s.whatsapp.net": {
      "totalPesan": 3,
      "firstMessage": "2025-05-21T14:36:09.910Z",
      "lastMessage": "2025-05-21T14:37:13.770Z"
    },
    "919233137706@s.whatsapp.net": {
      "totalPesan": 1,
      "firstMessage": "2025-05-21T14:38:07.598Z",
      "lastMessage": "2025-05-21T14:38:07.598Z"
    },
    "6283871187135@s.whatsapp.net": {
      "totalPesan": 1,
      "firstMessage": "2025-05-21T15:08:33.947Z",
      "lastMessage": "2025-05-21T15:08:33.947Z"
    },
    "6285878179059@s.whatsapp.net": {
      "totalPesan": 1,
      "firstMessage": "2025-05-21T15:14:28.468Z",
      "lastMessage": "2025-05-21T15:14:28.468Z"
    }
  }
}