{
  "groupId": "120363318509896358@g.us",
  "createdAt": "2025-05-21T04:31:15.819Z",
  "lastUpdated": "2025-05-21T15:44:11.824Z",
  "members": {
    "6285778111022@s.whatsapp.net": {
      "totalPesan": 454,
      "firstMessage": "2025-05-21T04:31:15.821Z",
      "lastMessage": "2025-05-21T15:25:32.654Z"
    },
    "14314009636@s.whatsapp.net": {
      "totalPesan": 64,
      "firstMessage": "2025-05-21T04:31:17.855Z",
      "lastMessage": "2025-05-21T10:41:12.909Z"
    },
    "6285602436651@s.whatsapp.net": {
      "totalPesan": 19,
      "firstMessage": "2025-05-21T04:31:40.763Z",
      "lastMessage": "2025-05-21T04:41:43.187Z"
    },
    "6285600408287@s.whatsapp.net": {
      "totalPesan": 2,
      "firstMessage": "2025-05-21T04:37:29.259Z",
      "lastMessage": "2025-05-21T09:39:39.110Z"
    },
    "6281332832357@s.whatsapp.net": {
      "totalPesan": 146,
      "firstMessage": "2025-05-21T05:17:35.524Z",
      "lastMessage": "2025-05-21T15:19:16.830Z"
    },
    "6285813088498@s.whatsapp.net": {
      "totalPesan": 11,
      "firstMessage": "2025-05-21T05:24:58.827Z",
      "lastMessage": "2025-05-21T05:48:59.618Z"
    },
    "6282163933286@s.whatsapp.net": {
      "totalPesan": 55,
      "firstMessage": "2025-05-21T05:42:07.666Z",
      "lastMessage": "2025-05-21T15:38:58.398Z"
    },
    "6283161745495@s.whatsapp.net": {
      "totalPesan": 2,
      "firstMessage": "2025-05-21T05:45:44.587Z",
      "lastMessage": "2025-05-21T09:39:45.337Z"
    },
    "6285790836459@s.whatsapp.net": {
      "totalPesan": 1,
      "firstMessage": "2025-05-21T05:47:55.453Z",
      "lastMessage": "2025-05-21T05:47:55.453Z"
    },
    "6281324823013@s.whatsapp.net": {
      "totalPesan": 2,
      "firstMessage": "2025-05-21T05:53:38.265Z",
      "lastMessage": "2025-05-21T05:54:08.955Z"
    },
    "6282162759847@s.whatsapp.net": {
      "totalPesan": 1,
      "firstMessage": "2025-05-21T05:59:03.180Z",
      "lastMessage": "2025-05-21T05:59:03.180Z"
    },
    "628568615805@s.whatsapp.net": {
      "totalPesan": 6,
      "firstMessage": "2025-05-21T06:25:38.462Z",
      "lastMessage": "2025-05-21T10:26:16.806Z"
    },
    "6282155176640@s.whatsapp.net": {
      "totalPesan": 1,
      "firstMessage": "2025-05-21T06:35:37.269Z",
      "lastMessage": "2025-05-21T06:35:37.269Z"
    },
    "6281384010494@s.whatsapp.net": {
      "totalPesan": 1,
      "firstMessage": "2025-05-21T06:46:10.765Z",
      "lastMessage": "2025-05-21T06:46:10.765Z"
    },
    "6282395145586@s.whatsapp.net": {
      "totalPesan": 1,
      "firstMessage": "2025-05-21T07:34:51.495Z",
      "lastMessage": "2025-05-21T07:34:51.495Z"
    },
    "6281511741642@s.whatsapp.net": {
      "totalPesan": 97,
      "firstMessage": "2025-05-21T07:49:08.190Z",
      "lastMessage": "2025-05-21T10:34:24.448Z"
    },
    "6282384307495@s.whatsapp.net": {
      "totalPesan": 1,
      "firstMessage": "2025-05-21T08:54:23.961Z",
      "lastMessage": "2025-05-21T08:54:23.961Z"
    },
    "6285176940068@s.whatsapp.net": {
      "totalPesan": 2,
      "firstMessage": "2025-05-21T08:55:45.845Z",
      "lastMessage": "2025-05-21T08:58:36.542Z"
    },
    "6285230675254@s.whatsapp.net": {
      "totalPesan": 1,
      "firstMessage": "2025-05-21T08:57:07.824Z",
      "lastMessage": "2025-05-21T08:57:07.824Z"
    },
    "6282134264767@s.whatsapp.net": {
      "totalPesan": 305,
      "firstMessage": "2025-05-21T09:17:24.370Z",
      "lastMessage": "2025-05-21T15:01:09.166Z"
    },
    "6289530058200@s.whatsapp.net": {
      "totalPesan": 1,
      "firstMessage": "2025-05-21T09:20:30.102Z",
      "lastMessage": "2025-05-21T09:20:30.102Z"
    },
    "6289601829032@s.whatsapp.net": {
      "totalPesan": 3,
      "firstMessage": "2025-05-21T09:28:35.468Z",
      "lastMessage": "2025-05-21T09:28:54.125Z"
    },
    "6283877426290@s.whatsapp.net": {
      "totalPesan": 1,
      "firstMessage": "2025-05-21T09:39:37.616Z",
      "lastMessage": "2025-05-21T09:39:37.616Z"
    },
    "62895337333082@s.whatsapp.net": {
      "totalPesan": 1,
      "firstMessage": "2025-05-21T09:39:37.648Z",
      "lastMessage": "2025-05-21T09:39:37.648Z"
    },
    "6282186800343@s.whatsapp.net": {
      "totalPesan": 2,
      "firstMessage": "2025-05-21T09:39:37.681Z",
      "lastMessage": "2025-05-21T10:04:24.702Z"
    },
    "6282142007690@s.whatsapp.net": {
      "totalPesan": 1,
      "firstMessage": "2025-05-21T09:39:37.753Z",
      "lastMessage": "2025-05-21T09:39:37.753Z"
    },
    "6283861356398@s.whatsapp.net": {
      "totalPesan": 1,
      "firstMessage": "2025-05-21T09:39:37.760Z",
      "lastMessage": "2025-05-21T09:39:37.760Z"
    },
    "6289517617780@s.whatsapp.net": {
      "totalPesan": 1,
      "firstMessage": "2025-05-21T09:39:37.772Z",
      "lastMessage": "2025-05-21T09:39:37.772Z"
    },
    "6283854025218@s.whatsapp.net": {
      "totalPesan": 1,
      "firstMessage": "2025-05-21T09:39:37.810Z",
      "lastMessage": "2025-05-21T09:39:37.810Z"
    },
    "6282386139195@s.whatsapp.net": {
      "totalPesan": 1,
      "firstMessage": "2025-05-21T09:39:37.817Z",
      "lastMessage": "2025-05-21T09:39:37.817Z"
    },
    "6281938326069@s.whatsapp.net": {
      "totalPesan": 2,
      "firstMessage": "2025-05-21T09:39:37.830Z",
      "lastMessage": "2025-05-21T09:42:50.608Z"
    },
    "6285269820124@s.whatsapp.net": {
      "totalPesan": 1,
      "firstMessage": "2025-05-21T09:39:37.852Z",
      "lastMessage": "2025-05-21T09:39:37.852Z"
    },
    "6283825299080@s.whatsapp.net": {
      "totalPesan": 1,
      "firstMessage": "2025-05-21T09:39:39.040Z",
      "lastMessage": "2025-05-21T09:39:39.040Z"
    },
    "6281252256529@s.whatsapp.net": {
      "totalPesan": 1,
      "firstMessage": "2025-05-21T09:39:41.230Z",
      "lastMessage": "2025-05-21T09:39:41.230Z"
    },
    "628992023322@s.whatsapp.net": {
      "totalPesan": 1,
      "firstMessage": "2025-05-21T09:39:41.286Z",
      "lastMessage": "2025-05-21T09:39:41.286Z"
    },
    "6285733465642@s.whatsapp.net": {
      "totalPesan": 1,
      "firstMessage": "2025-05-21T09:39:42.992Z",
      "lastMessage": "2025-05-21T09:39:42.992Z"
    },
    "62895412973947@s.whatsapp.net": {
      "totalPesan": 2,
      "firstMessage": "2025-05-21T09:39:43.112Z",
      "lastMessage": "2025-05-21T09:43:21.609Z"
    },
    "6289675600981@s.whatsapp.net": {
      "totalPesan": 1,
      "firstMessage": "2025-05-21T09:39:53.233Z",
      "lastMessage": "2025-05-21T09:39:53.233Z"
    },
    "60146480413@s.whatsapp.net": {
      "totalPesan": 1,
      "firstMessage": "2025-05-21T09:39:54.742Z",
      "lastMessage": "2025-05-21T09:39:54.742Z"
    },
    "6282162840183@s.whatsapp.net": {
      "totalPesan": 107,
      "firstMessage": "2025-05-21T09:40:01.263Z",
      "lastMessage": "2025-05-21T15:10:47.039Z"
    },
    "6282228201286@s.whatsapp.net": {
      "totalPesan": 1,
      "firstMessage": "2025-05-21T09:40:04.933Z",
      "lastMessage": "2025-05-21T09:40:04.934Z"
    },
    "6281774127970@s.whatsapp.net": {
      "totalPesan": 2,
      "firstMessage": "2025-05-21T09:40:08.480Z",
      "lastMessage": "2025-05-21T09:44:42.792Z"
    },
    "6282173694566@s.whatsapp.net": {
      "totalPesan": 1,
      "firstMessage": "2025-05-21T09:40:20.728Z",
      "lastMessage": "2025-05-21T09:40:20.728Z"
    },
    "6281337089257@s.whatsapp.net": {
      "totalPesan": 1,
      "firstMessage": "2025-05-21T09:40:33.231Z",
      "lastMessage": "2025-05-21T09:40:33.231Z"
    },
    "6283844735492@s.whatsapp.net": {
      "totalPesan": 1,
      "firstMessage": "2025-05-21T09:40:40.966Z",
      "lastMessage": "2025-05-21T09:40:40.966Z"
    },
    "6285198222592@s.whatsapp.net": {
      "totalPesan": 1,
      "firstMessage": "2025-05-21T09:40:52.920Z",
      "lastMessage": "2025-05-21T09:40:52.920Z"
    },
    "6288294367642@s.whatsapp.net": {
      "totalPesan": 1,
      "firstMessage": "2025-05-21T09:41:00.988Z",
      "lastMessage": "2025-05-21T09:41:00.988Z"
    },
    "6283897418171@s.whatsapp.net": {
      "totalPesan": 2,
      "firstMessage": "2025-05-21T09:41:14.783Z",
      "lastMessage": "2025-05-21T12:05:32.869Z"
    },
    "6281216818522@s.whatsapp.net": {
      "totalPesan": 1,
      "firstMessage": "2025-05-21T09:42:22.279Z",
      "lastMessage": "2025-05-21T09:42:22.279Z"
    },
    "6288298451945@s.whatsapp.net": {
      "totalPesan": 1,
      "firstMessage": "2025-05-21T09:42:22.653Z",
      "lastMessage": "2025-05-21T09:42:22.653Z"
    },
    "6281269929082@s.whatsapp.net": {
      "totalPesan": 1,
      "firstMessage": "2025-05-21T09:42:40.359Z",
      "lastMessage": "2025-05-21T09:42:40.359Z"
    },
    "6282245573067@s.whatsapp.net": {
      "totalPesan": 1,
      "firstMessage": "2025-05-21T09:43:55.825Z",
      "lastMessage": "2025-05-21T09:43:55.825Z"
    },
    "6283117173651@s.whatsapp.net": {
      "totalPesan": 1,
      "firstMessage": "2025-05-21T09:45:27.828Z",
      "lastMessage": "2025-05-21T09:45:27.828Z"
    },
    "6285791732422@s.whatsapp.net": {
      "totalPesan": 1,
      "firstMessage": "2025-05-21T09:47:43.871Z",
      "lastMessage": "2025-05-21T09:47:43.872Z"
    },
    "6285374946717@s.whatsapp.net": {
      "totalPesan": 2,
      "firstMessage": "2025-05-21T09:48:35.719Z",
      "lastMessage": "2025-05-21T09:49:43.095Z"
    },
    "6283146095195@s.whatsapp.net": {
      "totalPesan": 1,
      "firstMessage": "2025-05-21T09:49:40.536Z",
      "lastMessage": "2025-05-21T09:49:40.536Z"
    },
    "6282189608710@s.whatsapp.net": {
      "totalPesan": 1,
      "firstMessage": "2025-05-21T09:49:47.410Z",
      "lastMessage": "2025-05-21T09:49:47.410Z"
    },
    "6283845050743@s.whatsapp.net": {
      "totalPesan": 1,
      "firstMessage": "2025-05-21T09:50:20.538Z",
      "lastMessage": "2025-05-21T09:50:20.538Z"
    },
    "6287878975731@s.whatsapp.net": {
      "totalPesan": 1,
      "firstMessage": "2025-05-21T09:53:08.675Z",
      "lastMessage": "2025-05-21T09:53:08.675Z"
    },
    "6285189814521@s.whatsapp.net": {
      "totalPesan": 1,
      "firstMessage": "2025-05-21T09:55:40.274Z",
      "lastMessage": "2025-05-21T09:55:40.274Z"
    },
    "6281380344521@s.whatsapp.net": {
      "totalPesan": 1,
      "firstMessage": "2025-05-21T09:57:03.449Z",
      "lastMessage": "2025-05-21T09:57:03.449Z"
    },
    "6287838141301@s.whatsapp.net": {
      "totalPesan": 1,
      "firstMessage": "2025-05-21T10:06:49.224Z",
      "lastMessage": "2025-05-21T10:06:49.224Z"
    },
    "6282297160996@s.whatsapp.net": {
      "totalPesan": 1,
      "firstMessage": "2025-05-21T10:08:53.277Z",
      "lastMessage": "2025-05-21T10:08:53.277Z"
    },
    "6282358836918@s.whatsapp.net": {
      "totalPesan": 1,
      "firstMessage": "2025-05-21T10:17:33.373Z",
      "lastMessage": "2025-05-21T10:17:33.373Z"
    },
    "6283876476922@s.whatsapp.net": {
      "totalPesan": 1,
      "firstMessage": "2025-05-21T10:18:59.436Z",
      "lastMessage": "2025-05-21T10:18:59.436Z"
    },
    "6282211464258@s.whatsapp.net": {
      "totalPesan": 1,
      "firstMessage": "2025-05-21T10:20:46.614Z",
      "lastMessage": "2025-05-21T10:20:46.614Z"
    },
    "6285832934785@s.whatsapp.net": {
      "totalPesan": 1,
      "firstMessage": "2025-05-21T10:32:11.782Z",
      "lastMessage": "2025-05-21T10:32:11.782Z"
    },
    "62895405555363@s.whatsapp.net": {
      "totalPesan": 1,
      "firstMessage": "2025-05-21T10:37:43.597Z",
      "lastMessage": "2025-05-21T10:37:43.597Z"
    },
    "628568271943@s.whatsapp.net": {
      "totalPesan": 2,
      "firstMessage": "2025-05-21T10:46:48.377Z",
      "lastMessage": "2025-05-21T10:47:19.305Z"
    },
    "6282236693789@s.whatsapp.net": {
      "totalPesan": 1,
      "firstMessage": "2025-05-21T10:53:16.082Z",
      "lastMessage": "2025-05-21T10:53:16.082Z"
    },
    "6282114315152@s.whatsapp.net": {
      "totalPesan": 1,
      "firstMessage": "2025-05-21T11:09:13.613Z",
      "lastMessage": "2025-05-21T11:09:13.613Z"
    },
    "6281545054301@s.whatsapp.net": {
      "totalPesan": 1,
      "firstMessage": "2025-05-21T14:04:39.531Z",
      "lastMessage": "2025-05-21T14:04:39.531Z"
    },
    "6285706647059@s.whatsapp.net": {
      "totalPesan": 1,
      "firstMessage": "2025-05-21T14:11:17.654Z",
      "lastMessage": "2025-05-21T14:11:17.654Z"
    },
    "6285766174584@s.whatsapp.net": {
      "totalPesan": 1,
      "firstMessage": "2025-05-21T14:54:00.231Z",
      "lastMessage": "2025-05-21T14:54:00.231Z"
    },
    "6289505635983@s.whatsapp.net": {
      "totalPesan": 4,
      "firstMessage": "2025-05-21T15:15:48.717Z",
      "lastMessage": "2025-05-21T15:44:11.824Z"
    }
  }
}