{
  "groupId": "120363403189037215@g.us",
  "createdAt": "2025-05-21T09:48:33.739Z",
  "lastUpdated": "2025-05-21T15:30:45.710Z",
  "members": {
    "6287778415205@s.whatsapp.net": {
      "totalPesan": 1,
      "firstMessage": "2025-05-21T09:48:33.740Z",
      "lastMessage": "2025-05-21T09:48:33.740Z"
    },
    "628568271943@s.whatsapp.net": {
      "totalPesan": 331,
      "firstMessage": "2025-05-21T09:48:39.023Z",
      "lastMessage": "2025-05-21T14:07:58.580Z"
    },
    "6283835754094@s.whatsapp.net": {
      "totalPesan": 2,
      "firstMessage": "2025-05-21T09:50:41.031Z",
      "lastMessage": "2025-05-21T11:25:12.937Z"
    },
    "6285261552879@s.whatsapp.net": {
      "totalPesan": 134,
      "firstMessage": "2025-05-21T09:54:18.468Z",
      "lastMessage": "2025-05-21T15:30:45.710Z"
    },
    "6289608347340@s.whatsapp.net": {
      "totalPesan": 22,
      "firstMessage": "2025-05-21T09:55:10.273Z",
      "lastMessage": "2025-05-21T14:47:42.334Z"
    },
    "6285797108323@s.whatsapp.net": {
      "totalPesan": 14,
      "firstMessage": "2025-05-21T09:58:10.841Z",
      "lastMessage": "2025-05-21T14:56:05.297Z"
    },
    "6281992065263@s.whatsapp.net": {
      "totalPesan": 3,
      "firstMessage": "2025-05-21T09:58:24.459Z",
      "lastMessage": "2025-05-21T10:49:04.568Z"
    },
    "6289528003995@s.whatsapp.net": {
      "totalPesan": 8,
      "firstMessage": "2025-05-21T10:13:02.308Z",
      "lastMessage": "2025-05-21T10:21:36.019Z"
    },
    "6285245583051@s.whatsapp.net": {
      "totalPesan": 63,
      "firstMessage": "2025-05-21T10:14:54.004Z",
      "lastMessage": "2025-05-21T13:54:29.523Z"
    },
    "6282189109043@s.whatsapp.net": {
      "totalPesan": 6,
      "firstMessage": "2025-05-21T10:21:39.025Z",
      "lastMessage": "2025-05-21T11:27:29.952Z"
    },
    "6281332832357@s.whatsapp.net": {
      "totalPesan": 20,
      "firstMessage": "2025-05-21T10:25:09.246Z",
      "lastMessage": "2025-05-21T14:48:36.930Z"
    },
    "6288271050139@s.whatsapp.net": {
      "totalPesan": 1,
      "firstMessage": "2025-05-21T11:15:46.344Z",
      "lastMessage": "2025-05-21T11:15:46.344Z"
    },
    "6285820367627@s.whatsapp.net": {
      "totalPesan": 96,
      "firstMessage": "2025-05-21T11:16:45.273Z",
      "lastMessage": "2025-05-21T14:47:05.843Z"
    },
    "6281944576814@s.whatsapp.net": {
      "totalPesan": 7,
      "firstMessage": "2025-05-21T11:20:02.072Z",
      "lastMessage": "2025-05-21T14:06:35.709Z"
    },
    "6285790441303@s.whatsapp.net": {
      "totalPesan": 7,
      "firstMessage": "2025-05-21T13:15:30.182Z",
      "lastMessage": "2025-05-21T13:25:12.631Z"
    },
    "6283875012035@s.whatsapp.net": {
      "totalPesan": 5,
      "firstMessage": "2025-05-21T14:48:43.046Z",
      "lastMessage": "2025-05-21T14:50:39.731Z"
    },
    "6281554331880@s.whatsapp.net": {
      "totalPesan": 1,
      "firstMessage": "2025-05-21T15:09:59.052Z",
      "lastMessage": "2025-05-21T15:09:59.052Z"
    }
  }
}