{
  "groupId": "120363341416023170@g.us",
  "createdAt": "2025-05-21T08:50:17.058Z",
  "lastUpdated": "2025-05-21T08:54:30.646Z",
  "members": {
    "6285805162722@s.whatsapp.net": {
      "totalPesan": 7,
      "firstMessage": "2025-05-21T08:50:17.059Z",
      "lastMessage": "2025-05-21T08:51:59.051Z"
    },
    "6287794706045@s.whatsapp.net": {
      "totalPesan": 3,
      "firstMessage": "2025-05-21T08:51:45.949Z",
      "lastMessage": "2025-05-21T08:51:51.423Z"
    },
    "6285129571067@s.whatsapp.net": {
      "totalPesan": 5,
      "firstMessage": "2025-05-21T08:52:36.797Z",
      "lastMessage": "2025-05-21T08:52:55.538Z"
    },
    "6287817261367@s.whatsapp.net": {
      "totalPesan": 1,
      "firstMessage": "2025-05-21T08:54:30.646Z",
      "lastMessage": "2025-05-21T08:54:30.646Z"
    }
  }
}