{"version":4,"hash":{"type":"Buffer","data":"M60xLvdFU/+DhvMQjouBYBcp+63q6Wy2oRyrDPyI2jXsYQLzuYXq3M6KzOEriRv5+wFifsZkGo/GtBR4OxpI3m/6EuUnD6K6mRntCUVNw3xER7NOhBaY33R7HOIlDNDj+D+U4cuf3VR2FcSjU2YDmf4ycfyDHLZoOU6+/kvZgow="},"indexValueMap":{"E2SR78Hwny2XVTXCdd/9nEo+fIG3XaAMHBUwyMo32Dk=":{"valueMac":{"type":"Buffer","data":"j/8J16vpvec+M8q5uk0+JPEVamnydBZvIJ18adZvTHU="}},"09O9D1jnEfwn7fqTR2bXmo1KH/aOH1Tx/07l/Zlb9uY=":{"valueMac":{"type":"Buffer","data":"9U1980+9PiK8wEsYzhiG17R5Ah+pHDP7JCwayH9k1P4="}},"VHGd4858Tx/j7eeHSY9Hi0FDAKh51pXFcknUpg3Bmek=":{"valueMac":{"type":"Buffer","data":"d1n2EbDwIqOA9kP8xg5QvUtiVtD26kjuZEeXmLnoagU="}},"SZdmKmihqXz6y8Gtg5gcGkaJGUePrcs1yMCA/urRP0U=":{"valueMac":{"type":"Buffer","data":"m8cBbtd20+pTfGypXry+UjceuDx+XH8nBB94yV5GldY="}},"fbUWLJO3qYYRszMoAHgv7vC2pKVN9vHjdZ12NcSydpM=":{"valueMac":{"type":"Buffer","data":"2jMC2FBrWY97AVXhjNYSMVGMtWLsng0sU8DLzKrmsik="}},"TA8kcHfYP7Nw3qkbgjqHLM4lXQiBMygmCEuijKiN+f8=":{"valueMac":{"type":"Buffer","data":"dTuLVTs15pSMJn/oh7lzws3lOEcKngOSniCjSFYLrtc="}}}}