{"version":13,"hash":{"type":"Buffer","data":"xgyIm/3qWN8NLiCULV1rdxW4iVf8z1r8ko78R9fp7b9q7XW/jj6JHbajnYO/eodVPo87VJFeFmT24QGdui6OzJU3I6zku1O1ssqYLlxUTIfjCuAX/o+k75WjDf89HozUb4zWU2bfzzWWAUfzmRbmEaSfwEo2SU6B2KvdwBtpirQ="},"indexValueMap":{"jNkJoaWT039hWx6usTD4RFQ2aItEyRenE9VNCw8IZEM=":{"valueMac":{"type":"Buffer","data":"wzDqfTWNWra5dzabEw6ChjD8WtzGtS381w6/Vyer8J8="}},"smWADXsoRPbGJV2mh9Vdak7vFDU0LBmbmWKISixX9SQ=":{"valueMac":{"type":"Buffer","data":"505lMx9w9XgGe/4MoJNZbNVj0e7lvgNHTYC+BWE84OM="}},"Q+qnryL8FusEBWO5U5XiztT+zFaoT/AfypfAhY81bxQ=":{"valueMac":{"type":"Buffer","data":"5orStK78+Pxv8KgTWW+qlHdnKA8BaXr2faaN06enTP4="}},"aOV+507cBC7f4pp3wlDbQnZqQMFrdUVoNvrJVIsP6GY=":{"valueMac":{"type":"Buffer","data":"1kFkOA/O0z8LZFp60Xr9cc/2dCLetlh9H3yKu5DFA/8="}},"Xmpb9nz1Rb6P5SnzhI/MzyquL3JD5TSnh8fp8qPDoCc=":{"valueMac":{"type":"Buffer","data":"57glfm1RZ1Ag0AzhAXlQZYVKdyFKJx6eltpIRotoYiI="}},"15EyCZtDQNWyFMu8xaMvb9cp44Z47TLnAncrBHKFPDE=":{"valueMac":{"type":"Buffer","data":"uIBbBsel1oTodPXiy8Q0QmToMJIa0lUsmEycZOEOpBs="}},"BNSJ2ULUVHvKcgvWhiQZeNgpXfIbgI1V6h+mp4qYVjw=":{"valueMac":{"type":"Buffer","data":"1HsoOhJpPLU7I9erJl59JlhRRboEYk4syaI983wpaGo="}},"4aEKjjnlei69u0FpqGTM72RqFcv6XlKuBkdrOebILsI=":{"valueMac":{"type":"Buffer","data":"F3xqMbPk5CXz4y6FQte9krWlMqBwWAwjqoDQjD3zsDs="}},"66YMZ8GaqP+qrknMjfTd8N4pjQq3Tdq0mLMhx//ZC5o=":{"valueMac":{"type":"Buffer","data":"fFi2veGEDhzYXLOBEIAadoBzlZetQho/clt+40Kf09g="}},"xDQJYJt+X/tpdcgYD+CBNAtP2ZnYj/WrXmwFP8+F1rk=":{"valueMac":{"type":"Buffer","data":"4cQOgN0yUp4FyFcKgUi1iAzwTKKZonOxAD4ntTPmriw="}},"k330ygECgzdQbO+vSaejFwXrA+9Tpkej+vUeCnyrz+I=":{"valueMac":{"type":"Buffer","data":"7hB5WX/cNZWmTnBhJrmr5x5UTWyrn/kqI9WpFUMUdbw="}},"E8ue1uzvxEk29ra/1JSIJdZx/rn1JR5wi1ftkihXuhs=":{"valueMac":{"type":"Buffer","data":"LxMj4HQzXeKZJvbgvPsPT/4rji/DF+EuPctaqTptY/4="}},"1MdBRcEs2uvQfLUSwFpuwHSw9zv1O51joq0ykNPqms0=":{"valueMac":{"type":"Buffer","data":"mwP5L2+o1AcrTSYsFQHbfyhqhoHIi5UlFe/L0FYkFoo="}},"2QhWMFabaIugevkdDb2lePNvVTvLYU7ANhNhEUu3jFU=":{"valueMac":{"type":"Buffer","data":"5rsuEEryBr0hL/YnKMGKq+tch37iiyBL8Op2ZhCqswI="}},"Msf8nbo32ca2g/8VBW98RT0UOB5CyPL7j30+ExHNxe8=":{"valueMac":{"type":"Buffer","data":"woZoOBjrDeXPws+KgcA2vQormVWTPoDEzoGEuHPmJTo="}},"GMnbm91vObopCSpEE2bw0zl5NoV+hSqfc4eYKkj8ark=":{"valueMac":{"type":"Buffer","data":"+qI+BNm8T3GAVLMNR5FhZXibWs5eIwWiRGwdRWZZ1ws="}},"MTsyy9lujxgMa3OG2+ooVce5+fMm3dtJA10o88n6vHc=":{"valueMac":{"type":"Buffer","data":"BoQassHeai/l0xj8HWE5ssKjrUp3n4f0/pnRearn994="}},"7lZg+4jXlwF996KwKxdp7P3DTkSPCDIVrDVnpkplkZQ=":{"valueMac":{"type":"Buffer","data":"8MRQa/9ubHzw5zdUhiTvGO6i/1eXgkA1PhOLI4UoFUE="}},"kHA1k7CqREY6SGZ8jfTkL4bX1kmwVh2y2wgy/N/WIZk=":{"valueMac":{"type":"Buffer","data":"EnXhA97vG8DluwMXPbrnyfKOpWn6RF5QqDzNbC+8chs="}},"AfVJnVS86PrgYBdQTTzWNRyoiSxOFevMFHHnQKJ8inA=":{"valueMac":{"type":"Buffer","data":"n4EGhqV3Az1QHPju560ZXAm+uVwViwWU8iX02+5FfVk="}},"El2fSakP7dkK6D7/4JH9YaRecQzllGn3EPiLObFZKEQ=":{"valueMac":{"type":"Buffer","data":"zsLnk0WvkR9vMKOb0sO6MI+/EGF+A7vuW0loHgee+SY="}},"GJvjieXk8KmHPA7pryvfYiX4RpcTq6OupeuuQE+rAj4=":{"valueMac":{"type":"Buffer","data":"hWZGf08exLeZU4skoOcTdXIqlglSG5DK3evm80WmA2w="}},"mSCPZIR9wceMSoJtsKG1ZHUhTdpfxL2JDTEg87WVUT8=":{"valueMac":{"type":"Buffer","data":"8SDEnnneaahf3+ILQvQR12zJFn2hw21ohf+2Xo+tp44="}},"YpAlZJnMrd3cvQ1pxCdG17z9qwIn+chkeWgjvPv4o7w=":{"valueMac":{"type":"Buffer","data":"BZqgpXXu7XzmBzEzfkvbD8WuZjXOQMREyzBO6ye2uXg="}},"m0Dc2emhEHUbwc4xl8J8Mg6QqQAADl8X8DeTZPWUBLE=":{"valueMac":{"type":"Buffer","data":"aJGKJkvDYKwrLavl0SPgxyrrF/z1KwWX+tLld8lEToQ="}},"2TIqcHZWT7HtcVLU+u2U3PCAjKYLjl13aRMzh2nBE+M=":{"valueMac":{"type":"Buffer","data":"YfOBipCfUxJaP1i4ZaW8Emu8c7/JaoqitZSZLlhqaFA="}},"x+W/XyJ2VCokE6SLobztEA0xT6U30fbJajRZ5mBhSuY=":{"valueMac":{"type":"Buffer","data":"Mnj2SLMmbMVFCnaV6rTCB48bVyhReuBAeOpCT6klwGU="}},"Q7eniZIDzphr6fcMu7o6EoECs92otZmcWgEoh+HVV+w=":{"valueMac":{"type":"Buffer","data":"QtEdtfuCoKGPcMC/gCYGHiOJGSEDEpp6Rh14u/WjXIs="}}}}