{"version":6,"hash":{"type":"Buffer","data":"Jc8xL4noAIqKE+QmpQUH6jrAjqOuLJ+/uRdfbilhFG6xjrZL8RruD2iEfD3VkFFLwnw2AMRTpWU5GHAVex7FgeUsNAJis1q4Ojzy7SO9WP796YsVrqF6LW3jykKeZpTyx2gNK0n5QK/xaiYUMxuLhQKswDU1+kydU0FjNY1Hw3Y="},"indexValueMap":{"+uRXneHFoSpaFyPG9XHu38EIZNHxVHJA6WOuu9x3/6c=":{"valueMac":{"type":"Buffer","data":"bD0qO7ijnKK7nrOo5oG/UMK0pI4SAjIRYb4vYfnlysM="}},"fJguXn/kvn0Q7HFnDvNuQsDxLdjBwhy/UlqRA6XDapI=":{"valueMac":{"type":"Buffer","data":"Zs/YTSAkt20nB35TossRaddX2Q0gSHN+hrel6U5hsZ4="}},"muBxnqRs6U//Xme/ErU+lPCWbscou468QmHNQYej8oQ=":{"valueMac":{"type":"Buffer","data":"RdEeMLZtRM6y3IWZEu6q+m6xh1c29FHHPY+aIv96w78="}},"ZTrlkZILxScvY+bsXcU8ME5f4ctP0l8+Vqwu65k8Eqc=":{"valueMac":{"type":"Buffer","data":"hIfsNwHxbEGrHuvLGrJT3+24drFDY2b1h190HfMivzY="}},"rEMs4of2TCO8+hCY8V0Vpmm+GdROvGsNVS8wH5PEqzQ=":{"valueMac":{"type":"Buffer","data":"dl+8WhS7wgjRpHdLY4vgpwQVkdNxqHFx/04ZJGmiWXU="}},"ju4QFLGqngq7m8h5uQPuJpwTcZtuA6AZBPUhcuSmvrc=":{"valueMac":{"type":"Buffer","data":"HEyDod2H9mskTqEhuj2jhiuVGc7D/Q0+yXvltUgZdZg="}},"peIkUtGN7WcIJZ+QAlPBn1Osv2fHPkrh5+00k4+XyaA=":{"valueMac":{"type":"Buffer","data":"Z/sCR13DCblV7yb+MTwnZwdfPQzZUgHbwDhGamqsc38="}},"D9ueq6d17gnXluvLAVAuq4BQVwdsRiFszMWqItrvc2k=":{"valueMac":{"type":"Buffer","data":"4Cx/umjHdPLDpxpw2a2ZnT+nuzRATyhktSKLisJmPWI="}},"Zs4bZojCxxfptVO/7CaxypM0BmZUXhxlUZly51FdWwI=":{"valueMac":{"type":"Buffer","data":"Jt5fpzgAOKeIGcBNpZ3Y87FU0dRWFui+u8ZkUEwcrsc="}},"WZnsBVAIyFCPh6tJ0WLtHEXYAeXVoRXAz9EMSCQEgXM=":{"valueMac":{"type":"Buffer","data":"WxBm2Erg5zIOgfOzbhpT8//FztWe1oDpBBKuw3QCNRc="}},"UWrkHhbNLW94S8rfc4qTWD5hQa0DaJCiZ8vDqhwxFa4=":{"valueMac":{"type":"Buffer","data":"krsYw4mGZmQT2Uh3nvig2yV7rxlnafFjOKNYL3WSiBc="}},"XwH5zYbYsNnPaPmS/Rds16VIpyViJmCeuSuJt9VKeng=":{"valueMac":{"type":"Buffer","data":"YnpVa+cQKeG6eg7VenTp7nNhZaCt1oE9OBMxvnpgcPo="}},"XV68ptLl98E5OoyBXyY4D/dj6kXRacALbpMJa8d3EJE=":{"valueMac":{"type":"Buffer","data":"7gM7tTE1lbzoLBYOtaS1pmSfyjhJ7KtuWffZ/KK4CnA="}},"wQ7l4rydc6meF8uJYOaw8ycmjO0rYj+SGqSmsX2N1OQ=":{"valueMac":{"type":"Buffer","data":"A8zY0guqigzJSG/jCrzWCL1xhjqJ193n2tyuEYPsIkU="}},"fLcitUUVNzUVGA2UAz/uMqTGlq6+CRJYY2LIbmhqnw8=":{"valueMac":{"type":"Buffer","data":"cpnBJG6CGx062j+EYFY8ZlkAbPK5ZMzSU9BC1in6Yfs="}},"ms5nYDM6twdBjjwaPeBnKx1MTlTDfYzYH0xF7GS/hzo=":{"valueMac":{"type":"Buffer","data":"UjIRJfiJ1Zy9fmI202kUTeIaceeNrXQEahlhbZWC0Mc="}},"p8Z/CoAb/Iwy9k3lAq8YlV0ZunvZqSzGxyO+fYKcH+w=":{"valueMac":{"type":"Buffer","data":"JManxms67WfADPQHRkI3T8NgM2Ix7dy1S2SRLW9PtB4="}},"IobwlwIR+p2TbGG7xkqPbU2GiyxeQoeoZx0SXnsC7xQ=":{"valueMac":{"type":"Buffer","data":"73kSvlVpmfAWHT6U5kbFHo6Cy4F2vJbgnootHLtXGl4="}},"oFikuUZ2vS7F6uPbobXbVe1sHQfsPEtXDfduYEPnzzM=":{"valueMac":{"type":"Buffer","data":"+GCqNi8R+tSyz1ThnZ3pWUzg4TuHv6EG0bjJpaOnZ48="}},"wAB0T8jhGhcKc/OWC2+ED8UwVkH9crdYg22iHwdSvr8=":{"valueMac":{"type":"Buffer","data":"2ZqWvp+3nY8U6FJZ5FkiPiuO741bFPl2LQBVv6bPGno="}},"Vu0UadUYdcmAAUsK6P90h74mEfEy/T4VPrcVBi45YKQ=":{"valueMac":{"type":"Buffer","data":"OOvhb6qIpJYygf4HW7qzbiAGHrGMHJpOTOOfAM1E7aU="}},"dHUTdUKdbE/oFLIEq+8Y+zcVENU0IMe2fz2J/QrI8QQ=":{"valueMac":{"type":"Buffer","data":"pLtaYCMZZfJh9KhKFujgHwFlZbpzEo0H7jRiELQrlE8="}},"TnXR4RgM3s/P7Im4F1qeXfMkRlTVHAVZkGpxXf5+Wpg=":{"valueMac":{"type":"Buffer","data":"WzcvoY4OCcPVYl1OLBA5G0Pv3URjYNTT6Ij/MC8pn6g="}},"CurqtjrNYi5S4zDd3ZyBvagNFp3MsNwDorrHjlF7OKQ=":{"valueMac":{"type":"Buffer","data":"mqHUeMI3ZPWTEPW6FDGoXXjvzwLOeOKtn871+6hwn1U="}},"Z8z2e0l8DZEcWV21S1rZUUwVcFqxwOIj/HJ7nSFEJCY=":{"valueMac":{"type":"Buffer","data":"bZEbMpVJumM22I1BKtY1nhYsaR0WEO92ZcRQnMdO7Rw="}},"+KMukBSgZtUQvKZdElFCAXldMOWmZuyvn7exknL4f9w=":{"valueMac":{"type":"Buffer","data":"m9BexKrbO8rMZ6f7pdo47MHjuXJpwxNMdmUWiQiVhF4="}},"Iv5/S+bj77+EUdEHgEtPpTwWUWYwQ5Hb6XjZGsMzg68=":{"valueMac":{"type":"Buffer","data":"6aLraNs32HuN6VU0vbUq+jRguyH2LAWA4bJjRbyHPZ8="}},"gBn37TEHU3FZg3UVQ+uzBAKCzPVIKhWl08aXYx7gSEk=":{"valueMac":{"type":"Buffer","data":"j4RfDkahlenmFBBy89vTazuApI33ABwcZmeHiZF91MA="}},"SjCaI/vTAngKNnFsA0UP1DFdnMg2aQecobf9UNCPi/o=":{"valueMac":{"type":"Buffer","data":"tXrO3W/25sqXPWTCQOPmae29gr4oGCefmDjuQEuixAw="}},"pAk1z37RS9p9/s7g+lWfpL9uCWSB7Kh1Om8EKBzPUrU=":{"valueMac":{"type":"Buffer","data":"MdCK8oPqqGWOrDwK+/JSg8IsjVLyJxr5++sux6vfxcU="}},"FYrTUYMz1j7fRKLA0aHNdWdo4s89eW32EvpGfJTyr3c=":{"valueMac":{"type":"Buffer","data":"2PSwyJw+ZMslirGerXjCNrUJ539Cua4l82tTKswtZn4="}},"X/xQvg8Hhd2Cwj/RHgN0FVlJcKYqZRHW1QZ33dyUGrk=":{"valueMac":{"type":"Buffer","data":"o5bOdUUqi6eODacnJx2sCFDmshjU/+MzgWsEOCC7iso="}},"7OWH7Ho6n8m3q1RKlDssR/+AbVTPSmOKqjrMXy3DjFs=":{"valueMac":{"type":"Buffer","data":"5ewdve5+tyZRvoJBjAFNldoSKSFDDo+0cZu7MrYP29o="}},"q6WAVB3pp9yRGwHOvwvtu6c1WD8sPXp3dLCd5/VQZ6s=":{"valueMac":{"type":"Buffer","data":"P6RCE5Upfa24BftRPY4eoJ08Ua4Z3iMFYjw6GfjmpHU="}},"szecJlE4JjoPRRdkjlvJRRy8GMrSi4WN6ENSQPufmQQ=":{"valueMac":{"type":"Buffer","data":"EVk01S0uANOizBPYFIVQz6daduO2ExsUzrPnQGZ+ikY="}},"ggprTcEjmMpZGtB0hpH5HmhCFoWjwvyv6VVjI0MTLxM=":{"valueMac":{"type":"Buffer","data":"a3k69OnUubWSy/IQQwGaBIAamQUd2YQExKj5pwzUmQQ="}},"6rlaGS/zGLfqR2D+iEerGwWPH0nWaFoBqCHMDslW9dw=":{"valueMac":{"type":"Buffer","data":"KX/6B9hOzZIXSr4sr9GGokZFV3MGa7QSuI9p2XN3U0M="}},"hmIwfAF2Z4/6Rbt68smNa1vhxNH37C1/2jTWbJw7Hrc=":{"valueMac":{"type":"Buffer","data":"gENKPzbOaFXYzawvz5yBlRZjKSmTlRt55xdGixoOoiU="}},"L8WpNbxJnqB1C/R1WUCY4X3zh7rh2bnIWM8rcDQgEpQ=":{"valueMac":{"type":"Buffer","data":"aXNqMHHyb/NcwRm7xyRObcIKDV5gQDkwIVJSCTxs4e4="}},"oRcacE5QctLWlKSyFqRyCWxF5WSu42QdrMDAa8jtTHg=":{"valueMac":{"type":"Buffer","data":"w6nYQ4MiDYsJPgTSF8wJ3DyLvlxmXhq1uixSVXQT+AA="}},"EkDZLcQ/khNUcDLGTNda3rHUjJ37RLGzU6D3LLy7q9k=":{"valueMac":{"type":"Buffer","data":"IS2e1IBU5Usrx4257jdKIxYOnBY9uWrz4MQ4FA3C8kk="}},"THysCYXRPszYRCW8O9da7JRvZ9ZRU0qsloYrDRZSU2Y=":{"valueMac":{"type":"Buffer","data":"zY6Xio4TE2bFTJra3TZorJupl1Na4DJw96wT7bvxLbk="}},"SyK0idqr/88PumZVKroRE+Mxy7nsBqE1JvBU1gl8Tto=":{"valueMac":{"type":"Buffer","data":"vJAEt0ZzpOTCzdHFFxorE3cTBDWQNn+ROzk5hwg9zag="}},"qBGPvRo1sHwoPH+uMmBYvrgW2WJRWBR873jAVTdKVLE=":{"valueMac":{"type":"Buffer","data":"9Fa4DpMo+R3zO/KEvGHyX7ygfpLrHzhbtdRsLYXjw14="}},"122ghxI43bVHnAoJkqy86VcA3UwNJgTDKggJwmPPoPg=":{"valueMac":{"type":"Buffer","data":"VKR2fXt5MnHSrU9helXHMySE2SLEOuwCQ+qFtWWX7yc="}},"YrkT25fY8Ez8Hn7nAK3tseZ06IhwXpKzFbxlqtxKLiM=":{"valueMac":{"type":"Buffer","data":"85p1+ZO/VyelgSjM36JYRXzhvEDk8Co0bsGJ51proJQ="}},"unfK+vKmlCpQdFA4AUxVe2x8lQOWoXfcVCO5Fh3hfe0=":{"valueMac":{"type":"Buffer","data":"uue/rYcFcIkrlK4gl+2inVcvOlKsDks4rOJTExrptd0="}},"m29aZHfCeO972b9s9K9th107eL1f2mEGDuViSu429wk=":{"valueMac":{"type":"Buffer","data":"D1lOC+omiSgyogEQC7IYWrNM7CQM4RmE1vkVuu0RqTA="}},"z3vsbPjLnck2XpySNCuhXMUjDrp/ZX8StMcinit221k=":{"valueMac":{"type":"Buffer","data":"pJOgpYeLlQAwKfjW0/gGLtJ3I5xqVPT4dLeVR5YmuAo="}},"MpMTnfb090oPBkPXDc40zWoElzuLNy1ELhKUu1mWgq8=":{"valueMac":{"type":"Buffer","data":"WOxqSYfzGw1GaOYUZn5TzZG03wblX7zxM9QcN0/Jwvk="}}}}