{"version":23,"hash":{"type":"Buffer","data":"by4WahIgPs4KHOyreRTTRY3AOGrQBhBZKmFC+kct6DeLs6c7O5164taQk1ej5Q4aKcaG2FejNzUXgqqaLbPhzt7kjjDTFY1bJLevfwJ20Hv2rNirANOZ081dg/obGsxTxoVroUBiNGmC1vd+VpSRJiRGWGNpdRP5HREJEY4b6C0="},"indexValueMap":{"ZuxrdGBqwTZNqGEJcY0B58UaQtU9+MAC5J4vjHXxuCk=":{"valueMac":{"type":"Buffer","data":"ediwKwp9ifquu+BNYgrRbfitkuDAyk3nGAiZ7xKiwHg="}},"HAhOHh/LdF3vDlP59ZRdEYbTRtleIYzGN3HNlYre0JY=":{"valueMac":{"type":"Buffer","data":"HO/N9XpQRlFuPRbAipS5vr5l5XkQBOw+XE3FrigwpT8="}},"vUJKVB7bhsx2fKj60zbAjfyjiZ1i2tr0Jb5ThT/dM24=":{"valueMac":{"type":"Buffer","data":"c2w/0ds2qXRtJMRVcWJBFedYmvFkVNkunOyb6NGESmw="}},"gfQpwxuBPwzpP37kkffWYuQPSFLc8I38/QlfRvZcTnc=":{"valueMac":{"type":"Buffer","data":"xEl72/sU8pwqAAICQ3Weh1wDEtKVl7A1mTHEfvir42I="}},"qTTRVTQqq+1z5tVXUFkm4Tf3WygZsxXkhqbSltFad8g=":{"valueMac":{"type":"Buffer","data":"xiYzBEuHajxj1RA+ussrcujDlPN5RzeqvU+Il2b6amA="}},"OHiM4/VYu7DluuoTJVrL+4TJ0B7vIeWyD2Vb1cJsZ8c=":{"valueMac":{"type":"Buffer","data":"TC7od3dQRVBbwRF/nhP1HZYpBVnQCidSKbsS+azzdQc="}},"upFXk4oqAJuvgORSHQHy8R1M84Qg9AaRJJskqne/ZaI=":{"valueMac":{"type":"Buffer","data":"XOCcrnQ4tz1wV49T5V5B2NdgHBhJ9APPfxw5afUfT58="}},"r5b7k6kHl/B+i9V6yi7ySXRnXx71FAmdOtkFmahqlIY=":{"valueMac":{"type":"Buffer","data":"0bkPZCxjgEPz2EvmXfRKxfQLamgz2wggUe9WArYr9DE="}},"UHd/ACQx3rHlho2IfqD5a3e5tOUxcm26+oe9OksbTq0=":{"valueMac":{"type":"Buffer","data":"RJgIH02bWCOzjEbOwzjvtX4ZdpEqBdOTOK2UMk+zBf8="}},"D5L1DUbIlVmdotCs43OlOzi8NbwA67u6rKDHzJQ9LEI=":{"valueMac":{"type":"Buffer","data":"g5zTsEaajh3q94JNc5GZsAbnjSxsSlg2y1/UAIi4tVA="}},"B1xho6e59B+R3ZC4irNiQX8NSu8MFAyg0FDzdSKXWWM=":{"valueMac":{"type":"Buffer","data":"Ah8k127ign1ShTUMIpVI8lIQqqK9tH+DzQ2f68koSr0="}},"rzGkXzUCorekA1xnUgJyJQ6DFfFFJzyU4mW+c6WRQnE=":{"valueMac":{"type":"Buffer","data":"T6HfRgnSjogg/QWH91vwiC0jwblkd4zjKUeyn5xoewI="}},"mWuzko5l/LkDdiheozN4evStOiCDz6KT2hB6ChIUeyU=":{"valueMac":{"type":"Buffer","data":"nE7ysDHnRaVATEvWYz5o9nOE99aoblqczqNCRme/GwQ="}},"Og3ypdC9GrZ2xWH6MfTGqL8yZ1LyUKthG1oVcTtjbGk=":{"valueMac":{"type":"Buffer","data":"Xn08zUK/l8+vT5tWxRxA6HPxUrp9I+RkNi207QOTSEs="}},"F5beZbTV5v4lw6Y2WA/TEFFXv+aVVPSx+2x008e+94s=":{"valueMac":{"type":"Buffer","data":"bH33X/+en9BY3t+dvplufKyDWght4ivuWCVAztUQWeU="}},"gH50kzqxPSXhPNrEPfsZGrViydiBkw+Us1ppV7h671M=":{"valueMac":{"type":"Buffer","data":"Gt3bIkbxbGDSn72S8XEZbgO/pB71nOZHhvGBR6jry0s="}},"K99BhMZKbmsclj/O827OA3E0NS6yKg3vp/0JcM2Nnp8=":{"valueMac":{"type":"Buffer","data":"hZRqiQp0PXWw6zb6XbfSoVFWCxcU9H42LYmzYpE/PBI="}},"gQJoYWcAiqgrmZNHn9bjwxXzrj0JDGFPFLxyUNGvDJs=":{"valueMac":{"type":"Buffer","data":"9Fm+9VGJ9wTPnl9DNw+HJCka2RaeQmEl0VmgQ3tL28o="}},"tYper52SrVqVgwXXNbF0OdOD0lwGt3BoeunBCLrjle4=":{"valueMac":{"type":"Buffer","data":"1vtEE7B73IF1II9H8GT7r0KwS9HN69++Ikxb+JS7Xyg="}},"uAmCiVhNX9kaNM/6KjXBJnvYbp+m/+88DFPU11nENlg=":{"valueMac":{"type":"Buffer","data":"m9ijXmFWnbiGsm5YDFH3qPNbazsRsW8pCjZqGV+hJbY="}},"NRoZm2dmaezlflXvYOf/axx0akeajVfGHvi9JyaAeh0=":{"valueMac":{"type":"Buffer","data":"RAJNJvGFrzOxmccB5lu9Kz834VZnvCsVpG8qTwLEUG4="}},"WEuZQ0JOQk5FTugkaOS+wRuS03v6tE82FySafCCST1o=":{"valueMac":{"type":"Buffer","data":"k8fBRaWW/sqpk87SNeWyfOiCj3ffXapeuwe1gnwyGT4="}},"1bAQMo1g18BeRBJDblT3PD5E85ojgqHnyuJ9T8mQyQQ=":{"valueMac":{"type":"Buffer","data":"0tjEnbYmWkCWZsV5uhpD8GSPvvNXKob1YIITHk68u3g="}},"wNklI58oc5qwk0eaikolOppi/NEUMYyTYuOTDeQCr+s=":{"valueMac":{"type":"Buffer","data":"428U/+WxtQQ3wHQPsaM1z7ecR+aJRmm1vUNDlw2Zzro="}},"rJTJ+eWslVM0Nj66dDs+jRYrfP7/L0Dx8PQmF/r/mHo=":{"valueMac":{"type":"Buffer","data":"QOb4B3fCgc3wJBT0CymNzrL6UGyiVGQzs/w20b3mj3c="}},"gdZmHy+WCxH3GwLYYMO2SzJ0kG31lep3iJKYAmATQxs=":{"valueMac":{"type":"Buffer","data":"+qJ2YPWWxcoybLMvhnsQ0Xk9tPBoiZpCHZRtEQRcf6c="}},"zD5Zlq2hjhOzbO2pHFyNcSveQ4iBnKWeAG295Cn5Wp4=":{"valueMac":{"type":"Buffer","data":"13Dwv+XRWmAa3a2BoJ25QT/tlaLcg68SSI3v96lAfmw="}},"EyZmBd9MLEAqL9p18eTTLYKZYRB6rMElJe01eYmyRGw=":{"valueMac":{"type":"Buffer","data":"4iSjhcM0p58YTVuX4DjNaxaHPUC759CbqUxdPtTCG4A="}},"LAKAKS+JNSjn+3Ls2LQekeefsd7IsIjJv2TbddS3Sxk=":{"valueMac":{"type":"Buffer","data":"O1xG6JDIGHkGYeGZPGLG0JoU/UGeMCR8A8z9vY3UYgQ="}},"Nx0kWEZ7BRzRdZmZP1p9pB79O1XTccJfzZ8JjS6rrQM=":{"valueMac":{"type":"Buffer","data":"s5vs9EiAeIjcB227vB20eqf3L0lOsFEG+efKDYl6Ymo="}},"L0BLla4XWN31NXHVo5DOCDp2j5dyB/Cdx1TxPsPsdjs=":{"valueMac":{"type":"Buffer","data":"lgdSLikX8BVoEl8EUe/VXmD1fvDRrJgQq/wUdkf6nLM="}},"c4k7byNZnf2oEvk+x6BbA/AeTxHPCa7xFupW1ldoKRc=":{"valueMac":{"type":"Buffer","data":"Z9gZ3aAC4YdtVxsLb9ORf9bQn/fpy9EiKdrtPR0WnWg="}},"K0LFPhQ6hdkJSGIXSAcrXLVLXrxUcwoum4P5rdqRqrA=":{"valueMac":{"type":"Buffer","data":"mTTsksTCFeffNpVfCIe+Y3yVzcDKUf5xVgrxSWtu2xs="}},"s+UYz6O/yfW+sXatTZ4P11icOtUiyjK2a4BFJ1lNJwo=":{"valueMac":{"type":"Buffer","data":"uRvi6+ggoaMRJM4O9TUWOFywtqluWjqrDskP4Rw6Ncg="}},"mwCDcPDJzhBkXEcl0m7WzRY47MfhIFHGaANl6SzEBf4=":{"valueMac":{"type":"Buffer","data":"PPhmKcJX+bwbMgBi2DuVxtiJeAGTJ1qLW6FsqS/gkj8="}},"DYjYEklM/6R0F/MyUzJeVlmriiIommdgy5jfeMapW18=":{"valueMac":{"type":"Buffer","data":"Xz1MqefMQe+/p6y9uYXSAPYmaO1ca2REYUOrrXY2qbk="}},"o19vBcTSxBlz7zAUQbODepdrVrN+kMs1RWLIrqNBZXI=":{"valueMac":{"type":"Buffer","data":"ykDrripvxhn+om2G4i+JKhSgKiBObbG7Yf/HpHy6wKg="}},"oUn26inDSANopwGUirPlWUEeOIB/4bV0XNJdDNRidOg=":{"valueMac":{"type":"Buffer","data":"0AABS1wubgDdcplIqOJLbBiCAvEyYvgJ6vDK+MFxPME="}},"V+MlClfjUUTLMHU8EuJf2thNQ+mPHjMn/H0X4Zco6HM=":{"valueMac":{"type":"Buffer","data":"V4ONIhKJIm5JWahVwIm4G5hYTyUYqtKGsmsX3d8EIAE="}},"x8WBYBzNnQr3iakQmMAokOcblCOT4Lw47KF7gFKb+uo=":{"valueMac":{"type":"Buffer","data":"LxrGsxMiiMXJAvc7v03t8ywtNheA8Kk/le9Ahql565o="}},"HqWAawPiXcDg0juXFpFV4DaKCz9Cy7KWQZltQtJCEmc=":{"valueMac":{"type":"Buffer","data":"d2DtwsHyay6KQN+ROb0CZKnH7LAAZUvcAyTelt/wOIg="}},"QGEwwxrnbYNEPzVnEgX0Pt/WHfmlDCGkJL+6qXdd/Qc=":{"valueMac":{"type":"Buffer","data":"fubZJ+sYqq+Cy9cflQ5YbYDpcyUFBKZ0S9hmmJYC+KM="}},"RRNBlHKqeewKwkMkrIrinZMb7GfqX+uFNBdSHlM3qQg=":{"valueMac":{"type":"Buffer","data":"jl7s/Wdf0gj/1M1ismssTWJQqZgx2wMni6fRNoPhrxg="}},"Bomm8GfRtJtUyqVVHO1+y43DhUSpCFTRvUJC1zmN2P8=":{"valueMac":{"type":"Buffer","data":"lSw9jTh9U9oo5ir0yGoYLnAE8EH9iTH5qVBr/Ce6MUI="}},"gfcJfAltl+fFy7QQKFaugP/mEoMKPP0FXb4GH5E/AL4=":{"valueMac":{"type":"Buffer","data":"UfcJnLsTlPp//MDNNrXBb1UzQpfc8FxPhVSkmAVk60c="}},"ZMOhKzYqvDAagDo/dG5brRvguWAll8TItXRjs9+K+q0=":{"valueMac":{"type":"Buffer","data":"PRnj0luLmZc608e4aZfV5FdH3WFYCGHgDDTw0u1Cu/U="}},"Vs6sVWzffg2wGuAxr+BiYMV9N8FJ1pJLsZA051vuhv8=":{"valueMac":{"type":"Buffer","data":"/qG4V+bxJEvk5Z3Q9aROk78qlwl5wE4nODkKE6MprN8="}},"PRPub9mvaQAZxXLVUCYQZUFYEjLQXklAXmUnO+wAYho=":{"valueMac":{"type":"Buffer","data":"VofpQtQlEUJuQfS3V5xxvjgDzFfyCY9Mb4GsuVhz2qQ="}},"rV879b3qmhjfdPVhGut/YqOSwPq6qNGUH9O3Yq6CQrE=":{"valueMac":{"type":"Buffer","data":"DVzzFe6/B1DXh+Rf3Rsm47z1Wuh4A5MU0ndZNaoV6Rc="}},"GsIGgdYwpUH0DfdjuN7LeLCKl4I/QJ14gVGr5lYLc7Y=":{"valueMac":{"type":"Buffer","data":"adw8cAiJk/1krDuQ3RkqQKMLfvKva0JaPkXb/n/kAA8="}},"TRscMPHKZjIhcxLi8+pyEb/1IvmScxh3+kF6sjJj4vc=":{"valueMac":{"type":"Buffer","data":"AJ2x+uvzMI5u91e26UEwpR1/2cenNW95rVmsJKrmH+k="}},"OtcmwYK7NDu0UMdDHXnDot0w1NbgY+GsuRLf/NBvaNM=":{"valueMac":{"type":"Buffer","data":"fw1QzBZ4ppsg2sQpMKJxC7jlFfeTynY72GF8cQpHTzc="}}}}