{"noiseKey":{"private":{"type":"Buffer","data":"YEuCetT+lFy4kXoQ2KzfaS/LqvAvKkVOyVOgDbr1PW8="},"public":{"type":"Buffer","data":"i3L6BcVSFVYwC562R/27/MeqYxpP/SHmTblFR/Esllg="}},"pairingEphemeralKeyPair":{"private":{"type":"Buffer","data":"yCfHTxOFfLUSL9ry53yJojdwU30ljdIRIsnLlQNE2ms="},"public":{"type":"Buffer","data":"wVbI7wyFtqr8DBF7r0JSDL5qOY3Z8PyNwAWZsOBwEQY="}},"signedIdentityKey":{"private":{"type":"Buffer","data":"4B/Arr0Zr3jlEVBP+TlQtRD/xSYk2oxcyK0jLFbqmFI="},"public":{"type":"Buffer","data":"VVbsUJBmgKLIUIQRyb45sZOrsmft7ZlImxzVk8G82TQ="}},"signedPreKey":{"keyPair":{"private":{"type":"Buffer","data":"4KkM41L/ysY+lfdTlv76tfmR0B8JL3MJzSQCYKNNRmc="},"public":{"type":"Buffer","data":"R916lEQABLtKrl+tO+Q4sMYTuMKudlsrP9kW399Cr0w="}},"signature":{"type":"Buffer","data":"GujfS9Wu6ZnW0E+1yCcd+ZgI+/MjAsqAQm/PEGIo5sH/XQfPeQ91RVZukazqIdiFS8XwTlWG0YI4gS4VpWB1hQ=="},"keyId":1},"registrationId":220,"advSecretKey":"B4VHkwcxFnf2gNdJugcfbw0hsDnjkXOI3TGD3E021uU=","processedHistoryMessages":[{"key":{"remoteJid":"33221851628@s.whatsapp.net","fromMe":true,"id":"3E2069181B3C7BBB2D0EBA897F404BE1"},"messageTimestamp":1747793885},{"key":{"remoteJid":"33221851628@s.whatsapp.net","fromMe":true,"id":"E7F92E29E80FD7E013867D90141BE3E8"},"messageTimestamp":1747793885},{"key":{"remoteJid":"33221851628@s.whatsapp.net","fromMe":true,"id":"B3748F724A23B334EE917F196367FC1F"},"messageTimestamp":1747793888},{"key":{"remoteJid":"33221851628@s.whatsapp.net","fromMe":true,"id":"57A181F2B50B26D1729627CCB9E39AED"},"messageTimestamp":1747793889}],"nextPreKeyId":91,"firstUnuploadedPreKeyId":91,"accountSyncCounter":1,"accountSettings":{"unarchiveChats":false,"defaultDisappearingMode":{"ephemeralExpiration":86400,"ephemeralSettingTimestamp":1747816830}},"deviceId":"BxI-9_kvQJGTxB894b3Teg","phoneId":"32f0d138-9745-426a-9be4-e47bf73d6a92","identityId":{"type":"Buffer","data":"mIPZ7TZPS1sor/GT7LXq0ZC2xxk="},"registered":true,"backupToken":{"type":"Buffer","data":"vcjILFLKE6dS7t5PFz0W0r0icQY="},"registration":{},"pairingCode":"29L2CN6W","lastPropHash":"2V77qU","routingInfo":{"type":"Buffer","data":"CAsIBQ=="},"me":{"id":"33221851628:2@s.whatsapp.net","name":"Yxuraa: @yexuraa (in tiktok)","jid":"33221851628@s.whatsapp.net","lid":"221913058152628:2@lid"},"account":{"details":"CPO2888DENnvtMEGGAEgACgA","accountSignatureKey":"U607mh28sHnJF12aT4bacV017KwY/BRwsvnBWz3N8z4=","accountSignature":"mPlMlf5YKHDohhQFSO87ZJpg9ganhU7Vif4S04VIsLY0ol52ew8HYRevQAaGQEWTdUSAbUgSNa1rflULYSLODw==","deviceSignature":"iWLtBZn3TP6EfT0rljYYus+yBWvrbZtf4tI49cvs+ogfEqIfiUgGytc+I24jtVWSKHwJnGLRAEwDXUGf3+rYig=="},"signalIdentities":[{"identifier":{"name":"33221851628:2@s.whatsapp.net","deviceId":0},"identifierKey":{"type":"Buffer","data":"BVOtO5odvLB5yRddmk+G2nFdNeysGPwUcLL5wVs9zfM+"}}],"platform":"smba","lastAccountSyncTimestamp":1747794834,"myAppStateKeyId":"AAAAAB/d"}