[{"senderKeyId":1174586553,"senderChainKey":{"iteration":18,"seed":"qLfoJ7397h5jUNJ9UfN6+3GTCm/Lv5glRjn+tYKc7lc="},"senderSigningKey":{"public":"BV8xppWLzpEnheccWBCtl11h7KrZPMHwns1jkCloozQq"},"senderMessageKeys":[]},{"senderKeyId":1174586553,"senderChainKey":{"iteration":1,"seed":"XO4L61uyzlPloE7dcWbXd8PNdCqMKenlhTsrf4Z/xvE="},"senderSigningKey":{"public":"BV8xppWLzpEnheccWBCtl11h7KrZPMHwns1jkCloozQq"},"senderMessageKeys":[]},{"senderKeyId":1798534870,"senderChainKey":{"iteration":4,"seed":"/rO3eOiDPiuAd7i/++J+GqcQ+nvfjXQneZuvuXFEHFY="},"senderSigningKey":{"public":"BRFhCBJXcL6zECw/C7cCoYEe62ok0YRNN+ZefLY53hgC"}}]