[{"senderKeyId":927405526,"senderChainKey":{"iteration":1509,"seed":"cR7+EG0DbGVE6nRR+ky1I1LVZLrzCq8R4xqYNAExzPg="},"senderSigningKey":{"public":"BdRrPbPOBF2bvFBy66in1isSBh+1BGwDlqxjGlD/ijAS","private":"gKnPKpvuvRPKSm07JE+CRDg4BViya1zIXGt6abwNMmE="},"senderMessageKeys":[{"iteration":1,"seed":"ndvGpKsyR7wFV7PwC+8EJ93pAPV41PDkgx0Xf/+Gnpg="},{"iteration":3,"seed":"zdZQWFk4I9xBY+8J78JbK91oTxdcecl7y5mOye01jI8="},{"iteration":5,"seed":"O8pRPHBDOEapM5UXj7u4rySjRYXoRrz/2TbwUXcyVq4="},{"iteration":7,"seed":"l+QTXzSOq10MXwdg22rZVpJmdjMmEtWDrATEuDIFrgA="},{"iteration":9,"seed":"hc8rCCo/JDo/PjkiCv5YEG0k9a+EEyXJxubuycKlb3w="},{"iteration":11,"seed":"shOHG7LqdjBI31lzR7rX1ZJ9lWCBx+o1judv18L8aig="},{"iteration":13,"seed":"pk1hOktmVnwnpOuDYUGH7jCcXiCaQ/a2m/zJ0yS25Ws="},{"iteration":15,"seed":"DUo8qaE/xB4WUV3lSrGpHEGC0Mg1fTGkSKV9Vz54B+M="},{"iteration":17,"seed":"1/6W92SsbUy2y6wmQOx8UwbcdzkypR9zKPpox+k/z8Q="},{},{},{},{},{},{},{},{},{},{},{},{},{},{},{},{},{},{},{},{},{},{},{},{},{},{},{},{},{},{},{},{},{},{},{},{},{},{},{},{},{},{},{},{},{},{},{},{},{},{},{},{},{},{},{},{},{},{},{},{},{},{},{},{},{},{},{},{},{},{},{},{},{},{},{},{},{},{},{},{},{},{},{},{},{},{},{},{},{},{},{},{},{},{},{},{},{},{},{},{},{},{},{},{},{},{},{},{},{},{},{},{},{},{},{},{},{},{},{},{},{},{},{},{},{},{},{},{},{},{},{},{},{},{},{},{},{},{},{},{},{},{},{},{},{},{},{},{},{},{},{},{},{},{},{},{},{},{},{},{},{},{},{},{},{},{},{},{},{},{},{},{},{},{},{},{},{},{},{},{},{},{},{},{},{},{},{},{},{},{},{},{},{},{},{},{},{},{},{},{},{},{},{},{},{},{},{},{},{},{},{},{},{},{},{},{},{},{},{},{},{},{},{},{},{},{},{},{},{},{},{},{},{},{},{},{},{},{},{},{},{},{},{},{},{},{},{},{},{},{},{},{},{},{},{},{},{},{},{},{},{},{},{},{},{},{},{},{},{},{},{},{},{},{},{},{},{},{},{},{},{},{},{},{},{},{},{},{},{},{},{},{},{},{},{},{},{},{},{},{},{},{},{},{},{},{},{},{},{},{},{},{},{},{},{},{},{},{},{},{},{},{},{},{},{},{},{},{},{},{},{},{},{},{},{},{},{},{},{},{},{},{},{},{},{},{},{},{},{},{},{},{},{},{},{},{},{},{},{},{},{},{},{},{},{},{},{},{},{},{},{},{},{},{},{},{},{},{},{},{},{},{},{},{},{},{},{},{},{},{},{},{},{},{},{},{},{},{},{},{},{},{},{},{},{},{},{},{},{},{},{},{},{},{},{},{},{},{},{},{},{},{},{},{},{},{},{},{},{},{},{},{},{},{},{},{},{},{},{},{},{},{},{},{},{},{},{},{},{},{},{},{},{},{},{},{},{},{},{},{},{},{},{},{},{},{},{},{},{},{},{},{},{},{},{},{},{},{},{},{},{},{},{},{},{},{},{},{},{},{},{},{},{},{},{},{},{},{},{},{},{},{},{},{},{},{},{},{},{},{},{},{},{},{},{},{},{},{},{},{},{},{},{},{},{},{},{},{},{},{},{},{},{},{},{},{},{},{},{},{},{},{},{},{},{},{},{},{},{},{},{},{},{},{},{},{},{},{},{},{},{},{},{},{},{},{},{},{},{},{},{},{},{},{},{},{},{},{},{},{},{},{},{},{},{},{},{},{},{},{},{},{},{},{},{},{},{},{},{},{},{},{},{},{},{},{},{},{},{},{},{},{},{},{},{},{},{},{},{},{},{},{},{},{},{},{},{},{},{},{},{},{},{},{},{},{},{},{},{},{},{},{},{},{},{},{},{},{},{},{},{},{},{},{},{},{},{},{},{},{},{},{},{},{},{},{},{},{},{},{},{},{},{},{},{},{},{},{},{},{},{},{},{},{},{},{},{},{},{},{},{},{},{},{},{},{},{},{},{},{},{},{},{},{},{},{},{},{},{},{},{},{},{},{},{},{},{},{},{},{},{},{},{},{},{},{},{},{},{},{},{},{},{},{},{},{},{},{},{},{},{},{},{},{},{}]}]