[{"senderKeyId":1601417689,"senderChainKey":{"iteration":116,"seed":"9Sae/ESaDT4qrAEjrdP0QT0r5DsWKvMZ47is9kXyiHM="},"senderSigningKey":{"public":"BZtDvRnNaYnNSejVHMijQzrw6DfS2uBv/Gp3hUNvJxlp"},"senderMessageKeys":[]},{"senderKeyId":332791051,"senderChainKey":{"iteration":89,"seed":"O/JgfJAB+GiJkAamD/uzdPUnx0aanVwXc8I01vTsWis="},"senderSigningKey":{"public":"BYG7MJigpIWidgpNGfQZjSs2HZY134pW0WhjSqFax+A/"},"senderMessageKeys":[]},{"senderKeyId":1925108724,"senderChainKey":{"iteration":140,"seed":"J54DIwfD5h8ZFtInK4OffLCoPyNBmfmh9q2i851r7m8="},"senderSigningKey":{"public":"Ba6bdSNohPTEjj4LfJ2OdMqR0TEpEJgvHZxdyFARi5cD"},"senderMessageKeys":[]}]