[{"senderKeyId":164205820,"senderChainKey":{"iteration":1,"seed":"pyISbDn4DYFlLkGm8fuM3eXY80WOtAqNixINd/QQjnE="},"senderSigningKey":{"public":"BXKf29K0bl9KRGEKmzlPvE8QCBNXybcTE+TLmYgJskFc"},"senderMessageKeys":[]},{"senderKeyId":226900151,"senderChainKey":{"iteration":6,"seed":"L2s7DpuJFc+xKNtYLTBk5t7FXju8y+dRBBGgkAUEMqc="},"senderSigningKey":{"public":"BRCLU9cdcHnpdNhjncGhfRvHWSJZLhrJGL6ZyK7kGIxX"},"senderMessageKeys":[]},{"senderKeyId":1032947562,"senderChainKey":{"iteration":6,"seed":"by4206XY/ofGAfo+HNXsbGlkxC88MSsZGB8FQTHq/Lc="},"senderSigningKey":{"public":"BdfxqBSD9KMcGYtAt3HbJDA7Luage2cCVMk/8u8tOSQU"},"senderMessageKeys":[]},{"senderKeyId":1996002974,"senderChainKey":{"iteration":7,"seed":"tsP4j4l7Cwr4CM2JzOzmFXYetp7f+f+AqSE20p28XrQ="},"senderSigningKey":{"public":"BdROoWMLoqrmouF39m8PV9zdtIpWOlV9A31RXsALWW1j"},"senderMessageKeys":[]}]