[{"senderKeyId":1810902675,"senderChainKey":{"iteration":21,"seed":"SYPfi/Pg0ucktKbkj/Ie4pn/uX5xntuQ0vbmxizpqIg="},"senderSigningKey":{"public":"BZYsdnaJVwcZb8evC6fp2i8pHetsU8EbEPWCH8ItaEEn"},"senderMessageKeys":[{}]},{"senderKeyId":406964232,"senderChainKey":{"iteration":1,"seed":"OozLxFg1SsoHlpbWV3zIkXoO2z9hJjmexmQ3s1Rbp1Q="},"senderSigningKey":{"public":"BQudbYZMZYdkaEIPdD4oEDE1BSfCk4HE7U1vXBJRAQth"},"senderMessageKeys":[]},{"senderKeyId":513973558,"senderChainKey":{"iteration":6,"seed":"J8WSKu9KfYnRmXSLVQTUajUvr8TPEHhfOXquKe8qbMM="},"senderSigningKey":{"public":"BQWkNSFOXay6uFjQM6kQlN3t1C+BmWyWDsqyP4uTUTls"},"senderMessageKeys":[]}]