[{"senderKeyId":215800303,"senderChainKey":{"iteration":3,"seed":"nMUcGNFOxR4swOCmmhPRMb1ch5IjXU0ii800QZNxcTI="},"senderSigningKey":{"public":"BTywf0o1bJKQaf1vgWSl1ulG6qfpHfV9CbcihzugtVc5"},"senderMessageKeys":[]},{"senderKeyId":946831934,"senderChainKey":{"iteration":1,"seed":"Np7HHikXTrPKT8hiiO7l5oIcBSN1snD+91CY6FVVa7w="},"senderSigningKey":{"public":"BfucWMhb1hzSmRWFyEcjKIJRYTCzoxv9BgBxhdGUSvA1"},"senderMessageKeys":[]},{"senderKeyId":54406336,"senderChainKey":{"iteration":1,"seed":"pobjV635PfSc+Rwp2YTAS2tmLtRFZMkoxAGF+RPTQA8="},"senderSigningKey":{"public":"BaG8aqcpZWqph3E77XDDAWvZY9+KC7exLKb9HzIs6VIj"}}]