[{"senderKeyId":2026613502,"senderChainKey":{"iteration":13,"seed":"0GXQ98ovOJc8mw78hs//IUAfVzQru7bmKfoljkXOc40="},"senderSigningKey":{"public":"BYW92o+iX6HU54vUIBaCSh+AK3HXTsaNdLxRyK7OOygo"},"senderMessageKeys":[]},{"senderKeyId":242037356,"senderChainKey":{"iteration":1,"seed":"KxGm8Kas+lb2fcmVpj0cM5q72ngmvdM7qmkH5nxXc6Y="},"senderSigningKey":{"public":"BZ75Y+X0NVCOavMB1MKbOoMnVLuYvMJlgO/fHSAd0TIC"},"senderMessageKeys":[]},{"senderKeyId":609694816,"senderChainKey":{"iteration":1,"seed":"2H6+dFHI1h59NoeKZ1ShsQ3Bv7BDDsxaPW7sFuMwZB8="},"senderSigningKey":{"public":"Ba/rLTOzsMp+7yvXzYNzFVN0dEKMmWmU8WpzuGnTlyY3"}}]