[{"senderKeyId":26994135,"senderChainKey":{"iteration":8,"seed":"BnKqg2DnCjUHxvX/Ud+tIHnEwd2S+YdlrmMMbkCyyaY="},"senderSigningKey":{"public":"BVPiZl8RfB/d5B3aSHqcxoCJ5b6EU//uX3N6KW5TLREF"},"senderMessageKeys":[]},{"senderKeyId":1014215825,"senderChainKey":{"iteration":28,"seed":"yNweqTKcXwxYhczpg/dEibCyJFZwhmNYVGF0n843Z7A="},"senderSigningKey":{"public":"BdqTw+vSU4CQstuUvl248suKByp4zUtKUA9XmuWqYIUZ"},"senderMessageKeys":[{},{}]},{"senderKeyId":1014215825,"senderChainKey":{"iteration":12,"seed":"P6n4Q60oVK8AsSUGpNqSksEclm+nU4jZChHnp9CqsgE="},"senderSigningKey":{"public":"BdqTw+vSU4CQstuUvl248suKByp4zUtKUA9XmuWqYIUZ"},"senderMessageKeys":[]},{"senderKeyId":2058926214,"senderChainKey":{"iteration":2,"seed":"IHnI1Lo1vdgTMqvS32QvPO/Yau0/QSxihZm4LLORVLg="},"senderSigningKey":{"public":"BdrWx1eS6Ydz3rmssEFFMdez4bsx/QT1dd24bzAX0C0M"},"senderMessageKeys":[]},{"senderKeyId":2058926214,"senderChainKey":{"iteration":1,"seed":"UKF8pIGtelbX/w1/z7GXemQkma2G+p0a30ceYZ3lvBI="},"senderSigningKey":{"public":"BdrWx1eS6Ydz3rmssEFFMdez4bsx/QT1dd24bzAX0C0M"}}]