[{"senderKeyId":1266873081,"senderChainKey":{"iteration":42,"seed":"d6fesB/dT+51tbTjqnB7S83mbI3M/zsj8aJWlYCYz6A="},"senderSigningKey":{"public":"BT7QgVqSCLVuTQWz49mBdlAOUAuMc3PzKAarH7grBA4L"},"senderMessageKeys":[]},{"senderKeyId":1930709864,"senderChainKey":{"iteration":5,"seed":"Vy1gCFwZT9/VqkAxcS5ihAABboZkkuGbGKMIMHlHyGc="},"senderSigningKey":{"public":"BTGlwWum+zTtPZwNtKsg9OQa1c2VtVMX4rVuNjW0ynl6"},"senderMessageKeys":[]},{"senderKeyId":1443817337,"senderChainKey":{"iteration":17,"seed":"NrExIQuXiz+5BfvYtNx4WsPgJ7SII0Zo1a/lmoS7Yl8="},"senderSigningKey":{"public":"Be28qlrX8hR0z9lfCWE8sd9pSf18RUEckWiXz/AoVmUU"},"senderMessageKeys":[]}]