[{"senderKeyId":69868455,"senderChainKey":{"iteration":7,"seed":"9IvOwKay/pdTaoC6qlwLSFPlH0PhE62njkdDuoosZzU="},"senderSigningKey":{"public":"BaYIhDMP6k4EQlnVQj0QOceuNspZID+YvdDk7k66r7Qr"},"senderMessageKeys":[]},{"senderKeyId":69868455,"senderChainKey":{"iteration":6,"seed":"vGbZtLU01EDLEmPwnWjMu7gt7knCMH54BptTZ+KcQ90="},"senderSigningKey":{"public":"BaYIhDMP6k4EQlnVQj0QOceuNspZID+YvdDk7k66r7Qr"},"senderMessageKeys":[]},{"senderKeyId":1236496028,"senderChainKey":{"iteration":85,"seed":"MDAQWfOL4054RlqDfItExgRMoxGccdrQdPt+39fXGOE="},"senderSigningKey":{"public":"BbD4cYRFLWjlpbPhcIjyRSF7Ox8A5ogNRlopDMKN4nFK"},"senderMessageKeys":[{"iteration":2,"seed":"jz8C2zeu3SBZp0PMgzkEK/l2amb1SMHJHr1ReSk/d8Q="},{}]},{"senderKeyId":1236496028,"senderChainKey":{"iteration":2,"seed":"f0p1hoiW2FT/oHUYDyeKFvMNmBjda2bKOAbhb1o5msA="},"senderSigningKey":{"public":"BbD4cYRFLWjlpbPhcIjyRSF7Ox8A5ogNRlopDMKN4nFK"},"senderMessageKeys":[]},{"senderKeyId":1236496028,"senderChainKey":{"iteration":3,"seed":"tM6UEozlD7RUOrxZivAqsEgS6WNL72M0Z+D1aqk1nuQ="},"senderSigningKey":{"public":"BbD4cYRFLWjlpbPhcIjyRSF7Ox8A5ogNRlopDMKN4nFK"},"senderMessageKeys":[]}]