[{"senderKeyId":1046224479,"senderChainKey":{"iteration":2,"seed":"P/itZ7pvTbCXRZaVC236yYZwsnp2D44lrDMtmD8gy5A="},"senderSigningKey":{"public":"BVH2CM/aPsAd+pbYenqzgV499FIufBlgxoPSLCm86q9j"},"senderMessageKeys":[]},{"senderKeyId":1046224479,"senderChainKey":{"iteration":1,"seed":"vsKHtl8rkWhJHEK3GqupeMfuyeNOXx7+V3MaQUND0SU="},"senderSigningKey":{"public":"BVH2CM/aPsAd+pbYenqzgV499FIufBlgxoPSLCm86q9j"},"senderMessageKeys":[]},{"senderKeyId":461592719,"senderChainKey":{"iteration":0,"seed":"SajNp1p5MBopI70mlIpQC03kJd1mRPqnzfYTjAMsmQg="},"senderSigningKey":{"public":"BZtnhhwUdTISnFbwQCX1iQe84ByLQSW93gp2kSYCzT1G"}}]