[{"senderKeyId":343517010,"senderChainKey":{"iteration":23,"seed":"dJGZLicQjamy3SQAtJyfkRtpla6jUoVwW8QBr8Psi+k="},"senderSigningKey":{"public":"BcjI9mC9wVHKQdseOYAJ0ya6KEUV5x7/6TtqCp5pOugT","private":"MD7t2YqWCylklQRi10qetVM+92NlR8CWvMA/5zs9MU4="},"senderMessageKeys":[{"iteration":1,"seed":"uAjQO1LnMtlx3DR6GxzvbfmUYPzGkEdapgrae7j8DgI="},{"iteration":3,"seed":"MV0/g+x20zS19qrUhoxh3bgiL/rp99z6+NswBewSmFg="},{"iteration":5,"seed":"LPPayZMaVgzktJ1s1hXe0fKRWW+jwZUt6wITBFKUCi8="},{"iteration":7,"seed":"Ps2opByUu6mF08nd+KLBDP11OS1onxrWWwcnqcjNqsY="},{"iteration":9,"seed":"tWFm/9ZeSaJHNJWq1uBhX1SIp8Z/2m5JJD0vA1dekHE="},{"iteration":11,"seed":"zdLWdL1Gtea8eJ6twIhodJAuKRajpfevxyB3zGK0UWA="},{"iteration":13,"seed":"+3zh4zMS4WwcODNBkJKNL8iZqZFaAGgkLhOT9JdHEDo="},{"iteration":15,"seed":"5z27MDPs1mCkKW1qG32lD0c09HP7XqFJOVt2R3dIqms="},{"iteration":17,"seed":"zDhy6SqIu7TiziAPdtLZR/0+hZDPqHkMTv5GKWddNjU="},{"iteration":19,"seed":"f1+4xauYuTDU5PncVNkYj9uWSUnrTCKf4KYLGeoNoEI="},{"iteration":21,"seed":"P1pmEXTSFI41lhFkPIbFELt/nAjwEZkJDBlieE5o4ko="}]}]