[{"senderKeyId":419992857,"senderChainKey":{"iteration":1879,"seed":"dAntpLnVNq4C/AEeGhnM3CWzyEmRqESVExiZFfkiFd4="},"senderSigningKey":{"public":"BYL+5rnQHNavlpOg0UBdmvGOuF3maio+kXfRmCrVQo4L","private":"4OYADmGkdpToEFCSxhYOSva3+vnyq0/tg2y7TJBN6l4="},"senderMessageKeys":[{"iteration":1,"seed":"JtARYJetEwp5qVZyEjGs8D8x04PkBsq5lYb+HZ4ebAQ="},{"iteration":3,"seed":"YOQwqZ5XbOMZhznIBLPVXpjMDM6zKnIf4aOlRSrOXzk="},{"iteration":5,"seed":"ET1K8zWFmFLyr7dIg1WpWTyy4sjAv7yUQcket76h1Jk="},{"iteration":7,"seed":"WA5UXAU1WXzSLo04xrT5O+JRmB1M+gn6lKbedRfRkEk="},{"iteration":9,"seed":"hRfHiHXySv26AajbPfmRABfj/0/jmkeaffb6yGe6EuA="},{"iteration":11,"seed":"evp3q6JttyzukitEK69t0kfWbJU2ZoYSP+MwKoG5vSs="},{"iteration":13,"seed":"SshDB4GV8TNgK515Oq5jiquzBdwBGn3JjppJ5R0df7I="},{"iteration":15,"seed":"IzOxN8y6CUP+Qa+vIH4TCGYFLYyl2uw+SyUxom7ZV/k="},{"iteration":17,"seed":"SAWyoj70BO2dHMJBWvlWbkSliw/YyyNt311vP4IwTY8="},{"iteration":19,"seed":"EHbfeB3AaFDeZk9l2kTaUI/mW8hqlOa+9I7ajlu8dho="},{"iteration":21,"seed":"gNJPlXTs7k1GKdfe7At3hfTXK7YYiX+qhvfcAV/sv9Y="},{"iteration":23,"seed":"odwzaqBhW/1nF1Pzvc2dfQ0HZ7EvZUGgUYiQ/VB8evg="},{"iteration":25,"seed":"9eN2EJ3ElFm1xlzI3tJf+EsHivTxlu5EJiSJxf22Za4="},{"iteration":27,"seed":"4gnWD/7cfbL+rI3RcF7e8Kl+p3sLWeFuR+Dd2mIjXyk="},{"iteration":29,"seed":"7UYB6+pL8c/Avg7hRIM8JysCV55bznkW+fkVsNI/KDQ="},{"iteration":31,"seed":"jaAGL3BIMfPNLHCkH4+rflt1SvEMq4alX9raCsD1f6Q="},{"iteration":33,"seed":"Q85lo/cRxXO5FSMz2ievdl6q3JAcD/YOV+D6d62qfrE="},{"iteration":35,"seed":"a7UCeFnvw+KATBwbzW08C6QHABy3T5aAbJtMK00cx54="},{"iteration":37,"seed":"kKdfKHMTNk0V3lqoqFuRRWl/E8dqdNCHMLTSOK20qYI="},{"iteration":39,"seed":"f0IeA8FDeR+JOOoukKlgMWL5rlli0vgjvk+bqRHaMCo="},{"iteration":41,"seed":"EIjMsnPhnT9W1aPVbvUhx1O0KOY+lpzbGZplWdVn2Xs="},{"iteration":43,"seed":"HjEYeVDrjlF9dKT2N9Yx5vk8qAWpoyWXGYD8JW4kQs0="},{"iteration":45,"seed":"npMz7axJwR0864K6jQDAnSUoFtsFuFKvJy+sH5MbvLA="},{"iteration":47,"seed":"BUH8dL/HcKiDVI1RFQt8L2XWl7ArjkohmkS3bIXay+s="},{"iteration":49,"seed":"K5yxNGW+pxYmFBlmv8M/mKUh3oMWS5bo7nj9UGMUo70="},{"iteration":51,"seed":"IOom/sVHLmu6vJGfoay0BjtZptgzI+2Z2CXL7GSHMLE="},{"iteration":53,"seed":"18UZ2FKAWYXkWrDuh1DxFoaxtkofibaHkfVZFBTgqxo="},{"iteration":55,"seed":"/S+Bdw/MxY99FxHJPw7rQUVsaly9XbHHp1EEGyJdvNo="},{"iteration":57,"seed":"j2i5t0TEHX5ZD0ACPA5Mdxs3ESup8zi9XUWllM0flMY="},{"iteration":59,"seed":"amJ9oix0qEK1bRVARPPk8IQG+yC8hOr6QRRtqCkmLv8="},{"iteration":61,"seed":"fGEr0BuMvgeu0aeLYVwvl5XP8jcU6AeteYnCkHLo5VY="},{"iteration":63,"seed":"lPBus+6F9yW76AR8pfbxV+fKjfcMlc5RCvUuH1/H4JY="},{"iteration":65,"seed":"1h3LYHXP832MP6hxs3EFyQwQmk+27OiE33nVWMTBH2c="},{"iteration":67,"seed":"vmFTtKMm8Q22Ppd8lGG46JFafQLxhpeeXLkaN5mE20Y="},{"iteration":69,"seed":"kWltvEnc78G0Mxxb4a0qOw/A0B9L5U5FuwC/tk8AEsk="},{"iteration":71,"seed":"2y8dRSrKsW85Yvj2KmnQUMEaIUUhOlicJY+tu33700A="},{"iteration":73,"seed":"aV63MV61j6Kg9TjGn01/4xTMAJeaHFk7SApWv98N/ek="},{"iteration":75,"seed":"MgX+POIjhb0yKUMC6f9ERqXQsI+/nw+vif/6msJSFnk="},{"iteration":77,"seed":"qeI9lAiaWrphvL2sOJscUsUoBvXDjXCUJNdEKqBUWuU="},{"iteration":79,"seed":"gtIcMRX2LYdVy/VWs1bozvkLVPmFXxI++Ks8QDarRok="},{"iteration":81,"seed":"jvBSznThss8fn29BYr7cjqIw5ebvfOZ8oAkZ5BNm1oY="},{"iteration":83,"seed":"WEW4rzC75Uww+EpAFbm4ax8zcxG9d6x3Rz1Yu91cQ00="},{"iteration":85,"seed":"MUUXRgW2Br4tWSxIxbQ2C0iJHzrpUvsrlhwpS4mlvR0="},{"iteration":87,"seed":"58x/GTHe57/FJz/q1vhDldBc7mwGxzuOWkczmkwuDgE="},{"iteration":89,"seed":"oH4J5tsPkDwNU+6fAVj60gDBtEC5ArSLLSA6trv6/1g="},{"iteration":91,"seed":"mr59mII7yfmuadbHmgMwYlMB3E7876SOkUZjn41dMJo="},{"iteration":93,"seed":"sOTTlCzfzWYKFgq2U1PYZhOa16E7ZW9l8Z5x0PUCvlI="},{"iteration":95,"seed":"6YUcqMU6mXWA/J9FyCjrh4CdznDvgkaa8N/QpXfaT2c="},{"iteration":97,"seed":"adu+sMAL4fPDLNfopCmUARMkp31TVSYYfAjR5LtWsG4="},{"iteration":99,"seed":"bxMNU6Sc3/kAZp19sbjS+/Jp8d0ToNtZBQU+fVMzxcM="},{"iteration":101,"seed":"kJP02hMa3LVwxr976/bkedEXbvPvurZRxn3gjwESeNk="},{"iteration":103,"seed":"UVVfkRvhOt/4+f0Z7PIumT1JhHBRcNGZiY+scnuvbKE="},{"iteration":105,"seed":"OL3O1QmIhTB5r7+yrzE+c04xGfaBKXcTrnZiZY3aYYo="},{"iteration":107,"seed":"/AKVKGuorH3lHCEg9w68wH7yXLgugtz9j15ClKBHycM="},{"iteration":109,"seed":"w76e1+dF5dHm9buNNd76GObr4ISlX1Zpc1fsFzBLsAE="},{"iteration":111,"seed":"towklHQ4bbmeQwU1rzd5uQtxgnCaFqufcCM2xr4gvHQ="},{"iteration":113,"seed":"wGb71QAitf5PdWkob7Loj2GxXX7YYJYjV9K0pMFcvao="},{"iteration":115,"seed":"LprZhLDjQ9J2hPo5/ypJksfSA+lAslQnFkMx90e0ty4="},{"iteration":117,"seed":"LtCF9Lk8EEE5PSO3olHZX19/6azVu1zJNHXUS2WKQnM="},{"iteration":119,"seed":"eeSHDgwDGC3yaW3PF2Soj/JtxKj9N3o538z2I6nxQ1k="},{"iteration":121,"seed":"Ag2PGZw5Byei7iinDfesFC1r1Ug199kEOGZQ8lqD7dk="},{"iteration":123,"seed":"InkutgNKHqE9yk8MoQim17++fpYzbcO1DhhvusVVNqg="},{"iteration":125,"seed":"UKQpETRDBJYTpu7hiOtO8N4N0n+aMXPotNl9aeKGSuQ="},{"iteration":127,"seed":"mVcprFUJmNlsuUiZq4qFgU/3Qfatc2r1i52ekM5iPtY="},{"iteration":129,"seed":"k1Xug0s1ZkIf2vMtaoc57JLb6zq0CwcTayInXx5ytH8="},{"iteration":131,"seed":"vQWQWnkzl2ujP00FTB2373DaPVmkU2QDCA844fJUrs4="},{"iteration":133,"seed":"7sMLlkoxN2/ZQbli38bOIggRUFIhpwd0HWlsyy30XdY="},{"iteration":135,"seed":"QdEgv/TOSIfg9d13eVN6knFCGfWkG1Mz+EdkXcb0NvU="},{"iteration":137,"seed":"VfJOztMuFGn56nAhaeZBLbH+5WEgNOYusZp3VUuxHMo="},{"iteration":139,"seed":"py5P02b8gGxxTizmouJG/jneOEPhOnrKd8ta48/HGtA="},{"iteration":141,"seed":"BSxecDkbGld4YtfZbKyGLhz11RS4QzGDhEPGmat+5Y0="},{"iteration":143,"seed":"oEO1uTlXup3NCa+WF9FsoF3UW512VpiMiveHMHNyulw="},{"iteration":145,"seed":"YWj/+qjl5ej08a9vAZWYF+4Vso2lK7rYeVx/GGbhrUU="},{"iteration":147,"seed":"pZ4lwBD0KSF6QvuHTCshyDBjm+gIyLwTG+6txD6gFKw="},{"iteration":149,"seed":"Y1UGC10hDPYQOMZ3klFkMAOcle+ccVcoNJyhi7A9hpU="},{"iteration":151,"seed":"ii2qwSaRCFot3yB3zxmYONNcjibtbQT6eME+oqYspP4="},{"iteration":153,"seed":"EVge6bCmKrF23Fou8jj+REDR+NB4qwi/ial+ozAwJxQ="},{"iteration":155,"seed":"j6H6n4lz1RzsYRpBwSSKlJA5+bmL9UyW47MhsiHxl4c="},{"iteration":157,"seed":"Ad9RE7+lzkTGUWz/gWk/ef6GHXwnN2w9zZ6p28seBM8="},{"iteration":159,"seed":"0yqW0vXoWWoHQgwcYRlfNj+r7SxcRAMfS6Hzji+YHhY="},{"iteration":161,"seed":"nLcufvpB/lH+74UUhGaFclF/pQJD4Kq7a/Wif9uPZsQ="},{"iteration":163,"seed":"2FDK1c4eqOshuq1FqX3Du+pRfX3+f16bnhS/X1VqEoY="},{"iteration":165,"seed":"BQIpbiEOiuefsb6gaZcrMJKLWe58a57p4p+j6zIlecc="},{"iteration":167,"seed":"aEw8z1ZeL02pIWbsin9Ite9wVcHnv171tdak8qI1k6s="},{"iteration":169,"seed":"nj6ZyLO37sVYCnNmnRZNQFcsAlg9doPKuc3kT+ZNyUY="},{"iteration":171,"seed":"94+rA0k5UNOn3B1yio5boxLMPtq+fyMhMqVPXl8KnBs="},{"iteration":173,"seed":"TRJqcUQ4rmVxJVutGXn3RQwx+sYuQ9wDCHi3yH7YwZU="},{"iteration":175,"seed":"hZcDbe5soxVFbHSHta/Ggha5DfTTtlAnC/K/pIpfOVQ="},{"iteration":177,"seed":"+RiuQZlz9YRkj2c9GmaPhgAezbg6At6exeJPnKS9uww="},{"iteration":179,"seed":"5C3RnaMWa6tvGJmspAn1GUufICFBhDL3mQlyyTEf5RA="},{"iteration":181,"seed":"DvIdDwQXHXXzPuxDiKN+n0nqTMkYRLSOMjHco2m9hsQ="},{"iteration":183,"seed":"ZP6Deeg+I9j1ZScbf6+eH6aT2YxqKR9Tecz6NUoJ5HE="},{"iteration":185,"seed":"6yvbQ+JY03ic4k0UuQvaxzfeUHWGBUUKDms3HhdLrkM="},{"iteration":187,"seed":"Y+pb/+Llw+yo9tiEkNP7nvhu9l7hyiFnrvb1YC8zRic="},{"iteration":189,"seed":"HoNcdX0B29StM0RRL15BFhQG3W3Rg4ccie7e8XAVuKk="},{"iteration":191,"seed":"aTRdGZNx/ih6WDmZ0Sl4CPOnVdQrBtXa/NAtb6xBneI="},{"iteration":193,"seed":"M/cudkHGGRw4T2EjV/nq6YBM/cpu9t0cXPQj0aLgQHA="},{"iteration":195,"seed":"guNlEWs6k3p1iyz5EL8OPjzhGg+vL2n9AIvJx2GfhUk="},{"iteration":197,"seed":"jlyGGYvPHZ5PNwLwJ1NaJBcFvIzQ7MckJ9wG0ft3Oiw="},{"iteration":199,"seed":"30qQlgmzC+hUZmKpzJZzxwEX97P/CKuQnTpRJduED44="},{"iteration":201,"seed":"J+UiTl7Z1TosgHJJ3j57sEX3XbOU/LoFBL+eXCuD/UQ="},{"iteration":203,"seed":"9+idrOJ6vhfIkv2FHOvcH7+XfwsFulwfwUufFkGa5UM="},{"iteration":205,"seed":"RrJH8bGFyQz9vhVXvoOulfnLs+ou3hXAY2GXJh9eDZI="},{"iteration":207,"seed":"shP1h62TtVogqol2DQXeLkIoZXnbO9aoUvnjxSP9Ktc="},{"iteration":209,"seed":"HqXbUDOlq36ztLJmtRJPmJI7j8Lf9H6Z2xp7z8T6cyg="},{"iteration":211,"seed":"uTmacZbJkG9A4HvAjuvufTVnvGSX/piG8dzcZzpyemk="},{"iteration":213,"seed":"pXa5ckGYOVBfed4faRgfRzo0w+5nEvH6dv8MTAxtxK0="},{"iteration":215,"seed":"9Os/CkYU0fRh8/wsBohaLUsl/glKwVoc5+lfbsbwogU="},{"iteration":217,"seed":"kcYoCutPhlWVhwJcQjo9aAPyDIO/kOyJh24Bh1Gq0ks="},{"iteration":219,"seed":"+dQXIlGFSBBlFl2nteWo9tCIGZTS499Z/+hCLxQB4Pw="},{"iteration":221,"seed":"8ZlrWHrpJsNF7F36LgKA21Tt3MBEeO0p5g7jRVvNTjk="},{"iteration":223,"seed":"UJL3Khl06wTzWvMKkZ0+Nvh4NqJMSdeTw94b4mKitXk="},{"iteration":225,"seed":"oDnjmFFMcb0WksRGqwgIieqzsqGafPQz5pOH+ZTiVyI="},{"iteration":227,"seed":"ke/VaGLNU851qPNahlJ7WEAgZyJukog0mfINDpLH0E0="},{"iteration":229,"seed":"W3rC7MZRZKy6PvcPcbemiRHE6DMzabUluMZuOvyjBIQ="},{"iteration":231,"seed":"+BzL9kd5OQTyszFNpXwo6LWGe05b7iOo8piP+rdVJGU="},{"iteration":233,"seed":"71eEWcmhOV27s7aU4Mvgv3PPJKj4/LIryKSDoc/mOiA="},{"iteration":235,"seed":"0W52HdmpANDy+UjO9R3AgSXKoIVXiOMW8JtmFlySJVs="},{"iteration":237,"seed":"pDj37u220nUa40PkOSKl5h6L6cvc9CfFPPQABxNbGJM="},{"iteration":239,"seed":"F1IpYS1kHOLXw6hGFt2YdNX6OUalNVFAe6DaZBwUQPo="},{"iteration":241,"seed":"K/VkrHtEtngHJ1SDONEroR21WjYipSXRe/EgU7o47j4="},{"iteration":243,"seed":"1klnsopvTdpUHN43+lSLDMlqONGI6s8wWRx1IUM30Z4="},{"iteration":245,"seed":"/gd9rtwMyQwclpAe1vrMobdNP/UbOD0a52CRplyrcCk="},{"iteration":247,"seed":"E88gawdZ/G6bqoigaRSn3QgJWmLS4witVggCA0JjzYU="},{"iteration":249,"seed":"B0hinnN5QMLvzcW8utqP+xwttYvTgPrCqIUmG6QzEZI="},{"iteration":251,"seed":"wIfS5qHG82slMVuYAJF96ksjqvFJ6qHbU/UTHF++doQ="},{"iteration":253,"seed":"S/f3+dLeaebKWx0TENvTh9WVQHbyElWnboAVYbhP86I="},{"iteration":255,"seed":"EV+yCSdlscT//BzLEjUpy4fBVl088Fz6/87YU56eNXY="},{"iteration":257,"seed":"sebPBBC/si0n+XS6tB69HYH3eeAGx8AyVyIdh8OhHuM="},{"iteration":259,"seed":"GLzMQj4amBvIeF8YQ1kI3R0pmU9hMK1eOEIy5PuDEFE="},{"iteration":261,"seed":"GlxOcSfG3g1ONW3m36FvPgpaIsdKZRCFxZ+b3/6vDSs="},{"iteration":263,"seed":"H8R83aaw7/osYBOCR97IhAMmbgC5f+K/MRcrEqO2wEc="},{"iteration":265,"seed":"NBpx2JAtBmsS4revTd9+6vX8zbH9B+1YXOQFrjs3d3Q="},{"iteration":267,"seed":"KscYOHs7fNr+2EkMsHxhosJZMfsEU8V+gCVjFy7iUzw="},{"iteration":269,"seed":"0MtM7DTbMo+M1T8ECFy/O1TrqslUjfcHdKeLZD25R3c="},{"iteration":271,"seed":"iK/DsKWs5ECWgMnB9GSfIFr0sgRsRAf/ixvxCZblq44="},{"iteration":273,"seed":"oqmoUqFICSTi2Ngv7S9DRIRouSIsswh1YbhRXZfc7Qs="},{"iteration":275,"seed":"npB81xnZCw87X5O5nFqKfh06GGpJs3pqfULpoVsXg+A="},{"iteration":277,"seed":"DoN4vFBTyfIvSh4RcyhZZbSszeYXUiW+HOdcAx6u094="},{"iteration":279,"seed":"dcJlHa75k7eIYG17uoRUR/aRaD0BlSnJV8iRqWtXcwc="},{"iteration":281,"seed":"RE232du7LMnz9CQom/I1aGgKvPoXK7KUnzXa5zM7jpM="},{"iteration":283,"seed":"oSasaBsEeqS5G/o+tSWL6+nwQl6NfAzmG4sis/102CM="},{"iteration":285,"seed":"q8VeM3L2KB94fsMdAwAYqJREbj8+V9b8viMMe2bTXoY="},{"iteration":287,"seed":"K47sOtEAlsmdIG4frR5hMo2O/M/wwsIQXayeK+JJaHk="},{"iteration":289,"seed":"iWb//qg1Hy74vdPe+IYc3H1MAX3DTTO8qgmKe/g170A="},{"iteration":291,"seed":"Td0W7+FmEv+jSjZcfrAFrN+WVk4IRKM2zk6MDe5yOLc="},{"iteration":293,"seed":"AANt0OIMK+msPb4Vfh06dBtbHRWxDgAgUESWlciwm8c="},{"iteration":295,"seed":"DRSqUUNQxmWz2iTBqtkFUVk+Qtq4g02zJePewpuoabA="},{},{},{},{},{},{},{},{},{},{},{},{},{},{},{},{},{},{},{},{},{},{},{},{},{},{},{},{},{},{},{},{},{},{},{},{},{},{},{},{},{},{},{},{},{},{},{},{},{},{},{},{},{},{},{},{},{},{},{},{},{},{},{},{},{},{},{},{},{},{},{},{},{},{},{},{},{},{},{},{},{},{},{},{},{},{},{},{},{},{},{},{},{},{},{},{},{},{},{},{},{},{},{},{},{},{},{},{},{},{},{},{},{},{},{},{},{},{},{},{},{},{},{},{},{},{},{},{},{},{},{},{},{},{},{},{},{},{},{},{},{},{},{},{},{},{},{},{},{},{},{},{},{},{},{},{},{},{},{},{},{},{},{},{},{},{},{},{},{},{},{},{},{},{},{},{},{},{},{},{},{},{},{},{},{},{},{},{},{},{},{},{},{},{},{},{},{},{},{},{},{},{},{},{},{},{},{},{},{},{},{},{},{},{},{},{},{},{},{},{},{},{},{},{},{},{},{},{},{},{},{},{},{},{},{},{},{},{},{},{},{},{},{},{},{},{},{},{},{},{},{},{},{},{},{},{},{},{},{},{},{},{},{},{},{},{},{},{},{},{},{},{},{},{},{},{},{},{},{},{},{},{},{},{},{},{},{},{},{},{},{},{},{},{},{},{},{},{},{},{},{},{},{},{},{},{},{},{},{},{},{},{},{},{},{},{},{},{},{},{},{},{},{},{},{},{},{},{},{},{},{},{},{},{},{},{},{},{},{},{},{},{},{},{},{},{},{},{},{},{},{},{},{},{},{},{},{},{},{},{},{},{},{},{},{},{},{},{},{},{},{},{},{},{},{},{},{},{},{},{},{},{},{},{},{},{},{},{},{},{},{},{},{},{},{},{},{},{},{},{},{},{},{},{},{},{},{},{},{},{},{},{},{},{},{},{},{},{},{},{},{},{},{},{},{},{},{},{},{},{},{},{},{},{},{},{},{},{},{},{},{},{},{},{},{},{},{},{},{},{},{},{},{},{},{},{},{},{},{},{},{},{},{},{},{},{},{},{},{},{},{},{},{},{},{},{},{},{},{},{},{},{},{},{},{},{},{},{},{},{},{},{},{},{},{},{},{},{},{},{},{},{},{},{},{},{},{},{},{},{},{},{},{},{},{},{},{},{},{},{},{},{},{},{},{},{},{},{},{},{},{},{},{},{},{},{},{},{},{},{},{},{},{},{},{},{},{},{},{},{},{},{},{},{},{},{},{},{},{},{},{},{},{},{},{},{},{},{},{},{},{},{},{},{},{},{},{},{},{},{},{},{},{},{},{},{},{},{},{},{},{},{},{},{},{},{},{},{},{},{},{},{},{},{},{},{},{},{},{},{},{},{},{},{},{},{},{},{},{},{},{},{},{},{},{},{},{},{},{},{},{},{},{},{},{},{},{},{},{},{},{},{},{},{},{},{},{},{},{},{},{},{},{},{},{},{},{},{},{},{},{},{},{},{},{},{},{},{},{},{},{},{},{},{},{},{},{},{},{},{},{},{},{},{},{},{},{},{},{},{},{},{},{},{},{},{},{},{},{},{},{},{},{},{},{},{},{},{},{},{},{},{},{},{},{},{},{},{},{},{},{},{},{},{},{},{},{},{},{},{},{},{},{},{},{},{},{},{},{},{},{},{},{},{},{},{},{},{},{},{},{},{},{},{},{},{},{},{},{},{},{},{},{},{},{},{},{},{},{},{},{},{},{},{},{},{},{},{},{},{},{},{},{},{},{},{},{},{},{},{},{}]}]