[{"senderKeyId":1988582675,"senderChainKey":{"iteration":367,"seed":"2ujKVl7kGOp/tSBMJ6qB3BAUCZjD6YZ2mCDK3EjRR3U="},"senderSigningKey":{"public":"BdfL3rZ0Jk2cKbO97GdQp/SPgAw7YGlsdIqEsxpwLQQm","private":"CMQfIHBWRhXVzNGfdL3aYQ1UjaSkWP/9qa6XjeCNeHA="},"senderMessageKeys":[{"iteration":1,"seed":"Y9J3EGvl4zTzF52iy9WtWLMDb2Y02/ILmd6LL2d1Ywo="},{"iteration":3,"seed":"gaj5n4l8RxgGxPJYd8qSEtPFSZS3tLyH0pKmm0TiN6w="},{"iteration":5,"seed":"XzxvprqdzRiB4BU7dFyxhCn6AwMeaYGYe5R4p7GCVmY="},{"iteration":7,"seed":"Yv5N5T13qWgHeFU6UhMp3wCr914KMCv9GWp21guYevI="},{"iteration":9,"seed":"afix1eaMcoCkJAoY+fM979Te807XYkbbB5BHK3QVK0c="},{"iteration":11,"seed":"ODLIn04c04djQ6fFHKwgTW6eCw1udwjRjvQIvjSPeoM="},{"iteration":13,"seed":"CYh1FytujUVuej98QXg8G3yPugiLY19EB9/Rp2fB9ZE="},{"iteration":15,"seed":"LFVVIZtHTTqF8TX23qhfL5hMKpClcQZfwwtSzhjdsGc="},{"iteration":17,"seed":"S029Z0D/l7Z2YFERGNMwqf74A/TPht0vuCcmkADPAfU="},{"iteration":19,"seed":"172uzDg+n0FNFNIwDmyqrUIhXVFzKW4qmDsOFf2Je08="},{"iteration":21,"seed":"7BvUjOYAPC3HxwniJk7b92H4iMHyLGMVg52QJ0GDCIw="},{"iteration":23,"seed":"vnxtfgYP/5e8kXtkcIofRktSBpxu9qxlavQRdOMuBZg="},{"iteration":25,"seed":"M1JtnUvWmefQyqLg7IyV9O5eDZs5cox3mM/4qX09nJk="},{"iteration":27,"seed":"kiKclpsrGLu4TS7PpJNnT8Oz1IX2aNnxiX5mapKONxY="},{"iteration":29,"seed":"3T3FsK3+QQn4VeGtSxtY5nv1jCBc4W1v9GBsyI7SZzU="},{"iteration":31,"seed":"VCJPHayQ9d58K0RmfxIWlqeMPa7A1tD2n645ELqpi9I="},{"iteration":33,"seed":"H/DAxm2yjvykbjmauPQgfOXIAIxCZsTRILiDZCyQ1pI="},{"iteration":35,"seed":"FP51m5DEGp1eSkzghnkT/8VFr5FJ9V8Fnyo7pUAEKu0="},{"iteration":37,"seed":"17zocdnW8yPvN1ylCge4Rr/1k3D7qCTBNSE1yChZLDQ="},{"iteration":39,"seed":"vh5bzapGwBPMwjgEQ/UkV/RRqsRNkS+uNg7OXh7XRMM="},{"iteration":41,"seed":"+NplqV6jap6acJVyPl2T5nNqPjM8VffnYsFPEQG6RYc="},{"iteration":43,"seed":"qVZCvS9p7qG53wuzGuR6CWPmZ9rZHcUOAxjGCEnOj+M="},{"iteration":45,"seed":"pajoGhELwca4SxFzgaKqxD3yyH9Wt+UC7MAIzi2IDWI="},{"iteration":47,"seed":"aks0VqvNd7B1RLfghnMOxjAwp6moNGquREgqwlrGJvU="},{"iteration":49,"seed":"qJwsFLiZvt9zCiZqazdEBnZZRvNWlMQSra0rY5IE/rg="},{"iteration":51,"seed":"jKRbucmeMsQmpDDyOJIIQEgBnWkE0Uq1bJBlboMiRMw="},{"iteration":53,"seed":"FFfQWXbYOzSJZfmWbiMVxHXhxlbYDrX6Xpg+ZMYMfAk="},{"iteration":55,"seed":"csmkOp14AwDe35Ms6QvP3FWOaGGTjVxJDq96ufSJtcU="},{"iteration":57,"seed":"PAGA/cgWX6VoSufDJz0f4dLpNoN4oXh56dEKzVfklpQ="},{"iteration":59,"seed":"l9pDLK/oJj0rsgRKVGHN6zhsT7vWt9xQnMd+/6wGmHA="},{"iteration":61,"seed":"65/byg9YWgofrd7JK1r8+lQrYlNZbHgCuH+ZY/dJKtM="},{"iteration":63,"seed":"BjQ30XIZ/Upp5JF+j91m3T36RTb0WjvHpWSzC7yd0vk="},{},{},{},{},{},{},{},{},{},{},{},{},{},{},{},{},{},{},{},{},{},{},{},{},{},{},{},{},{},{},{},{},{},{},{},{},{},{},{},{},{},{},{},{},{},{},{},{},{},{},{},{},{},{},{},{},{},{},{},{},{},{},{},{},{},{},{},{},{},{},{},{},{},{},{},{},{},{},{},{},{},{},{},{},{},{},{},{},{},{},{},{},{},{},{},{},{},{},{},{},{},{},{},{},{},{},{},{},{},{},{},{},{},{},{},{},{},{},{},{},{},{},{},{},{},{},{},{},{},{},{},{},{},{},{},{},{},{},{},{},{},{},{},{},{},{},{},{},{},{},{}]}]