[{"senderKeyId":1584817711,"senderChainKey":{"iteration":11,"seed":"eA5aaGTNLrAujmwQmMg3RhLoDV0NT1JKWJVAMzKjr1o="},"senderSigningKey":{"public":"Be+ndR4Pq3rvYmgRR5mV+aCI28JGC/XIEQt1BQw7wO9x"},"senderMessageKeys":[]},{"senderKeyId":901976306,"senderChainKey":{"iteration":1,"seed":"UGA+UA3VCspglDpEJO3S6BMawjlpeO0ekRB2dTjSUks="},"senderSigningKey":{"public":"Be82l++ksZViMtQsfhL4/CG6kj/0yItRScVezrrpUekl"},"senderMessageKeys":[]},{"senderKeyId":1085729924,"senderChainKey":{"iteration":5,"seed":"WQBg1OEZ4QbQPCLjqqDF/i9W4ni7Al/OB/LN6ljTJ8Q="},"senderSigningKey":{"public":"BY7vw9a7KLb4hOS7piuzNYCFqgzc7Pd1r5+k/GdJkidl"}}]