[{"senderKeyId":1998291577,"senderChainKey":{"iteration":60,"seed":"RyVsBJHftLRunFc4m5wp4F/oUchiePgM9PjMV/59yWI="},"senderSigningKey":{"public":"BXwp1z3ZbcNh1n/LZEtfGkznhoksDbrFwtFNq/L8iJI3"},"senderMessageKeys":[]},{"senderKeyId":91690870,"senderChainKey":{"iteration":22,"seed":"ufxPkSnKFPYRrxnHSDTCkpGYypMu+RdxVD+6MShA06Q="},"senderSigningKey":{"public":"BeJvfq20jc5+EBk3Ip1o71sB8wIDVfj6Ap/rvW3vtW0r"},"senderMessageKeys":[]},{"senderKeyId":91690870,"senderChainKey":{"iteration":11,"seed":"d3WaY9kR45OEbKNqUPmfWkbBONAff5mQ5L162ypaKnM="},"senderSigningKey":{"public":"BeJvfq20jc5+EBk3Ip1o71sB8wIDVfj6Ap/rvW3vtW0r"},"senderMessageKeys":[]},{"senderKeyId":151072037,"senderChainKey":{"iteration":16,"seed":"1wsjV1ifdq53zPoPSbNGNXK51JyHUs7AbVAXtxGoVR0="},"senderSigningKey":{"public":"BSiSRIkYm8d/EQmWfoQAY9XGIJOS5R+EMpVSbNa1qVog"},"senderMessageKeys":[]},{"senderKeyId":1114858226,"senderChainKey":{"iteration":5,"seed":"qt6OZc4cTNsWR4T3EsViGDhG3ge/aVzyRxvzTH+cn7M="},"senderSigningKey":{"public":"BTLvCMxZOOl95spNavbvmnrBCxbiGWnrK/mXNn2+lCRG"},"senderMessageKeys":[]}]