[{"senderKeyId":44115931,"senderChainKey":{"iteration":29,"seed":"mf1oo2DMrmWCvxSqjCIod4Ob6snxCSv3Dsks9FCZaZ8="},"senderSigningKey":{"public":"BakiOIk2QfAA6PFiZzMO7Dl4cdlzK34ZN+T19pDhRskv"},"senderMessageKeys":[{},{}]},{"senderKeyId":44115931,"senderChainKey":{"iteration":14,"seed":"O8MvYyY+JiRTOCuogBkWSUa6il7CSo5c95jya/bemqM="},"senderSigningKey":{"public":"BakiOIk2QfAA6PFiZzMO7Dl4cdlzK34ZN+T19pDhRskv"},"senderMessageKeys":[]},{"senderKeyId":44115931,"senderChainKey":{"iteration":16,"seed":"p4hnxLcT0lczWQvlmybEf3YHsfvsXK4sHPt3kF6lccw="},"senderSigningKey":{"public":"BakiOIk2QfAA6PFiZzMO7Dl4cdlzK34ZN+T19pDhRskv"}}]