[{"senderKeyId":650841436,"senderChainKey":{"iteration":219,"seed":"rkc36ASOHIWe1SWTk0McGom5QYOYznoAZyQdQj2DHww="},"senderSigningKey":{"public":"BczD7B2sXi+YJt7+4K0b/KW2j6V0XT/0FsOm6KVB0VVP"},"senderMessageKeys":[{}]},{"senderKeyId":650841436,"senderChainKey":{"iteration":202,"seed":"WxQKfn4IVWRCQuqY8QYuISLGFRpp/zojB2B2AFI0Rak="},"senderSigningKey":{"public":"BczD7B2sXi+YJt7+4K0b/KW2j6V0XT/0FsOm6KVB0VVP"},"senderMessageKeys":[]},{"senderKeyId":628068521,"senderChainKey":{"iteration":7,"seed":"MArluZAp3VQM41CVusgz/GojRz6V5eteehLzkujIQPY="},"senderSigningKey":{"public":"BfLGNjxP3gX2+rY7gHhC0P7RRpqId3j1F44v+G0ouaQl"},"senderMessageKeys":[]}]