[{"senderKeyId":415599756,"senderChainKey":{"iteration":12,"seed":"QVCG9g/R98Caf7tDC8SpcjTCdduIBmeWBwwoCW12GUM="},"senderSigningKey":{"public":"BWasRAm6FhhO0WNFpRx3LgiifuYI3AecmcxDHs2IR90I"},"senderMessageKeys":[]},{"senderKeyId":415599756,"senderChainKey":{"iteration":11,"seed":"FLYF++DyDRfaq2GIuGfEQ/pANgtMtPQY5frHWxptcG0="},"senderSigningKey":{"public":"BWasRAm6FhhO0WNFpRx3LgiifuYI3AecmcxDHs2IR90I"},"senderMessageKeys":[]},{"senderKeyId":2131116384,"senderChainKey":{"iteration":4,"seed":"8rVGFTIbgBg73+ffrvOncyo32sqoj4p/NQ//HwQvFE0="},"senderSigningKey":{"public":"BXKpp0zuYraW7Sscvh1Ya8GErqEJl2HfxFeawuTDYE06"},"senderMessageKeys":[]},{"senderKeyId":1395485100,"senderChainKey":{"iteration":1,"seed":"SI5KDb8KY+Rs7SKQbLN7ttmzklqy/yIn0p4baq/2sxM="},"senderSigningKey":{"public":"BYE+ExDrR4Hgymx9nb0uDgdwDkIT6vnKIx+HdFwMkp1g"}}]