[{"senderKeyId":291008989,"senderChainKey":{"iteration":6,"seed":"/XzOJ1Q4m8myEGt1mYlKvHu/0mV/YL1MS2Cm9/C27ms="},"senderSigningKey":{"public":"BX0is+8mnRwLM3ZtkmVEBbf6nmQLaHRrQQzSzVAhSH1m"},"senderMessageKeys":[{}]},{"senderKeyId":1669557103,"senderChainKey":{"iteration":9,"seed":"WvX180F6G3R2rlHPQruHcEWfjwQRKmiDMz5RQzEcTY4="},"senderSigningKey":{"public":"BSmiDKFb8CAgZqI7KFVJc1zSUKSb+Il2ld5x2DThTeEH"},"senderMessageKeys":[]},{"senderKeyId":1669557103,"senderChainKey":{"iteration":1,"seed":"7FzfEB7jVKu8j2UG8TwKBDQsxGIqp4EHSzbVqt0pGTE="},"senderSigningKey":{"public":"BSmiDKFb8CAgZqI7KFVJc1zSUKSb+Il2ld5x2DThTeEH"},"senderMessageKeys":[]},{"senderKeyId":588202529,"senderChainKey":{"iteration":6,"seed":"OaUDcYfVcTh6SnK/llK9RW5ACioK4hXKb9160GfQ2PU="},"senderSigningKey":{"public":"BXrjsnHKfGrqOhuemb2InpPmtstgYmcZHiip61j5fPAB"},"senderMessageKeys":[]}]