[{"senderKeyId":437672685,"senderChainKey":{"iteration":5,"seed":"jp5WfukXlwQNxQ2eaN6lMzzrwF5V8KjJro8tjDkdp2k="},"senderSigningKey":{"public":"BeqzIh7E9oQCGSeM57g6rSXQ3ykihwqbj9Rg3YBy1z8n"},"senderMessageKeys":[]},{"senderKeyId":437672685,"senderChainKey":{"iteration":6,"seed":"7mVcxj5yO1lDear8tICt30q/G0cqWSlqIT7qcnCoeMo="},"senderSigningKey":{"public":"BeqzIh7E9oQCGSeM57g6rSXQ3ykihwqbj9Rg3YBy1z8n"},"senderMessageKeys":[]},{"senderKeyId":1785443439,"senderChainKey":{"iteration":369,"seed":"t8m+pl5VIVYhgoz1dGsAjXRaNGUuKxJDP6UXM02BjaU="},"senderSigningKey":{"public":"BdIImEXpyCmEqnfz0BeLYFgvm80iGGNwu172gaXcMwxs"},"senderMessageKeys":[{},{},{},{},{},{},{},{}]},{"senderKeyId":928655378,"senderChainKey":{"iteration":2,"seed":"fcyWBj2En6D3r7L78jrXRjRWVzrnTLhhgv9v3aPdZ2Y="},"senderSigningKey":{"public":"BddIAIpKO7pFIHxlx6kOVa544+n9BuQJTADlHGyP+JpI"},"senderMessageKeys":[]},{"senderKeyId":1700175251,"senderChainKey":{"iteration":20,"seed":"tPU+wZe5INFzqZUOAYE3VwF1Mr5ALj0qEaAi8HuPiqk="},"senderSigningKey":{"public":"BTt8CXxe8616zZTEeqWzAfgwyp6ALf0cBBFZaPvpi/s6"},"senderMessageKeys":[]}]