[{"senderKeyId":2131708534,"senderChainKey":{"iteration":12,"seed":"QxecUp2WnfsD+KMW5Igpk7/U0dadOKnMLDBl/heEE5s="},"senderSigningKey":{"public":"BXXMfzDP435+KGTlIok0SxWJtEz2DfTyNpR3QF/YOp4J"},"senderMessageKeys":[]},{"senderKeyId":2131708534,"senderChainKey":{"iteration":1,"seed":"MKB0w2vLtHIz8o+up5Sw/6j0vPvL1mPM4ibqVTxm0/A="},"senderSigningKey":{"public":"BXXMfzDP435+KGTlIok0SxWJtEz2DfTyNpR3QF/YOp4J"},"senderMessageKeys":[]},{"senderKeyId":414285343,"senderChainKey":{"iteration":14,"seed":"Mba5hyqeg6jTUrCl+OnNVR9XpCnb/Zy/WuyHZVprjeU="},"senderSigningKey":{"public":"BcDBKnf8NuzoBJSZgQSPlUWDc3bZgOutT/kihb9lUrlJ"},"senderMessageKeys":[]},{"senderKeyId":414285343,"senderChainKey":{"iteration":2,"seed":"dmmpx3l3whkfJa5nnG9hPWSbBEv/U45uilFuaM2+3JM="},"senderSigningKey":{"public":"BcDBKnf8NuzoBJSZgQSPlUWDc3bZgOutT/kihb9lUrlJ"},"senderMessageKeys":[]},{"senderKeyId":1255406314,"senderChainKey":{"iteration":1,"seed":"WlR/DRUZqs/oWR9Vhkl8WPw94kK7dBjIfxLc/jcjDIM="},"senderSigningKey":{"public":"BV06ypaFADBPucxOmMdFK9J6IApGXWcJa1RnqD+K4dMC"}}]