[{"senderKeyId":1697157506,"senderChainKey":{"iteration":2,"seed":"Zf4A4ek53mRYeKtPXQYZ4KZm4QxiT3Yy0781tN7yyyE="},"senderSigningKey":{"public":"BRk9bsKMDhFPPjX1aRRMdbrB0N4MPL4Bdck3YJswfBwv"},"senderMessageKeys":[]},{"senderKeyId":1340903967,"senderChainKey":{"iteration":2,"seed":"d1g3wPK7ZpSPCj/WKEPRbV0U6BF1GdFMD6vUQuvSHNA="},"senderSigningKey":{"public":"BVLdmLISfSGCj/vYhu4yNlXk5/CSWtPYesMB4akavMh7"},"senderMessageKeys":[]},{"senderKeyId":603328345,"senderChainKey":{"iteration":1,"seed":"SapElr0y7Xcmh7ryRdIh41Re4vDjEIBQ8Fmg7+Y7M3E="},"senderSigningKey":{"public":"BciLiMz6VqA4MKoXuNkJ9scbQySf9elBhJkOdxTWCG0h"}}]