[{"senderKeyId":425434633,"senderChainKey":{"iteration":105,"seed":"iaYMb5ttaF/oukA61/5iFxAyW6NaJr31H4OhGwbeD24="},"senderSigningKey":{"public":"BcN4lowsff9/A3oUK1UJ8PU4xdvrTkouLmYb4UAfV609"},"senderMessageKeys":[{},{},{}]},{"senderKeyId":2017678461,"senderChainKey":{"iteration":3,"seed":"qi2Jyw2mTq498uanor248Rhx5/t8SzoPB6wjvI41wxo="},"senderSigningKey":{"public":"BchK9xR3vAa1MpzQHzi15uXUDPe7//cAcwXeKPh09/Jd"},"senderMessageKeys":[{"iteration":1,"seed":"jqnxFjmmWvLS1FiA6yjLd1F0dKQgw+Fmxbc/yWh+Klc="}]}]