[{"senderKeyId":1930437313,"senderChainKey":{"iteration":2,"seed":"26Hmd9UPpp8R1n8MClMMZOmYGEp36wMYKvF1dx0iKzo="},"senderSigningKey":{"public":"BdQqkz6OBS7HxtHBocLqd8+5Hk8D6Y/Xa51QCAIbRiEm"},"senderMessageKeys":[]},{"senderKeyId":1930437313,"senderChainKey":{"iteration":1,"seed":"uEJ+9IaN+ecAvpclMaPJHbsCIRODavvhFQjRnCsGvLk="},"senderSigningKey":{"public":"BdQqkz6OBS7HxtHBocLqd8+5Hk8D6Y/Xa51QCAIbRiEm"},"senderMessageKeys":[]},{"senderKeyId":1155003710,"senderChainKey":{"iteration":1,"seed":"i1Q2RzWwxRNx4UCrY9biiY3BdPJmdZB7DzDHchtPrX4="},"senderSigningKey":{"public":"BXDxFRYXiWdZzfSamxEk/+mqkKkaEOuzCP3Y5nypBgUR"}}]