[{"senderKeyId":1294212991,"senderChainKey":{"iteration":28,"seed":"GargqxBNXmRbf9QWdkuocCvMLIYPIysZbQV1clzxn3U="},"senderSigningKey":{"public":"BWozfHTSCDQwJtlwYe7YcHkm8UTOzaWf0ugyJ1SwsH5c"},"senderMessageKeys":[]},{"senderKeyId":1294212991,"senderChainKey":{"iteration":1,"seed":"ZXTpOS12kH8xHrP53LezGm5Md5JagfXNEkd7g0K8Xzo="},"senderSigningKey":{"public":"BWozfHTSCDQwJtlwYe7YcHkm8UTOzaWf0ugyJ1SwsH5c"},"senderMessageKeys":[]},{"senderKeyId":1016498583,"senderChainKey":{"iteration":4,"seed":"M47Q1Gnuq1izerjs1X9vamC0s3mAKGotfoaSJZrnOcs="},"senderSigningKey":{"public":"BWd5ENd07lqQ3PAc56hFgYP8/y9mKFFqnNwR+GgF74EL"},"senderMessageKeys":[]}]