[{"senderKeyId":1356908026,"senderChainKey":{"iteration":16,"seed":"p7A2Y1ZXdv8rIFYeJMxCGCApocligOj8SkInYbB/mb0="},"senderSigningKey":{"public":"BYeC8HA1sgINNGaOou28GfXm8KCHlMjsMFr3oomDeTJx"},"senderMessageKeys":[]},{"senderKeyId":1235693665,"senderChainKey":{"iteration":8,"seed":"rKFnNUpckPiMGgvecCAVnQPI3sCFaC1JcaGgHuKWdpE="},"senderSigningKey":{"public":"BdQvrSX+46Gc3WDIUfK9xBtOveiCpEWUkL89BXH5REAr"},"senderMessageKeys":[]},{"senderKeyId":1728463227,"senderChainKey":{"iteration":49,"seed":"gDCe5otbgq1z6KUyY6ZjlCvWnE7Fu3EkU0Vc4phWAIQ="},"senderSigningKey":{"public":"BTjDIbojWP/Ze6UxLRF7C698xrfnVf/m5EgwL4ozXTo5"},"senderMessageKeys":[{},{}]}]