[{"senderKeyId":1579639539,"senderChainKey":{"iteration":9,"seed":"vfcFChZqsBjhRLMkFt+PQ2oXdc89qWFtPiLRfIwqFE4="},"senderSigningKey":{"public":"BRfxVz6uuky4LkCEfri0kw7MuMs3o1zSJz95KHExmnws"},"senderMessageKeys":[]},{"senderKeyId":1024808610,"senderChainKey":{"iteration":28,"seed":"T4W8ra19b0jSl7tMyJDwrkqGPFTDl3SF+h16aUuOGw0="},"senderSigningKey":{"public":"Bc4P8hZyUNpo+uJbZSd//rYhNjPEw37YhBumRFqLaNEp"},"senderMessageKeys":[]},{"senderKeyId":1146894099,"senderChainKey":{"iteration":36,"seed":"NM9xSxWyqoQ7lvmVSzApddW/OiqbyCBL7SSdxRrpasY="},"senderSigningKey":{"public":"BTdYgT43HuFq5qoVdO6F0NJG+5Xz6h/QX0SFO8zuLHRl"},"senderMessageKeys":[]},{"senderKeyId":641506524,"senderChainKey":{"iteration":5,"seed":"zwBOCd9wn73eR0gFxoRbv9RBtl9Tu6ZojQbHgFKNbaA="},"senderSigningKey":{"public":"BQyhcckBGT+kwxFnDI5snIOKk/YHABMXTTGJ1YyyMpUB"}}]