[{"senderKeyId":820408804,"senderChainKey":{"iteration":49,"seed":"0O7kAKGksXzGCOF5nBm6/xZ1Vv9UsfJX1I9yHj97/jw="},"senderSigningKey":{"public":"BWpmgY48rz9r90MpT03a00rlIbLJS77W9oXeqlun8Upp"},"senderMessageKeys":[{}]},{"senderKeyId":1598917039,"senderChainKey":{"iteration":80,"seed":"bIxfYQbqOyELUtVd114yAXJ+yFuXPzuIBmfPn6c/5dc="},"senderSigningKey":{"public":"Bcj7J6HhET9joBFKTHLUWRKsR7S2lDDDHt+P6fXu21pe"},"senderMessageKeys":[{"iteration":2,"seed":"hJY7Fi5w0UM6nt2YrhxweYZGo9YPUqg0S7k+qUderUA="},{"iteration":3,"seed":"RhDY6TpwPCD7GPZW3eZQnkfUlxk3sHFBz83Ct1CmOf0="},{"iteration":8,"seed":"34/xY+yWjhVAqhuIhRIfGmCvjlGQayF99VeY4CrPAB0="},{"iteration":9,"seed":"e4955TxUHGWUySroPATl+rhf1ZpkDaqPtG1LwUZUYPA="},{"iteration":11,"seed":"IJ3vnQ3rA5dC9MWohWGAAiwR8Ea+B8IUG0PStOu852Y="},{"iteration":13,"seed":"Ps5cSajSAHaiQWJ3r7mvHia6w5UyXdk0zmsK/GeWa6I="},{},{},{},{},{},{},{},{},{},{},{},{},{},{},{},{},{},{},{},{},{},{},{},{},{},{},{}]}]