[{"senderKeyId":195405708,"senderChainKey":{"iteration":18,"seed":"RH059BV/Swx2deCUIIkrGhoYn7Jhe092IPrzUk4fTkQ="},"senderSigningKey":{"public":"BTpnpxOj4k4+If8k83aKyezrsStX7sdxtq0ayS+VdS4S"},"senderMessageKeys":[]},{"senderKeyId":640255038,"senderChainKey":{"iteration":8,"seed":"Z8jhjIZi7R4cMgTjW0DzAo8KbslHXiTGPvZxnKfdeE0="},"senderSigningKey":{"public":"BfYiYxmSLJFqPV6qTqhAY6+ZFFCQWZvc8FfwhNDFLV0w"},"senderMessageKeys":[]},{"senderKeyId":640255038,"senderChainKey":{"iteration":2,"seed":"asxPyiK3TadsryKe6zX3xmz+UXCeEv35eo/Nq5hjgTE="},"senderSigningKey":{"public":"BfYiYxmSLJFqPV6qTqhAY6+ZFFCQWZvc8FfwhNDFLV0w"},"senderMessageKeys":[]},{"senderKeyId":1624803892,"senderChainKey":{"iteration":8,"seed":"fi50rot/llef5z+nZ0Gial6t9BZ9zd1AcRNP+Ymif6I="},"senderSigningKey":{"public":"BWoQLg9QQ1B0fcrs35m2g69FcdgkdIVymYYu8pxwvE84"},"senderMessageKeys":[]}]