[{"senderKeyId":322161470,"senderChainKey":{"iteration":9,"seed":"TSxuBRMNB6vcNx+OjZ5wSngMrQ53BxAu27jf4/2Qs0s="},"senderSigningKey":{"public":"BcCuv9P/TD91fpAnvPulzIyMZzxMXh+QuB83qtKKVSYH"},"senderMessageKeys":[]},{"senderKeyId":1978249635,"senderChainKey":{"iteration":11,"seed":"9eGdJUUekpszv1vygrdPa8Pr19dq5jTspZ5fWNnn78U="},"senderSigningKey":{"public":"BWub/dW228z3GdOPc/yqcdY0iftO3hHExH7p+MZ/aF8N"},"senderMessageKeys":[{"iteration":0,"seed":"lL8BzNw0xOgtdhtAMs9PazYZ2DrxOe0rADyvCjwkKk8="}]},{"senderKeyId":1986311548,"senderChainKey":{"iteration":3,"seed":"jMJynA9wOWOJ6FI2H/5rTr7QrTNfnhicqEdJUVm0gl0="},"senderSigningKey":{"public":"BSkDIzP23Tns8rYonjEQzpa3yVcaaQVcPn3jKHW7cII0"},"senderMessageKeys":[{"iteration":0,"seed":"u87xpGfq1ewKfmqPauVOQ5t9jSZp9n4IeXqgFGWQgow="}]}]