[{"senderKeyId":2112249221,"senderChainKey":{"iteration":2,"seed":"M0gGNVmgWtFNbdHhOgf6SHF9Yboi+VslNkJe+vg3i4s="},"senderSigningKey":{"public":"BbpV1pT6gtt5re31Bh5JRcGRC33980JcqXGEcPHQobVz"},"senderMessageKeys":[]},{"senderKeyId":2112249221,"senderChainKey":{"iteration":3,"seed":"hIQOjVZzuDR6nCsQq6uiVN85V8iWID3qZEMIgC61Mdc="},"senderSigningKey":{"public":"BbpV1pT6gtt5re31Bh5JRcGRC33980JcqXGEcPHQobVz"},"senderMessageKeys":[]},{"senderKeyId":1613758129,"senderChainKey":{"iteration":118,"seed":"7BJouSG+zwNhgvcqaL+tMQoLlpBTTFbILD6qAQaHsz0="},"senderSigningKey":{"public":"BbyDI3Rm/z4jftpLhp6EBZrVdtulIGJ/yH48aHva+D4y"},"senderMessageKeys":[{},{}]},{"senderKeyId":1240502506,"senderChainKey":{"iteration":2,"seed":"l6VWa0s+2+WgNGFFoXm+OgObZYr89pl8mVbzzttaL1M="},"senderSigningKey":{"public":"BZJxJ8F/oNDRr/Sb1ifgAsOZOLfId9oHTQZrRbzxUz5u"},"senderMessageKeys":[]},{"senderKeyId":1256424203,"senderChainKey":{"iteration":6,"seed":"JE7zGfQrsYML7tGcwKBrro+N6wZlca331CapdFQ8Eo0="},"senderSigningKey":{"public":"BUfEXmyUE7urB8Phra4aPqXLlMrtIxQ0LicH3LHYHTU8"},"senderMessageKeys":[]}]