[{"senderKeyId":907171677,"senderChainKey":{"iteration":0,"seed":"jqRVXefBiqlZ2x5HVnotI9JcShpfPlXIbbKER9o7ia8="},"senderSigningKey":{"public":"BTmo/pjwwGlnUMiPMsUO0XYlPmT1rjsiu9KgD5ER0a92"},"senderMessageKeys":[]},{"senderKeyId":2010023055,"senderChainKey":{"iteration":13,"seed":"pYpL1jTxr0X/2IB3odggYFhCy2jV0MmVvFANDPRaM64="},"senderSigningKey":{"public":"BYvKJ5sSaXD8xHvlbjgOMXVeVtxVZ15mg+wBdDTlrsNU"},"senderMessageKeys":[]},{"senderKeyId":1428896589,"senderChainKey":{"iteration":2,"seed":"C8ZsjB/gcl3XuX7sKb5PWU1BAALEI20Y/HnGDn7K4AQ="},"senderSigningKey":{"public":"BX3YatYBvLbD1Z1Kdjq31NIh9jV38LTuudh5sIODXnMH"}}]