[{"senderKeyId":793846481,"senderChainKey":{"iteration":21,"seed":"sdCEneVp2qptnOhB+W9icTIMkjIRPebK+UK6Qp/LySs="},"senderSigningKey":{"public":"BXqq0K2idvK5BRnKDOrxaCl79RLlQlXlUHzO0PEV0u0N"},"senderMessageKeys":[]},{"senderKeyId":925949354,"senderChainKey":{"iteration":13,"seed":"C4xGc1AflKPnErwQ5IN2r0yUr2oEyUguIoWt2lNid5c="},"senderSigningKey":{"public":"BWOtTwzP3YbkY4B4yyfJ0by2Bgi0BLVjIjpKBNz0UxZt"},"senderMessageKeys":[]},{"senderKeyId":1970841828,"senderChainKey":{"iteration":28,"seed":"RozueWc03+FpfWG2cZrwoTlyvu26q6bZgbah59ilXfc="},"senderSigningKey":{"public":"Bb5yOenAxlkw4quuiFQlYH4U+UWfUUEPJPO9+J5mBvx6"},"senderMessageKeys":[{"iteration":11,"seed":"ZW5w5rvSZODdLpWk85jkFsqt17TqeefjTXr0c47dfRU="},{"iteration":19,"seed":"bO/nlUKQejVxRf56brE9TTIIva2GJteKuIW8VE2yznI="},{"iteration":23,"seed":"ewk0sqkpI6ZjG6pbldW0hlzw8tZG6DEPVckX+uZ2SJQ="}]}]