[{"senderKeyId":1208148838,"senderChainKey":{"iteration":469,"seed":"/Vhn8iWemuLyXKIuj+8EGI8Y1wvF3RkVtwZaJGfJ9xY="},"senderSigningKey":{"public":"BUWTtto9M8/Hm50Fr3GFz6Ci2V+TG3nih1q2wwEl2JQz","private":"WEQSJ0a9jLEzWMvAwTTWa7FhdnOSjN8FjnpZ5UapwlI="},"senderMessageKeys":[{"iteration":1,"seed":"/b3/PQdYFcfw7VYfWfWRoGse+9UsdONc1Wi+2h39i7E="},{"iteration":3,"seed":"u3Mh4e6n629gCNtku1gT3g/Nr1k/e0objD4FpyqnlbM="},{"iteration":5,"seed":"fVsQAfWxn2sv231ovqkK/dvZZLotxkWy3bzvOQfA7kk="},{"iteration":7,"seed":"VT9QpCOUAzqFVOCsOsnQp4cXLULMJQm9u8lNrgd/+LA="},{"iteration":9,"seed":"UfGLOOtDDtqQxwxQOWLFGn2fvX/wxmhFvtmP505cfZc="},{"iteration":11,"seed":"wFtd1zN6nZKiYxgmF9PdlpF4JLmjEix07Y8hNvtDsM0="},{"iteration":13,"seed":"ObHsZNV7j7F99Qs++gufJo2uoabfOqb9zGRPXV3Pm6A="},{"iteration":15,"seed":"KZJLH1HQVLXN2tK/yLUjAjusEBZ7gIj5QyBNtsmA7Fs="},{"iteration":17,"seed":"rg0KVjagOrUBfDd8txbeamXc1LonQRUMY1W0aBTyMU0="},{"iteration":19,"seed":"f0A57BB70IgFvAewDncmZE7CL2uRVwDfo8YvAz+RASQ="},{"iteration":21,"seed":"F/uPicEJBAdv4bavcevWyzE0G0qHnyH5S5uPWIDNvbE="},{"iteration":23,"seed":"Wj9ZTkWPTs5FzJjLkGAkttrES1ySvGcwKhBc0hS6F/w="},{"iteration":25,"seed":"/3LG2GrHSTHWqLWmCBjBU//gMlhi8Tfa3CopAZwf9vk="},{"iteration":27,"seed":"JzJ9xGe9fsKkWeMJZf2VMj15iJQRc8u72B4gWhpurQg="},{"iteration":29,"seed":"D1KZiQB+As8W63eQlkwqd4ITBjhcXnmvr+a60fEZHZg="},{"iteration":31,"seed":"ienXhh6rKH3aowUATeV4supARYVWnOQux55STEXcN0Q="},{"iteration":33,"seed":"NVwQ46ISRxOfXNxnwSD9o/zg6FnxxfoI5m5jskcJbHY="},{"iteration":35,"seed":"OXQFX7DdAYf2mEi2g5laxvToYlVGH2luk6dXHQvKhpo="},{"iteration":37,"seed":"Q/nq5D/u96qnKJIDUT13E1uAG1kw882mRHlrPkKIhTw="},{"iteration":39,"seed":"yE0sdPBBykSmLZhSNPeOijx4Ig6UfbM4/cHL2npWhIA="},{"iteration":41,"seed":"9IoXFxg+GnyvJbHfBRGpg+wXdVJ4gpG+3d5847kUXyA="},{"iteration":43,"seed":"aWrov6kWP10vduGDHGZD8lQ/sSdpOlFnYGiiG/vtPcs="},{"iteration":45,"seed":"kubJxUl0PCjMywrajT6U7gXk9XMld4ihaqtwu/PyESE="},{"iteration":47,"seed":"jsJ1Q6Nxd9PMVBv8W+YVi97uFuQ6wIUSBtL0P0OUB8s="},{"iteration":49,"seed":"JqZo734jJhVnWfT4oIDf3Mo7bkzEJIeO7xsKV+qPxeI="},{"iteration":51,"seed":"RB08eYj40SMx1mV6gsH26jYtgbZnxqp2aFqxCFKUel4="},{"iteration":53,"seed":"LanOZ4A1emJrxUs8iv1SQPN1OknxizSaSQOgC8o2aSk="},{"iteration":55,"seed":"pcysJREEi86FBYf2DXCzCNNdBqW2o40QULHKmlusf7Y="},{},{},{},{},{},{},{},{},{},{},{},{},{},{},{},{},{},{},{},{},{},{},{},{},{},{},{},{},{},{},{},{},{},{},{},{},{},{},{},{},{},{},{},{},{},{},{},{},{},{},{},{},{},{},{},{},{},{},{},{},{},{},{},{},{},{},{},{},{},{},{},{},{},{},{},{},{},{},{},{},{},{},{},{},{},{},{},{},{},{},{},{},{},{},{},{},{},{},{},{},{},{},{},{},{},{},{},{},{},{},{},{},{},{},{},{},{},{},{},{},{},{},{},{},{},{},{},{},{},{},{},{},{},{},{},{},{},{},{},{},{},{},{},{},{},{},{},{},{},{},{},{},{},{},{},{},{},{},{},{},{},{},{},{},{},{},{},{},{},{},{},{},{},{},{},{},{},{},{},{},{},{},{},{},{},{},{},{},{},{},{},{},{},{},{},{},{},{},{},{},{},{},{},{},{},{}]}]