[{"senderKeyId":1299622523,"senderChainKey":{"iteration":2,"seed":"HJwYu4uOBreoRYoyZrSwF3MmhmlgQKQ1JiuTjPOJu2M="},"senderSigningKey":{"public":"BYr98h5SiOJ0DR56PfqJd+xz53kqWKiIAIgO0FpMH9ho"},"senderMessageKeys":[]},{"senderKeyId":1278460002,"senderChainKey":{"iteration":1,"seed":"VYL+RmSiQIvaZ5JlUP2uA/rxLHEbEVKuLzzpyOPGd1Y="},"senderSigningKey":{"public":"BThXiST2yLVwXOqyU9spHX2wjAVn7o9ELHPu//m/8Dwn"},"senderMessageKeys":[]},{"senderKeyId":1751835523,"senderChainKey":{"iteration":3,"seed":"sRbHFiIQiU7/V7ssFY5Wamk0sntZRz5fC7bC1qSVLzw="},"senderSigningKey":{"public":"BSBGEFOqTjflMbL3VlRQmtSd9FI2CGB3i3frix8EF9tO"}}]