[{"senderKeyId":1894379954,"senderChainKey":{"iteration":15,"seed":"2Dnl1p/JvHQMV6FccDRFkltEfEEUDmcKuwzmhMIphOg="},"senderSigningKey":{"public":"BYEL/8Epl+3miXa8xQSGdG7QoqqlJLuQSzYAvky49rJU"},"senderMessageKeys":[]},{"senderKeyId":375279086,"senderChainKey":{"iteration":36,"seed":"nIZqBUOUj+lT+AmdVJxENW3emkYogShpgxlU/eJg3SU="},"senderSigningKey":{"public":"BRAgTqRFBq9Ooh32jG/9oRFmh5lvf7aLR8WT129tsxpP"},"senderMessageKeys":[{},{}]},{"senderKeyId":375279086,"senderChainKey":{"iteration":5,"seed":"/qJnMGikCRvMe+t1vp9uyGmt0B8Njn4xdGq4qu676pg="},"senderSigningKey":{"public":"BRAgTqRFBq9Ooh32jG/9oRFmh5lvf7aLR8WT129tsxpP"},"senderMessageKeys":[]}]