[{"senderKeyId":2077966667,"senderChainKey":{"iteration":4,"seed":"jcpqVs5a66kAO8KN+WzA1seC9ElqREzo5w7iX5ELugQ="},"senderSigningKey":{"public":"BXHxpXFG2J71NVTiBCY77WgEE3lJAGMmn/F5u/EW7EpL"},"senderMessageKeys":[{"iteration":1,"seed":"KmXOPyvkWXFBr5D2x9J7twX3MhA3OJWc+Q/gkPLdJN8="}]},{"senderKeyId":523367958,"senderChainKey":{"iteration":52,"seed":"jGFNi7V9tfpRo86v9r2iJHsmw9Tskx6Apqncs+2VKzI="},"senderSigningKey":{"public":"BRcfhR1Aq2LomDequxuX+QMqbsguMuSFPnki4G49v2xz"},"senderMessageKeys":[]},{"senderKeyId":942915489,"senderChainKey":{"iteration":2,"seed":"VuXNMCZ/PK/yQWDz1xUXENEYA7xquYH7j99WW2OAzm8="},"senderSigningKey":{"public":"BTc5S0fuh1pRGBmzh1C2qaBJ2kH5imjUtZoO2B8Orxok"}}]