[{"senderKeyId":330356366,"senderChainKey":{"iteration":12,"seed":"atBNwRdc3ZZ6Pbbo/26WfzNGODsF3o5Tj4iv0+X/Ydo="},"senderSigningKey":{"public":"BZp+yp8Pfijzoz/pI4W2F6zeOeb6gj23k6j/E6CVitJY"},"senderMessageKeys":[]},{"senderKeyId":722589089,"senderChainKey":{"iteration":1,"seed":"XKwDQDa/x0eAvx4LaqYKP0NUqsHeAw2CHwDucQeO6mM="},"senderSigningKey":{"public":"BUEz++BPy4RKw9Jb38NjMolVi3mlWIIIbKBDLt7ebjoA"},"senderMessageKeys":[]},{"senderKeyId":1669915357,"senderChainKey":{"iteration":59,"seed":"ca9K/r+zmdZ4Yf0ThCHpYxko2AUHSU9+b2TtsFd2ycU="},"senderSigningKey":{"public":"BePC9jIILKYznoU3/2iu800A41rleFeMlbvdri0I7LgW"},"senderMessageKeys":[]},{"senderKeyId":1030615096,"senderChainKey":{"iteration":9,"seed":"Hy7dbsbIR2saF5kuIiAB/4yXa50fpCBgjjL2q5w6gT0="},"senderSigningKey":{"public":"BQflLRQar8O1s3vYp8ywrwd84q2Xg+3xfK0b5GVNzg9S"},"senderMessageKeys":[]},{"senderKeyId":1178986022,"senderChainKey":{"iteration":12,"seed":"kpWVngzoDoYK/xdwe2mjNp050Djwi3txYFamNLSLwJ4="},"senderSigningKey":{"public":"BaaMPagE+inw16vS+u+7CWxSrKVAi2EoZxtvMyGcdIBP"},"senderMessageKeys":[]}]