[{"senderKeyId":1996267633,"senderChainKey":{"iteration":5,"seed":"FfOu9f5JEIaA7aA/tP4YItcuG2ERyd3uD91kbpm/0u4="},"senderSigningKey":{"public":"Bbq+/9nAAO2J5UNijJ2JBUYjyYqUEggQ0wVWVjwljbUw"},"senderMessageKeys":[]},{"senderKeyId":2119582920,"senderChainKey":{"iteration":7,"seed":"1o7qXQrGSHogRJ4IsqYOxXR5o8AmSmEGEgb2bIZcR0s="},"senderSigningKey":{"public":"BZ92rCsp0qEtEuihNUsPn0lXda3JRAbat38EnY25fUBG"},"senderMessageKeys":[]},{"senderKeyId":2039662154,"senderChainKey":{"iteration":17,"seed":"+mm+pdI6rpSZA+ZSU0ExXgYej0OPCzmby8oR8eW4yT4="},"senderSigningKey":{"public":"BWmKzVtfZHUn9IrIinoSF0DkSsU3QWR1+0GTzDIGcwZf"},"senderMessageKeys":[]},{"senderKeyId":2039662154,"senderChainKey":{"iteration":1,"seed":"cV+Bp+9PcfMdIMATDJTYRs8AH9usbXW1C9kAlESKKm8="},"senderSigningKey":{"public":"BWmKzVtfZHUn9IrIinoSF0DkSsU3QWR1+0GTzDIGcwZf"},"senderMessageKeys":[]},{"senderKeyId":1480145630,"senderChainKey":{"iteration":1,"seed":"XzZTTBsCxsVrTS6GcDshNWk9D4pso71K5tLO6h0TGI0="},"senderSigningKey":{"public":"BXnomeXPZk9jqDi2sFURpc1ElqdrJ7A7hVtINwgRn14/"}}]