[{"senderKeyId":63093925,"senderChainKey":{"iteration":29,"seed":"3n/nSBueawCenXdkeBNc+pVyNbbuP8ew2goeBQkKhH4="},"senderSigningKey":{"public":"BdXuK5VG/XkHtJ6rxPfTW165Hy9AxGc1GrhrCcz8uUZk"},"senderMessageKeys":[{}]},{"senderKeyId":1612542783,"senderChainKey":{"iteration":48,"seed":"mqJ3F/IawvWLL0zhUCBviMUv4ptNEPqA+2SmX742DjQ="},"senderSigningKey":{"public":"BZaID4pfwIz/9v7auaqPTt4RiC+EYbfV3MTMZPHj7DN3"},"senderMessageKeys":[]},{"senderKeyId":1263780221,"senderChainKey":{"iteration":54,"seed":"NZDxVcIuvX36YHLW3/c8BN4MSoOfgKkeBro2ga3D0OA="},"senderSigningKey":{"public":"BTcHabfYUmC4ozn3WXTiu9Nxi+XMFJu4KzT5Vieot8sg"},"senderMessageKeys":[{}]},{"senderKeyId":1263780221,"senderChainKey":{"iteration":53,"seed":"C0gCr00AapfilPvUdkBfTX6vQe5/bwH5poJpYp5ixqQ="},"senderSigningKey":{"public":"BTcHabfYUmC4ozn3WXTiu9Nxi+XMFJu4KzT5Vieot8sg"}}]