{"_sessions":{"BYkX/QN7URCTAQ9ZjMz9BvkIMHTT8SqMzXrKybrrRSRm":{"registrationId":1188674456,"currentRatchet":{"ephemeralKeyPair":{"pubKey":"BXbZ4oSHaVFQqbPgFcd88aOFeLBPw5z7uA9bykr9Alds","privKey":"AJD8x2CMX+HcprH0Ms+yhbWJPZqbQfsHesj1BQzjiVI="},"lastRemoteEphemeralKey":"BW6chaqLfBPDCUuUov82Ct9D/J5N21j9EavLZSxRFINj","previousCounter":23,"rootKey":"O1DYYiFG9o6Bu3FMBeGeXroIGpJp5+7XwQYeQgV6W8A="},"indexInfo":{"baseKey":"BYkX/QN7URCTAQ9ZjMz9BvkIMHTT8SqMzXrKybrrRSRm","baseKeyType":1,"closed":-1,"used":1747820377857,"created":1747801267910,"remoteIdentityKey":"BR/zlOua4TDRo74hpqkpGvIkAua/JOtAMSBYrqzKuFJq"},"_chains":{"BW6chaqLfBPDCUuUov82Ct9D/J5N21j9EavLZSxRFINj":{"chainKey":{"counter":0,"key":"3G0y5R38+sFhymWxAqAeFjZocV86bi/Llxow4C2YOUk="},"chainType":2,"messageKeys":{}},"BXbZ4oSHaVFQqbPgFcd88aOFeLBPw5z7uA9bykr9Alds":{"chainKey":{"counter":55,"key":"8PFRvLMfw7ICxrMAwdN8gk6gyZBUg76Ng/8kUYuAxH8="},"chainType":1,"messageKeys":{}}}}},"version":"v1"}