{"_sessions":{"BfMD7okF+cnHYQZ2jJ95DAGAqh1s8MgB9GJLSjgteJlb":{"registrationId":2061190342,"currentRatchet":{"ephemeralKeyPair":{"pubKey":"BVKhfvQ3qM6FCsQh3HcIN0TWLUNsvRW1vOi2WNEpJHE0","privKey":"oPpGaFm6FD+7PI99urXfJ2QKJTokfNI0v9T71y5tHkU="},"lastRemoteEphemeralKey":"BThpLcmwlyhkDfxUMl+3gTgk7OgS0mGxLP4F85Ad9N8g","previousCounter":51,"rootKey":"7RTg73i9AdYnXf4+1gx7xcFPx4s0scEwTwj/Aw55zeA="},"indexInfo":{"baseKey":"BfMD7okF+cnHYQZ2jJ95DAGAqh1s8MgB9GJLSjgteJlb","baseKeyType":1,"closed":-1,"used":1747841938186,"created":1747801267796,"remoteIdentityKey":"BZA9Ft8kd1aaFl9r2q+xX4da80C0AwPwYNRhmhkDRJN8"},"_chains":{"BZ/L4rVvV0g7CITEGTZzZVZaALIHvdIHYFOXmIwkY9lE":{"chainKey":{"counter":0},"chainType":2,"messageKeys":{}},"BRicjKZUBaLnULiqnriK2QyTmTifUFBOQusaEPd5tP1m":{"chainKey":{"counter":1},"chainType":2,"messageKeys":{"0":"UqjMfsO3Zv3O/liJz6lbxkqJHLbTnt/YOzhGj4AO3RQ="}},"BThpLcmwlyhkDfxUMl+3gTgk7OgS0mGxLP4F85Ad9N8g":{"chainKey":{"counter":1,"key":"Y8d/L99CecXmd2vwDh47uAzetTexB6kXg6TzW2JaL4A="},"chainType":2,"messageKeys":{"0":"h0gfPWZ5UCVPnzM2kOdG6vs1tEJJ6lnJY19b7JmY98U="}},"BVKhfvQ3qM6FCsQh3HcIN0TWLUNsvRW1vOi2WNEpJHE0":{"chainKey":{"counter":3,"key":"sXXdQBP64Mf1odD9kbYw1QyKuZr1Frb0vc2SM5wM8Cc="},"chainType":1,"messageKeys":{}}}}},"version":"v1"}