{"_sessions":{"BdbQjhr5i0Q+2q7IeSAs8vLJS7U126mmH34Ci+x1I/tX":{"registrationId":2117110145,"currentRatchet":{"ephemeralKeyPair":{"pubKey":"BT/PFDXSFHipn+vZea0VA3FPT9CEBPH/dPUwAsdnC3N8","privKey":"KGekoy4Yi3F7ZQaRVG1dRPvthiZVnAVSrd2hY63Bt1M="},"lastRemoteEphemeralKey":"BR6r1dMTF/JcXxx2vUo60lDx2lFlG+0RYUo4v6cEsy0C","previousCounter":0,"rootKey":"+C46hGbeX4J02up12sQaOHF6CZ4b6YppW4scSTudJi4="},"indexInfo":{"baseKey":"BdbQjhr5i0Q+2q7IeSAs8vLJS7U126mmH34Ci+x1I/tX","baseKeyType":1,"closed":-1,"used":1747813661857,"created":1747813661857,"remoteIdentityKey":"BRaluQjOOuzaS9XdZz8kIiBVIaRj8Lg1a/oxxYFY34Em"},"_chains":{"BT/PFDXSFHipn+vZea0VA3FPT9CEBPH/dPUwAsdnC3N8":{"chainKey":{"counter":30,"key":"cz4jaJtqO2fk/NZLcKO6AOv6NUVdUfIQTXm9MrFN3sM="},"chainType":1,"messageKeys":{}}},"pendingPreKey":{"signedKeyId":2,"baseKey":"BdbQjhr5i0Q+2q7IeSAs8vLJS7U126mmH34Ci+x1I/tX","preKeyId":1412727}}},"version":"v1"}