{"_sessions":{"Bf1MmivHKV5FCFeYJjzhW6y3bhvThMeTX9JnQTOPkjk/":{"registrationId":369013822,"currentRatchet":{"ephemeralKeyPair":{"pubKey":"BYGmtksUBRVX1zHvDnfFE1Tkf7+g9SUaLYwKvdziMO1s","privKey":"aA3Zs1BxNxl4MkoKHDyBRnhKK4ebpHL/pdyQPfo3Ckw="},"lastRemoteEphemeralKey":"BfEQoOcSN9UAHUuQ1FTaeej2rT00gLcI0qmJWwu1NcYw","previousCounter":0,"rootKey":"P8wg+ml4iLeObwm09QThjJZRDrRL01m866E0QZTQt3A="},"indexInfo":{"baseKey":"Bf1MmivHKV5FCFeYJjzhW6y3bhvThMeTX9JnQTOPkjk/","baseKeyType":1,"closed":-1,"used":1747813661987,"created":1747813661987,"remoteIdentityKey":"BRjrIX4swPCc1iuNROqo6Tyi4UiXx4Bjks7gzEzI9hF4"},"_chains":{"BYGmtksUBRVX1zHvDnfFE1Tkf7+g9SUaLYwKvdziMO1s":{"chainKey":{"counter":30,"key":"Nhy00Ub2u9JmvJ8d2IjC2tedtQkkmoXldzZe8URpcVQ="},"chainType":1,"messageKeys":{}}},"pendingPreKey":{"signedKeyId":15,"baseKey":"Bf1MmivHKV5FCFeYJjzhW6y3bhvThMeTX9JnQTOPkjk/","preKeyId":7063456}}},"version":"v1"}