{"_sessions":{"BVpad7WbZz5uy1Q9pgaRJPHkUbOlHKjs+7LStOuYSlIG":{"registrationId":1415077607,"currentRatchet":{"ephemeralKeyPair":{"pubKey":"BdrYphU84xMiM4od4R/e9OokBrwiazQCrwFGtGOY1e83","privKey":"6M8XQHOHpb2vKke6fNHpeuRS1IeeC7LWxhmqWsqOj2w="},"lastRemoteEphemeralKey":"BWlqPELU0kD9WvbYN3hf+F5kb/+zf75sCPVz+B0pqo07","previousCounter":23,"rootKey":"el+kpHJCgQ9QEWf5YPpQkzB4JAroXXkiDvMQP5oADe4="},"indexInfo":{"baseKey":"BVpad7WbZz5uy1Q9pgaRJPHkUbOlHKjs+7LStOuYSlIG","baseKeyType":1,"closed":-1,"used":1747820635629,"created":1747801267888,"remoteIdentityKey":"BfGq0ujYh3kTO/twYN/qtbMUvgHd11T53uAnvFgQO+8a"},"_chains":{"BWlqPELU0kD9WvbYN3hf+F5kb/+zf75sCPVz+B0pqo07":{"chainKey":{"counter":1,"key":"+4qjrREfaD2uUCgTGJPWqKXORUrcDwxPxCpUlN4b3Qk="},"chainType":2,"messageKeys":{}},"BdrYphU84xMiM4od4R/e9OokBrwiazQCrwFGtGOY1e83":{"chainKey":{"counter":55,"key":"DN4GgKINd8ugXi3fasDngYWompYnD0mJqiPaKwza1jY="},"chainType":1,"messageKeys":{}}}}},"version":"v1"}