{"_sessions":{"BSFLX7FF+BAw4RphCawl2JT2p5SbESrXtukcsfopAftT":{"registrationId":107742503,"currentRatchet":{"ephemeralKeyPair":{"pubKey":"Beup8R+JWVZG+9tA8agfbTdcahJdmMFHT098NwHlNcl2","privKey":"mA5gsCOFkhpRDr9aqqen2cp5v+secULUVlm8aRncC2M="},"lastRemoteEphemeralKey":"BZcpC+HwkAi/4HxowzGtCpCPxiO86/3FCE7Y7yDYOiB5","previousCounter":51,"rootKey":"VQpiLhxI7FsdhE4jP8CJeamrRxNCB9DVAatSRJ/2u7c="},"indexInfo":{"baseKey":"BSFLX7FF+BAw4RphCawl2JT2p5SbESrXtukcsfopAftT","baseKeyType":1,"closed":-1,"used":1747840109186,"created":1747801267789,"remoteIdentityKey":"BbLmRLxXW13CBHqLHgaHjRC8bzknfYgSW5I24XLFEGVX"},"_chains":{"BaGj5Mp6MyDNULTe9vYCjgxsKwxa8m/mebdjAYSCEYhm":{"chainKey":{"counter":0},"chainType":2,"messageKeys":{}},"BZcpC+HwkAi/4HxowzGtCpCPxiO86/3FCE7Y7yDYOiB5":{"chainKey":{"counter":0,"key":"o5PAdnnhTYZW4ZT1/zarvoknXjoansK2xHR6RvUq484="},"chainType":2,"messageKeys":{}},"Beup8R+JWVZG+9tA8agfbTdcahJdmMFHT098NwHlNcl2":{"chainKey":{"counter":5,"key":"qp3n+mPyc/cxrNj/djvc/SnOWFZ4UyMhcFbmz/59ojk="},"chainType":1,"messageKeys":{}}}}},"version":"v1"}