{"_sessions":{"BRIr3FeliWQI7A4P7rxMQmZm4y285vgOHdwzyd3IZCwa":{"registrationId":894479215,"currentRatchet":{"ephemeralKeyPair":{"pubKey":"BeHUt8i+61I8GUXQ1vCslMeJYF2xHV3bZrFxkip7hvk+","privKey":"aNzgSPl+X4R7aWsFLMug6JcJ5VvIQMr2f6t3KrOjPXY="},"lastRemoteEphemeralKey":"BVxUPc/Ii8JYdHMGunkyyyqnXBrCMwRYHZs5jbwdj5tE","previousCounter":0,"rootKey":"MOJoP1Pe8jxQejrQPOE6p7tsq/RA2nplugVurii09iI="},"indexInfo":{"baseKey":"BRIr3FeliWQI7A4P7rxMQmZm4y285vgOHdwzyd3IZCwa","baseKeyType":1,"closed":-1,"used":1747813661928,"created":1747813661928,"remoteIdentityKey":"Bc6Oxe1jsjONcEtQSNnXd9Rhz8kbc2CEvHiPPvN8MSZ8"},"_chains":{"BeHUt8i+61I8GUXQ1vCslMeJYF2xHV3bZrFxkip7hvk+":{"chainKey":{"counter":30,"key":"jZl2CIltkQ29tTHu3XF9Bvnce3eNmBLQmclUn7WfJFs="},"chainType":1,"messageKeys":{}}},"pendingPreKey":{"signedKeyId":0,"baseKey":"BRIr3FeliWQI7A4P7rxMQmZm4y285vgOHdwzyd3IZCwa"}}},"version":"v1"}