{"_sessions":{"BeXqGHGBT6Dz1U41DnYdBwtkKFDAlXMm1wh7RdwV9NV0":{"registrationId":2463,"currentRatchet":{"ephemeralKeyPair":{"pubKey":"BcQt8pV/t7MOlpTcKGsjZHYccHjdVpqXe51A1uZN3po5","privKey":"UMDcsfmQCU2QdR13ouAltvxXQOiYDBiD+fmSM/wk3F4="},"lastRemoteEphemeralKey":"BUPL/0++QtUUyFvNa0NUO41DlilDouzKXjd6dkD5Ns5B","previousCounter":0,"rootKey":"ShI3r370f7u9uRO/QipekmG3LalN2LBPvNAhMrA9F+Q="},"indexInfo":{"baseKey":"BeXqGHGBT6Dz1U41DnYdBwtkKFDAlXMm1wh7RdwV9NV0","baseKeyType":1,"closed":-1,"used":1747828294452,"created":1747828294452,"remoteIdentityKey":"BS0Qwvq41vbtv28G7h013GhYXdjKmZjbRUXKaiKfkpkk"},"_chains":{"BcQt8pV/t7MOlpTcKGsjZHYccHjdVpqXe51A1uZN3po5":{"chainKey":{"counter":31,"key":"bl+79zzdqkreCA6TXqQqdM+3fbDwZmUK5GQArY1GuXk="},"chainType":1,"messageKeys":{}}},"pendingPreKey":{"signedKeyId":1,"baseKey":"BeXqGHGBT6Dz1U41DnYdBwtkKFDAlXMm1wh7RdwV9NV0","preKeyId":96}}},"version":"v1"}