{"_sessions":{"BcjtAbxjTu9qWhbWl5CFeDFevRASOhkVa6B+tvPyyJFE":{"registrationId":696875257,"currentRatchet":{"ephemeralKeyPair":{"pubKey":"BcdTdnnfk0lfrw6GZYMthoVATf/WVmcpF7KUQwzn9d8/","privKey":"0CI8ZHZ2APwbgoCocau9GMFJv+PX5eU3UCcVVYyPhWc="},"lastRemoteEphemeralKey":"BTsNxo49Xy9j4NTqYg5th0r9wREcXJjd5k9F8YYshfhR","previousCounter":0,"rootKey":"y1NbRG78Ozd0Z0/PU0Qw7udbTtv7U0ctkWQZd394haI="},"indexInfo":{"baseKey":"BcjtAbxjTu9qWhbWl5CFeDFevRASOhkVa6B+tvPyyJFE","baseKeyType":1,"closed":-1,"used":1747813661863,"created":1747813661863,"remoteIdentityKey":"BRNK6a9mU4WVcLMNx7M64/kdqL3YCOtgdCuxyzzE1ztf"},"_chains":{"BcdTdnnfk0lfrw6GZYMthoVATf/WVmcpF7KUQwzn9d8/":{"chainKey":{"counter":30,"key":"ZpMerZv4cW3kno2z09JMiiP8gtxo9iH6KOsOKh+UbQg="},"chainType":1,"messageKeys":{}}},"pendingPreKey":{"signedKeyId":0,"baseKey":"BcjtAbxjTu9qWhbWl5CFeDFevRASOhkVa6B+tvPyyJFE","preKeyId":14743997}}},"version":"v1"}