{"_sessions":{"BXQI5Lk9lsDIUSKObF8C4QoLNL4ps5Cf2yApkCppnF0T":{"registrationId":1660919755,"currentRatchet":{"ephemeralKeyPair":{"pubKey":"BWVusmwSTbUoAX/kZNDmBcqNmCR4JaitXMPkDUU7GL0L","privKey":"sCxd/Xlezx2AsTrmT8wBm9vagbAbkKwVSvfldEoJ0X8="},"lastRemoteEphemeralKey":"Bcnb9nclB6PTO8EkbLT4lkbacJiydzKwxuT4KrywpLRg","previousCounter":0,"rootKey":"IDoTcOKLF8sCV+59Pf4yeKdjM2ENaJPBjyqgh5wayrM="},"indexInfo":{"baseKey":"BXQI5Lk9lsDIUSKObF8C4QoLNL4ps5Cf2yApkCppnF0T","baseKeyType":1,"closed":-1,"used":1747813661960,"created":1747813661960,"remoteIdentityKey":"BceTuKHEWN0OPq2gTzvUpa28/lhzHOSaz+7VXah9o9Rr"},"_chains":{"BWVusmwSTbUoAX/kZNDmBcqNmCR4JaitXMPkDUU7GL0L":{"chainKey":{"counter":30,"key":"PXW1bAVI5xL7Yixvjw99LxxTgpysVYfnKcAfj8HQTXo="},"chainType":1,"messageKeys":{}}},"pendingPreKey":{"signedKeyId":0,"baseKey":"BXQI5Lk9lsDIUSKObF8C4QoLNL4ps5Cf2yApkCppnF0T"}}},"version":"v1"}