{"_sessions":{"BR7iDnoTAsv42K75auqkKrasUxhUrkOyEzScFQ6BMxNh":{"registrationId":13344,"currentRatchet":{"ephemeralKeyPair":{"pubKey":"BQwLbnkEiAyUd3FFgs2VZOv9Qdia9+edqlppfslViMdS","privKey":"0JAV2tAEiQ+Zd9g3ThsMrtQQLFsQXZL2xyEMiwPUGnI="},"lastRemoteEphemeralKey":"BZTSC8EH41A0JfFQESHtBFy93g0ylckGpuWWFeawEotT","previousCounter":0,"rootKey":"JvN5jExtAy7rjmuJ+BmmenlVHRANsgLs+ruPRoq69pg="},"indexInfo":{"baseKey":"BR7iDnoTAsv42K75auqkKrasUxhUrkOyEzScFQ6BMxNh","baseKeyType":1,"closed":-1,"used":1747813661729,"created":1747813661729,"remoteIdentityKey":"BWcP/Q03Xhnl1OPoDPvxqA0uOgO9BeI6EGbVzMEWBM0A"},"_chains":{"BQwLbnkEiAyUd3FFgs2VZOv9Qdia9+edqlppfslViMdS":{"chainKey":{"counter":30,"key":"0c4WvUmCyg4Xrnji3E+MTcgmWsaoTK2Ox0/QazP3i2g="},"chainType":1,"messageKeys":{}}},"pendingPreKey":{"signedKeyId":1,"baseKey":"BR7iDnoTAsv42K75auqkKrasUxhUrkOyEzScFQ6BMxNh"}}},"version":"v1"}