{"_sessions":{"BcCckbI9eDbf3KmwNiHifOIx9ccIR92VprOpZ/jQ351C":{"registrationId":275633571,"currentRatchet":{"ephemeralKeyPair":{"pubKey":"BT+CpPN9IXWfvOR9Rz9/Qgr6zxIMeMsrKECjy02vgOQz","privKey":"wASuQ8aQccOo1c54yiE9Xvcjotbu2ufXgKVsUeRUVlc="},"lastRemoteEphemeralKey":"BYLRGRCSGeRki773wYHGo2xdzTW2hL1ysBQ7TBhiFUM9","previousCounter":0,"rootKey":"3xUzwCJXaksFtCOEKC5lxcl4G6qXeqTlhN21qcA98iE="},"indexInfo":{"baseKey":"BcCckbI9eDbf3KmwNiHifOIx9ccIR92VprOpZ/jQ351C","baseKeyType":1,"closed":-1,"used":1747816416473,"created":1747816416473,"remoteIdentityKey":"BRTGBvDMwOhgX0KBTy6H5A5kHu9pB36wwN2ckiMAfMVv"},"_chains":{"BT+CpPN9IXWfvOR9Rz9/Qgr6zxIMeMsrKECjy02vgOQz":{"chainKey":{"counter":18,"key":"EJLymL/fPEGTD7Eb0Edx4Wxtr9o4Zt1rlreLMxs8ssQ="},"chainType":1,"messageKeys":{}}},"pendingPreKey":{"signedKeyId":7,"baseKey":"BcCckbI9eDbf3KmwNiHifOIx9ccIR92VprOpZ/jQ351C","preKeyId":7939997}}},"version":"v1"}