{"_sessions":{"BQZ/hJukEQB7CbA2aeqEbqVYsLOn8lbrRjspHXbXkbEK":{"registrationId":48685909,"currentRatchet":{"ephemeralKeyPair":{"pubKey":"BYxJyWS1Kh9xNFZleKJ7GYEaIw1h4kqGyyW2XsveFsgw","privKey":"eEOaFNKaPaAL2426fe6JVauRXxSTIoU1slw5RiuIKnU="},"lastRemoteEphemeralKey":"BfWIn8tASHKOX4xI566sLhwAs+/gScMiRWrCHObUtX5+","previousCounter":23,"rootKey":"1W2LcYeICDgWqbR1Bb7yh6Kxdz70dA4sazVbpJn7SMM="},"indexInfo":{"baseKey":"BQZ/hJukEQB7CbA2aeqEbqVYsLOn8lbrRjspHXbXkbEK","baseKeyType":1,"closed":-1,"used":1747820542082,"created":1747801267507,"remoteIdentityKey":"BUz1pjolEqVayfph4upaHcOs4yyVoM0WwR6UzVUQI0oX"},"_chains":{"BfWIn8tASHKOX4xI566sLhwAs+/gScMiRWrCHObUtX5+":{"chainKey":{"counter":1,"key":"9rwWokVyrHdFm6CkUtZ5/Y5lC7deOhlhpID847OJBC8="},"chainType":2,"messageKeys":{}},"BYxJyWS1Kh9xNFZleKJ7GYEaIw1h4kqGyyW2XsveFsgw":{"chainKey":{"counter":55,"key":"bo4CYY5YbIHUPR4wttX2w78D6gxEVVE7CZUPuuN+NlE="},"chainType":1,"messageKeys":{}}}}},"version":"v1"}