{"_sessions":{"BcDPek4G5NXKV2JiuVsYbKgpsYuEWeE5r65GWaNoPGQ6":{"registrationId":510,"currentRatchet":{"ephemeralKeyPair":{"pubKey":"Bel6wJrUnQsry9Tq5qTfw2PXKQ8gelVa+57lVuGfGUsH","privKey":"SLYq9jB+3r/7cykcdFJduxg7MxfgsgTcilzxYrtkh0Y="},"lastRemoteEphemeralKey":"BXnzrua04ruAsb/BskPGVtDmM9Dcf+JQYZ6y0PYGfKk7","previousCounter":0,"rootKey":"Y0ZwQt9zP4Yi68dYgC7G1Q7E4WMyQNo3PC4ZcNxcMt8="},"indexInfo":{"baseKey":"BcDPek4G5NXKV2JiuVsYbKgpsYuEWeE5r65GWaNoPGQ6","baseKeyType":1,"closed":1747834863460,"used":1747834859262,"created":1747834859262,"remoteIdentityKey":"BQ4avQjRYr6PwwyGwMdTIRb+rwvRzHdLd8flNqeN9FtJ"},"_chains":{"Bel6wJrUnQsry9Tq5qTfw2PXKQ8gelVa+57lVuGfGUsH":{"chainKey":{"counter":0,"key":"kJA4IvR5WGMRUdbN+VKrOg+a9R2fHpjA/mHrvk9CxUs="},"chainType":1,"messageKeys":{}}},"pendingPreKey":{"signedKeyId":1,"baseKey":"BcDPek4G5NXKV2JiuVsYbKgpsYuEWeE5r65GWaNoPGQ6","preKeyId":764}},"Bde8uwlfXIwsf+BbyDw7rjyKe7DVLoGT8773XiqWPcR2":{"registrationId":510,"currentRatchet":{"ephemeralKeyPair":{"pubKey":"BeOsTUwT5eSDQoQE/Ltv5mN84H3fL9gUJ2dH6w1KCFk7","privKey":"6GhddVD0C18GlnGr5A5aCqb8CP51CeXcKUyFBeaWnnk="},"lastRemoteEphemeralKey":"BXnzrua04ruAsb/BskPGVtDmM9Dcf+JQYZ6y0PYGfKk7","previousCounter":0,"rootKey":"WRDyewhyV2mssSlbCYmYWSD0c02uIpvc10yrPvPIAaM="},"indexInfo":{"baseKey":"Bde8uwlfXIwsf+BbyDw7rjyKe7DVLoGT8773XiqWPcR2","baseKeyType":1,"closed":-1,"used":1747834863458,"created":1747834863458,"remoteIdentityKey":"BQ4avQjRYr6PwwyGwMdTIRb+rwvRzHdLd8flNqeN9FtJ"},"_chains":{"BeOsTUwT5eSDQoQE/Ltv5mN84H3fL9gUJ2dH6w1KCFk7":{"chainKey":{"counter":0,"key":"dvDqB94FPOm2WxlTDrkfwFI0jNuJmr0bjH8Z8RSfz9w="},"chainType":1,"messageKeys":{}}},"pendingPreKey":{"signedKeyId":1,"baseKey":"Bde8uwlfXIwsf+BbyDw7rjyKe7DVLoGT8773XiqWPcR2","preKeyId":38}}},"version":"v1"}