{"_sessions":{"BYXrjpa19ShJKs1re1ixmQIQYOv/Gl8qJ49AknRAMG8a":{"registrationId":330646576,"currentRatchet":{"ephemeralKeyPair":{"pubKey":"BaejPuVNE/9P7RqwviZVmFHR+391J79fnPkCnxKigEEW","privKey":"sFeDEj6iC0OVNu6dUYGuhuJhrrPMs7+n99HFY9ubK2o="},"lastRemoteEphemeralKey":"BT1XB8jAiZBZesX8HBdPoNAX1NQn+z18USP2+MXeRc5S","previousCounter":23,"rootKey":"nJT329JxJGhCA5dm9LzioHeAfPiMIgYJPVzHhUCtGEg="},"indexInfo":{"baseKey":"BYXrjpa19ShJKs1re1ixmQIQYOv/Gl8qJ49AknRAMG8a","baseKeyType":1,"closed":-1,"used":1747820420528,"created":1747801267812,"remoteIdentityKey":"BQgoNu3xK2Z4xHplJq93QnR1JEfxIVMH04OmM/W7l9EM"},"_chains":{"BT1XB8jAiZBZesX8HBdPoNAX1NQn+z18USP2+MXeRc5S":{"chainKey":{"counter":0,"key":"W/OxLYgZfOyXWUBZVubPlN2fGeCSGuq9bXvBsnWaJ2k="},"chainType":2,"messageKeys":{}},"BaejPuVNE/9P7RqwviZVmFHR+391J79fnPkCnxKigEEW":{"chainKey":{"counter":55,"key":"+Jv2DZ9NS+I/jndZOyN47lxVyopskFLVSrw/jte/BaA="},"chainType":1,"messageKeys":{}}}}},"version":"v1"}