{"_sessions":{"BaP0pYdUXMtknFqOnODPM4wIYeMBemfUVIxbgwEGX2wP":{"registrationId":622604173,"currentRatchet":{"ephemeralKeyPair":{"pubKey":"BemiAZXhAIGUGveHTRq5nphIpoi/XMj75k0pMrOI5wwq","privKey":"wN9zxXZ7U6J9118onOHQEuUYwkJsWinltGhj5yaeb0M="},"lastRemoteEphemeralKey":"Bbu9FYz84xjPtFIsNG9BZEUPdNbkxtU/NCnz+85LvK8X","previousCounter":16,"rootKey":"VKdw8c2igA11/wpJEnz3989GIfcWyS+MVnQAs/Xjl04="},"indexInfo":{"baseKey":"BaP0pYdUXMtknFqOnODPM4wIYeMBemfUVIxbgwEGX2wP","baseKeyType":1,"closed":-1,"used":1747833598897,"created":1747816416537,"remoteIdentityKey":"BWs3DaYktoG+ggD+nFxfxb686zq/gJbPbVbKN0onoSsf"},"_chains":{"Bct7ICMQwX7xpAVofGhtG7UMBtnx2u5n1mb2CiTWW5Q7":{"chainKey":{"counter":0},"chainType":2,"messageKeys":{}},"Bbu9FYz84xjPtFIsNG9BZEUPdNbkxtU/NCnz+85LvK8X":{"chainKey":{"counter":0,"key":"sW5M6vGjbAWRKfrfA813jgnzrEZ16ol/sk8fCuZso/8="},"chainType":2,"messageKeys":{}},"BemiAZXhAIGUGveHTRq5nphIpoi/XMj75k0pMrOI5wwq":{"chainKey":{"counter":0,"key":"sNqYRsOvwmXqaVcJOaahJr9b8sJaQutCSyP2IxND7gU="},"chainType":1,"messageKeys":{}}}}},"version":"v1"}