{"_sessions":{"BYLtbpu+aIF+draxLqRiY4bF5P/DWXGxZrbi52Jntytx":{"registrationId":2014872361,"currentRatchet":{"ephemeralKeyPair":{"pubKey":"BZkTDpElsSsxPTrc0l4nQrH1JhfqezVV1i9Zt5TP9hpW","privKey":"eBvxJXSNbqUXcElmziVto4c6ujGTn+l1laYDKTv3M1o="},"lastRemoteEphemeralKey":"BRrJieUmY+rjwJQKB5VEX5YzGn8tc5bO98nD4LHBTzIP","previousCounter":0,"rootKey":"5Y7ceEP43aM2EMcyGh7VokXIEjqpA9zlzlols+RJm2Y="},"indexInfo":{"baseKey":"BYLtbpu+aIF+draxLqRiY4bF5P/DWXGxZrbi52Jntytx","baseKeyType":1,"closed":-1,"used":1747813661976,"created":1747813661976,"remoteIdentityKey":"BVHOU1jB+0Vg3WfUoGck3G90jKiIqYWOiSppEHmQD2Zg"},"_chains":{"BZkTDpElsSsxPTrc0l4nQrH1JhfqezVV1i9Zt5TP9hpW":{"chainKey":{"counter":30,"key":"FQB1HTikArQXTrEldneGHKO3oVYreCwRQqHUvjLY6mA="},"chainType":1,"messageKeys":{}}},"pendingPreKey":{"signedKeyId":2,"baseKey":"BYLtbpu+aIF+draxLqRiY4bF5P/DWXGxZrbi52Jntytx","preKeyId":9799693}}},"version":"v1"}