{"_sessions":{"BeIYtyaZ73CUeflHtPonZrAK5ZFWMufuJ4f69/agE38g":{"registrationId":1014999835,"currentRatchet":{"ephemeralKeyPair":{"pubKey":"BX7BePxbMt3Wspa5rEinMBX7lAD06RwVBFSEkT+2K3kg","privKey":"UHvOqg0II+mVrbXr9OG+0K24VLO9vQ99kt91ZGBqI0k="},"lastRemoteEphemeralKey":"Bf0ShJFq5hIrvqifqVcPMZNiCoL3pc5qpVX8pBwws70D","previousCounter":0,"rootKey":"lRZfHmj9yTU2qKPAjun/J1OGVS0vHkOaeOugLyW/biw="},"indexInfo":{"baseKey":"BeIYtyaZ73CUeflHtPonZrAK5ZFWMufuJ4f69/agE38g","baseKeyType":1,"closed":-1,"used":1747801267620,"created":1747801267620,"remoteIdentityKey":"BZZ03A4V4YNR0VZQqndi1CMGqUs0x2MU+diLq5jEqtwi"},"_chains":{"BX7BePxbMt3Wspa5rEinMBX7lAD06RwVBFSEkT+2K3kg":{"chainKey":{"counter":79,"key":"AsrVimIRM6s2ta7nVZgGIDuwc2eVkJ4yAYjEi+tfWFU="},"chainType":1,"messageKeys":{}}},"pendingPreKey":{"signedKeyId":11,"baseKey":"BeIYtyaZ73CUeflHtPonZrAK5ZFWMufuJ4f69/agE38g"}}},"version":"v1"}