{"_sessions":{"BQUhSsJjqscLmbBsI3wQSktf1qTbLnhzbNJ6P+D9vvVb":{"registrationId":45684950,"currentRatchet":{"ephemeralKeyPair":{"pubKey":"BYZ4tRS3JM6pwixKdvUfghTHLY1FO3aHltsUxNhl3EZ2","privKey":"oExkBR5WFXwIBIIwPWxfCDkZyhwss2jQSxhARGJ+J2Q="},"lastRemoteEphemeralKey":"Bc27T8gJIKJA1ZeSODRRWLTTQIeiYnTu/xmEFF7L35A2","previousCounter":1,"rootKey":"AMHYX1qfyJwhLuWmNc0hBhoDdsvOSnPmHE4KEvBNsag="},"indexInfo":{"baseKey":"BQUhSsJjqscLmbBsI3wQSktf1qTbLnhzbNJ6P+D9vvVb","baseKeyType":1,"closed":-1,"used":1747841960484,"created":1747813661981,"remoteIdentityKey":"BZ6au46kseKNpJv20XNEUMgsrGpLu5L2he/DmPzcBlMI"},"_chains":{"BcAF2YyF6cgh9Z0i/11yQoNHWi13aAn72juxHAl2LMUO":{"chainKey":{"counter":0},"chainType":2,"messageKeys":{}},"BT4IRXNs9HA9NNzl2NAmQ5O822JV7IROFvQ5ESk9Eipk":{"chainKey":{"counter":0},"chainType":2,"messageKeys":{}},"BbPftXFN3smf7qGLrJI7J/0F1cfkDEoKqj6BjrcWu6Z6":{"chainKey":{"counter":0},"chainType":2,"messageKeys":{}},"Bc27T8gJIKJA1ZeSODRRWLTTQIeiYnTu/xmEFF7L35A2":{"chainKey":{"counter":0,"key":"hf63LkqPjDKvvStjH7Q8OA1OxqJv8UDaghLxUKiZ82w="},"chainType":2,"messageKeys":{}},"BYZ4tRS3JM6pwixKdvUfghTHLY1FO3aHltsUxNhl3EZ2":{"chainKey":{"counter":-1,"key":"VMQr082IcU47+0UlCaNt70v00c/yh+LMlVSSsum8cio="},"chainType":1,"messageKeys":{}}}}},"version":"v1"}