{"_sessions":{"BVOjpQsL+CrXGEWXuSlWqgzvmtUJL+0mMiYxNhwT9VUZ":{"registrationId":1815080832,"currentRatchet":{"ephemeralKeyPair":{"pubKey":"Ba4Q8cL6Z/3mu/9Vw7H4/+4LRFHB9/Mo+8tzHFZakJQO","privKey":"OCiVqpx6V+0qo7DtTNFX7y/lBNMJ5cruCP55cGoHzGM="},"lastRemoteEphemeralKey":"BVBdaa5pmUvUiOvlBLawYEVSDsVcEtgWBcDKiVVQrFBs","previousCounter":0,"rootKey":"G3k6EOnoQki91owpoWlg0la9pzAsobbdRq1g4qp1VnA="},"indexInfo":{"baseKey":"BVOjpQsL+CrXGEWXuSlWqgzvmtUJL+0mMiYxNhwT9VUZ","baseKeyType":1,"closed":-1,"used":1747813661852,"created":1747813661852,"remoteIdentityKey":"BRhC9NCUJyzUgFFuWEis/3glBLuj/Q/rQoBlpQlnmoVY"},"_chains":{"Ba4Q8cL6Z/3mu/9Vw7H4/+4LRFHB9/Mo+8tzHFZakJQO":{"chainKey":{"counter":30,"key":"y4RbripQi7F4oeDD5E3f+uHWiksjyl5pFA19N23XlnI="},"chainType":1,"messageKeys":{}}},"pendingPreKey":{"signedKeyId":0,"baseKey":"BVOjpQsL+CrXGEWXuSlWqgzvmtUJL+0mMiYxNhwT9VUZ","preKeyId":15269164}}},"version":"v1"}