{"_sessions":{"BdSuKkvUrRiFx39EaiXHs4K9hCMMrKqHq4fP/Vet/rRA":{"registrationId":15692,"currentRatchet":{"ephemeralKeyPair":{"pubKey":"BYvzXnqby5FQhQQTNMqqArUOEx/+UjlYQ57t3CO1MyQ2","privKey":"QJuQM2YVyz4lgigwp8yfXYwELO684ApVEaesgcRUNmw="},"lastRemoteEphemeralKey":"BXta0sCVbk2JwJwCsH/D++BGqwb7ITO4n5NmeWb9TmFQ","previousCounter":0,"rootKey":"B9h2JmpG5tvwdw96Jk50Wu+oQPKYQEsZ4Go3O8peSFg="},"indexInfo":{"baseKey":"BdSuKkvUrRiFx39EaiXHs4K9hCMMrKqHq4fP/Vet/rRA","baseKeyType":1,"closed":-1,"used":1747813661725,"created":1747813661725,"remoteIdentityKey":"BW0MatxzuG5RQyBmZijHB59FhvQZJq8fG/lDemexKRsc"},"_chains":{"BYvzXnqby5FQhQQTNMqqArUOEx/+UjlYQ57t3CO1MyQ2":{"chainKey":{"counter":30,"key":"KmWVmeC5zZtpIxF796H/krV9xQ8ioKYn+UpyGCtaIhA="},"chainType":1,"messageKeys":{}}},"pendingPreKey":{"signedKeyId":1,"baseKey":"BdSuKkvUrRiFx39EaiXHs4K9hCMMrKqHq4fP/Vet/rRA"}}},"version":"v1"}