{"_sessions":{"BT+r1EUPa481aJDl/LmTW5z/vCVfGyBaeLwimL60aCBn":{"registrationId":130972656,"currentRatchet":{"ephemeralKeyPair":{"pubKey":"BWgjHEJTfuIdW6vWUFBuvGV0Za7SEetgQQsIcs6f18N1","privKey":"sOCdLjYqjTjbdAREpN8o0T5pmjjIV5Scu9hMqWEUFXU="},"lastRemoteEphemeralKey":"BTcM6bfb5TWz+yKi3JDDf80Ggfa9pmbYww012O6pNBss","previousCounter":23,"rootKey":"0726QttCrdeK15yV11Pcqob/Psj0NRA7XYa2VPWc73U="},"indexInfo":{"baseKey":"BT+r1EUPa481aJDl/LmTW5z/vCVfGyBaeLwimL60aCBn","baseKeyType":1,"closed":-1,"used":1747820381670,"created":1747801267711,"remoteIdentityKey":"Bc91s2HAqCSOYktuGplPqDDp5Q6kbCEA98JFXGitSBUc"},"_chains":{"BTcM6bfb5TWz+yKi3JDDf80Ggfa9pmbYww012O6pNBss":{"chainKey":{"counter":0,"key":"+ALrmGcGTT7xRY6v8oKl8sNjZD5HfY6xm4SjbXiEOUA="},"chainType":2,"messageKeys":{}},"BWgjHEJTfuIdW6vWUFBuvGV0Za7SEetgQQsIcs6f18N1":{"chainKey":{"counter":55,"key":"nL+JDtb0g6BVzxoVDdc7pX34ZgcbEZha5ZbKP66Ud+M="},"chainType":1,"messageKeys":{}}}}},"version":"v1"}