{"_sessions":{"BYsaNDY8zTOQYbJWkhh9RQqOizUpL6wwVC/uQ3m/pewU":{"registrationId":704046633,"currentRatchet":{"ephemeralKeyPair":{"pubKey":"BWM42Hty9gIRV1BJVhGx175rL2iI8piwHKitVb/lT3Z4","privKey":"mL72jOIOMsB0q52bsjKZCTYdfhSWODHIG0wBuIfX+nA="},"lastRemoteEphemeralKey":"BUwFGgbKYdH1xZ2XFRtU8yk3d5HDhfPEOA7QPqAUId4i","previousCounter":23,"rootKey":"Y0uTyBVy5MGlp7w9ify2MzQsuE4vfJw+n9oFDp+ahDQ="},"indexInfo":{"baseKey":"BYsaNDY8zTOQYbJWkhh9RQqOizUpL6wwVC/uQ3m/pewU","baseKeyType":1,"closed":-1,"used":1747820404735,"created":1747801267870,"remoteIdentityKey":"BRMPMAS86TRquBtQVxjzh2rObtxp9CVgx2/GOmFwzzsn"},"_chains":{"BUwFGgbKYdH1xZ2XFRtU8yk3d5HDhfPEOA7QPqAUId4i":{"chainKey":{"counter":0,"key":"C8yVCm7h6HKAUsTAE+Mw0ZBOo6wIAzzWAcS3BSl6Gcw="},"chainType":2,"messageKeys":{}},"BWM42Hty9gIRV1BJVhGx175rL2iI8piwHKitVb/lT3Z4":{"chainKey":{"counter":55,"key":"GJXz5hziCkst5SSbQCMTUMl/P8/dJjrIac8wiT/WP98="},"chainType":1,"messageKeys":{}}}}},"version":"v1"}