{"_sessions":{"BcdY6P1NAFg3xIsZ5pcCzHcHKLI6KXMmSqQ6EbvKyzoC":{"registrationId":1978312760,"currentRatchet":{"ephemeralKeyPair":{"pubKey":"BaQvtXojK5TvBJ4XmW9oa5fLRujKx8hRwRGVcRqZZs04","privKey":"KDHGqC10pqV9ZawRQx9Mf2iymmuGewYoEI7Rugu+cUM="},"lastRemoteEphemeralKey":"BSILvR4omMEP8/KYv9RCNi+DHUI0pv0Yln2mf/y22y9X","previousCounter":23,"rootKey":"SfSY3upnWW1fR/Mf5jIzy37QtV3VHKY/e/8/binnwkk="},"indexInfo":{"baseKey":"BcdY6P1NAFg3xIsZ5pcCzHcHKLI6KXMmSqQ6EbvKyzoC","baseKeyType":1,"closed":-1,"used":1747820378261,"created":1747801267804,"remoteIdentityKey":"BVwCSStYh8LIa4aQRAN8KBnQ5BvZGKsX7DdC+ukRkQY0"},"_chains":{"BSILvR4omMEP8/KYv9RCNi+DHUI0pv0Yln2mf/y22y9X":{"chainKey":{"counter":0,"key":"ywzSxb/WuWoefdQ4y9v3nzrPD7Px+xAZ8lunKZIMUPY="},"chainType":2,"messageKeys":{}},"BaQvtXojK5TvBJ4XmW9oa5fLRujKx8hRwRGVcRqZZs04":{"chainKey":{"counter":55,"key":"c3IANj1cajvTuOw2J9Rfv1F55SjtkE7XgzI4a5agO6w="},"chainType":1,"messageKeys":{}}}}},"version":"v1"}