{"_sessions":{"BQR8XfpEwyVxArVB7+tjXknB2oIqtNqlwGOwGcePM1Jl":{"registrationId":478545329,"currentRatchet":{"ephemeralKeyPair":{"pubKey":"BcK8SUZHVhVB0Dvnjt+lgrAaPg/Zm/Fu1BMKL/wtuv4b","privKey":"mO00F/k5xs++dcFG5m7aoDqKlg3Tq1rABRYvKvQlME0="},"lastRemoteEphemeralKey":"Ba9P5ja+x/wgcRLAMYUBJcJsZTCEP7SsbM58rxj2y6dW","previousCounter":23,"rootKey":"NgfnGVqfB62j5KrfpKLPxP3c2M+qkFM7HQTU5hGxWXE="},"indexInfo":{"baseKey":"BQR8XfpEwyVxArVB7+tjXknB2oIqtNqlwGOwGcePM1Jl","baseKeyType":1,"closed":-1,"used":1747821423245,"created":1747801267597,"remoteIdentityKey":"Bc9tif2wt2PYi3Ewfc9rAM81cSaOKw+WZAkq+Bbrf1VB"},"_chains":{"Ba9P5ja+x/wgcRLAMYUBJcJsZTCEP7SsbM58rxj2y6dW":{"chainKey":{"counter":0,"key":"PWqnF5TZeiXpNs3HsTIAVF6BFtR7S9AFPozMO2Nuhg0="},"chainType":2,"messageKeys":{}},"BcK8SUZHVhVB0Dvnjt+lgrAaPg/Zm/Fu1BMKL/wtuv4b":{"chainKey":{"counter":55,"key":"WzWZBGHnMNZFdkU5Wo+voiBOvIp+R2gUWM2b9QWUJBw="},"chainType":1,"messageKeys":{}}}}},"version":"v1"}