{"_sessions":{"Beb9k8b76RfXpzngdFLty0sx9IXz4D8ee1Jis7bB+KFh":{"registrationId":171345645,"currentRatchet":{"ephemeralKeyPair":{"pubKey":"BRkbDEhSCzhTdifraA6ws+ueeX0DqvaQgcnFWk1eOZh1","privKey":"UE4ex4EzF/UCi5Vugxl025X9gaOlbtRfV1qI+6kLkWg="},"lastRemoteEphemeralKey":"Bdgpu1gi0YBE87QKDebXfhDUkBdEwcwQ8XP4mXhhQfg+","previousCounter":0,"rootKey":"yEcWr0E4o1vftY1ZkYc2X84f7Olzn5oGarXpJA/Q7co="},"indexInfo":{"baseKey":"Beb9k8b76RfXpzngdFLty0sx9IXz4D8ee1Jis7bB+KFh","baseKeyType":1,"closed":-1,"used":1747820920136,"created":1747820920136,"remoteIdentityKey":"BbTksUMIuMaLPprrQQayHJvlgSRqenyPYDax30xtqX9k"},"_chains":{"BRkbDEhSCzhTdifraA6ws+ueeX0DqvaQgcnFWk1eOZh1":{"chainKey":{"counter":0,"key":"Q2+ZVBqtudDhYfJqvHijhp3JZL7vVglWnli0yQJWOcQ="},"chainType":1,"messageKeys":{}}},"pendingPreKey":{"signedKeyId":1,"baseKey":"Beb9k8b76RfXpzngdFLty0sx9IXz4D8ee1Jis7bB+KFh","preKeyId":13504296}}},"version":"v1"}