{"_sessions":{"BQnLoorcJQB5lDnw2LvqnqhCwQflmtBw12s17W8edlFT":{"registrationId":13565,"currentRatchet":{"ephemeralKeyPair":{"pubKey":"BRAf8J6/mKzwzauwbYT3SZ1fqIG9y/3gjYOkSZ5XskML","privKey":"IMNfG+bWWmbGeRB8RPw8cFJCzbYXMaphLI7cVZDH3Hw="},"lastRemoteEphemeralKey":"BQSktvv+KpE9u1cg7+SXpGPoZ6adDpLkzuZ/vqFftoMx","previousCounter":0,"rootKey":"A01eMeoXeENyI6SklygX3W1Pvtm2KQaChgltkU7zoHM="},"indexInfo":{"baseKey":"BQnLoorcJQB5lDnw2LvqnqhCwQflmtBw12s17W8edlFT","baseKeyType":1,"closed":-1,"used":1747813661780,"created":1747813661780,"remoteIdentityKey":"BUkvLwIk8zoMtpURdgnUDR+lbT0bklKm5Rd4X8ZZ7TBP"},"_chains":{"BRAf8J6/mKzwzauwbYT3SZ1fqIG9y/3gjYOkSZ5XskML":{"chainKey":{"counter":30,"key":"RT/J28a8Bt4UUdZbem4shAGE1Z1nH2UwNP+8alZmNIw="},"chainType":1,"messageKeys":{}}},"pendingPreKey":{"signedKeyId":1,"baseKey":"BQnLoorcJQB5lDnw2LvqnqhCwQflmtBw12s17W8edlFT"}}},"version":"v1"}