{"_sessions":{"BWHYlO1VaAbhQiHCxKQ+7eN+xb5LFGsxTRptUK54eRAr":{"registrationId":714177938,"currentRatchet":{"ephemeralKeyPair":{"pubKey":"BWs2KANh4ss9Mt5hn0fOJoF7FRwPlFY9g649R/3uybNY","privKey":"yC7LXF+cP1ofKWcb3Yg6LVQ0tUOze5hAdbo1Ec2TrGw="},"lastRemoteEphemeralKey":"BURA/e5oKyNJL3pbKo1+gzDkYmP7/d8VOaq5RSsxpI5L","previousCounter":15,"rootKey":"RqgKxQI7HsqPnhrTuWVONbUUZ7U1fbZxhRBLiMllhzQ="},"indexInfo":{"baseKey":"BWHYlO1VaAbhQiHCxKQ+7eN+xb5LFGsxTRptUK54eRAr","baseKeyType":2,"closed":-1,"used":1747834848195,"created":1747807557062,"remoteIdentityKey":"BW9MdXkLaMK1jqapwVRAEQha85ljGUwITp/hjh4wylFh"},"_chains":{"BSNTFLlbZ4KrVCs5HCAmU5mjQNekrwQT9tqocMh49HU7":{"chainKey":{"counter":0},"chainType":2,"messageKeys":{}},"BexWwD1mFAhAGiTTIWpBfukqGBOdymjEFifRSaurD0cp":{"chainKey":{"counter":0},"chainType":2,"messageKeys":{}},"BURA/e5oKyNJL3pbKo1+gzDkYmP7/d8VOaq5RSsxpI5L":{"chainKey":{"counter":0,"key":"wQkOezoF/Kothea+db0/YaUgRYeiKD8tyFJxskqpWV8="},"chainType":2,"messageKeys":{}},"BWs2KANh4ss9Mt5hn0fOJoF7FRwPlFY9g649R/3uybNY":{"chainKey":{"counter":0,"key":"KLvCwTItNV+G5ebrORw4aRJdKkdUnWDPkoyRK6HAusk="},"chainType":1,"messageKeys":{}}}}},"version":"v1"}