{"_sessions":{"BVht01FU/+wuETSFfGuvEmOgOEgxQq4o2gDgyg6VCmVl":{"registrationId":682541468,"currentRatchet":{"ephemeralKeyPair":{"pubKey":"BTPorg43v9a6W8eEwR/xu7uLTYCcbWQFp+feFf92D99q","privKey":"wC5zhyAP9iJfTRwXYbJT/c+UEzs4WSSIwhTtahx/LE0="},"lastRemoteEphemeralKey":"BbBRVQLfgleaUzn2KZAug1tZDQ8tBL6WQAg5s7MkwvES","previousCounter":23,"rootKey":"3nv4PFJELlJtq8ukjslMdOv0miNfBegu5JtOELaUAD8="},"indexInfo":{"baseKey":"BVht01FU/+wuETSFfGuvEmOgOEgxQq4o2gDgyg6VCmVl","baseKeyType":1,"closed":-1,"used":1747820381031,"created":1747801267524,"remoteIdentityKey":"BbPXTz6TrJQYGWtPTOjV+UNVzHVpsZYUqtzcLMeaYe1p"},"_chains":{"BbBRVQLfgleaUzn2KZAug1tZDQ8tBL6WQAg5s7MkwvES":{"chainKey":{"counter":0,"key":"Zkyak5qJdNTk95BSurJsvRuiQS1glXguBCkTGMMQW98="},"chainType":2,"messageKeys":{}},"BTPorg43v9a6W8eEwR/xu7uLTYCcbWQFp+feFf92D99q":{"chainKey":{"counter":55,"key":"K+EeOLBH1xGmLVH0OiuzstNrap3S9TbZaJmmZlIIVqQ="},"chainType":1,"messageKeys":{}}}}},"version":"v1"}