{"_sessions":{"BaDnTyzDsQJi0zg03r8BUboj45uCANjRqTT6u/PJQNwZ":{"registrationId":936667757,"currentRatchet":{"ephemeralKeyPair":{"pubKey":"BfN4SmdwIo0xItEuJZDjpdWHkD9YdetJxcuSI75LkZV2","privKey":"aCqUJ6mg6fU/2m/UaK9bf/zPu4AathieJguWppSTu08="},"lastRemoteEphemeralKey":"BZ/XcvFNpWvpU73SX1+wVEm+iM1fKiEZVPjevQTRXOFD","previousCounter":0,"rootKey":"VTrbWc8q2CouzVO6VLxjlHiG58AqHPQGa11+GQ5abEY="},"indexInfo":{"baseKey":"BaDnTyzDsQJi0zg03r8BUboj45uCANjRqTT6u/PJQNwZ","baseKeyType":1,"closed":-1,"used":1747801267518,"created":1747801267518,"remoteIdentityKey":"BQ+v9DkMW/2sL5JOpDLa3VP+2Q2lDYahQkYmAzZPt+Fc"},"_chains":{"BfN4SmdwIo0xItEuJZDjpdWHkD9YdetJxcuSI75LkZV2":{"chainKey":{"counter":79,"key":"mHfTL0yK0FjE5I9bxyMOgWunoybHPI4+EHKe9T3DWVo="},"chainType":1,"messageKeys":{}}},"pendingPreKey":{"signedKeyId":1,"baseKey":"BaDnTyzDsQJi0zg03r8BUboj45uCANjRqTT6u/PJQNwZ","preKeyId":15424912}}},"version":"v1"}