{"_sessions":{"BYR+ZC+89B+eKCkPh5Z1QWfq5/WBvqSeeE05zx8jFpNS":{"registrationId":299173904,"currentRatchet":{"ephemeralKeyPair":{"pubKey":"BV28vlC+qRPjndtbAZR/e2o1bM0g1NzKVF0W1dqy84VA","privKey":"6EEDiGdnCirJJJ1zdDbDI69auJrq3b5gRnYk0imvTVg="},"lastRemoteEphemeralKey":"BZ2b4MHPk5bQJjhuBFE2Aifp1zV6nMxRDDPwHATe6/8i","previousCounter":0,"rootKey":"z5A7JmbXZSXDLNJKpkYn1YhEbFXmnDYDf3MFAnHuuyc="},"indexInfo":{"baseKey":"BYR+ZC+89B+eKCkPh5Z1QWfq5/WBvqSeeE05zx8jFpNS","baseKeyType":1,"closed":-1,"used":1747813661939,"created":1747813661939,"remoteIdentityKey":"BQrQHgXoI4BDNp1EnGTiewaQUmPXfO0k0nYtqGoPKHlk"},"_chains":{"BV28vlC+qRPjndtbAZR/e2o1bM0g1NzKVF0W1dqy84VA":{"chainKey":{"counter":30,"key":"ZvSTpGR15+551PAj08ij60yMstt2VFDEHVaCJa9GFhA="},"chainType":1,"messageKeys":{}}},"pendingPreKey":{"signedKeyId":1,"baseKey":"BYR+ZC+89B+eKCkPh5Z1QWfq5/WBvqSeeE05zx8jFpNS"}}},"version":"v1"}