{"_sessions":{"BaLZ2+cRG3RsRLsejVuFAiI3ggEQf+yWSRdbbWcTQotP":{"registrationId":153566998,"currentRatchet":{"ephemeralKeyPair":{"pubKey":"BYL47RReStYFUVouyCqaQqs8F8lQhMDAZUZ8QrJTa05r","privKey":"6L4Wm5nSwFVboQMKQIInEo5g5be3NAzntjyf5iyrsmo="},"lastRemoteEphemeralKey":"BdupkdCzebT9ka5oqcRvK0TrUZYeyqiaRTKwCzK+LB4G","previousCounter":14,"rootKey":"uVYzV65owwDpi5QIqD21MxC34dFfFdSFxSo9Nt9872g="},"indexInfo":{"baseKey":"BaLZ2+cRG3RsRLsejVuFAiI3ggEQf+yWSRdbbWcTQotP","baseKeyType":2,"closed":-1,"used":1747831497605,"created":1747824173020,"remoteIdentityKey":"BUxMjZRiwfgGd1T3dhUNIN+2/Nf+XxEpa+8Ljw0ksukX"},"_chains":{"BWtunV2mVKGQlCK0OoN98R30j/TpUlEzyeW32pICNb9J":{"chainKey":{"counter":2},"chainType":2,"messageKeys":{}},"BdupkdCzebT9ka5oqcRvK0TrUZYeyqiaRTKwCzK+LB4G":{"chainKey":{"counter":0,"key":"HYw/xDfz5ORm6GcAkpLQDHV+ggjNRFJKJMh0vcL5vhI="},"chainType":2,"messageKeys":{}},"BYL47RReStYFUVouyCqaQqs8F8lQhMDAZUZ8QrJTa05r":{"chainKey":{"counter":3,"key":"U/kSNBIkd7wAkgYkSYHY9jdBDgWx6hrh74RMdBXISUo="},"chainType":1,"messageKeys":{}}}}},"version":"v1"}