{"_sessions":{"BRpTSLC4DZaW7En6qC2O6LvzsfPK+rY0R1hdBnGMFwpV":{"registrationId":592434117,"currentRatchet":{"ephemeralKeyPair":{"pubKey":"BSnyM0SNEhyzIkDgjVDzqidy0Xv02szjDyh50rjWx+Io","privKey":"KCnT9pnM+2op9jDZZsRUUn248F45Ho5UTpJqLnhA5UY="},"lastRemoteEphemeralKey":"BbpLDJtvn/UrHyMpcBJKPvCxWGYrk+1webW4fmGas9YV","previousCounter":0,"rootKey":"XtgsaU1MezTc4jFCNv46ayzW3zJ9L8DOzDQstxGrezs="},"indexInfo":{"baseKey":"BRpTSLC4DZaW7En6qC2O6LvzsfPK+rY0R1hdBnGMFwpV","baseKeyType":1,"closed":-1,"used":1747801267479,"created":1747801267479,"remoteIdentityKey":"BTL2z/peuWNPBn7B0WmT4Zq/Tq0ZaK1ARu2+LUgFKWcN"},"_chains":{"BSnyM0SNEhyzIkDgjVDzqidy0Xv02szjDyh50rjWx+Io":{"chainKey":{"counter":68,"key":"r1Uu/YvBbryx+RQTe+g7OKpfuXuW2/Upog5RgWJCosY="},"chainType":1,"messageKeys":{}}},"pendingPreKey":{"signedKeyId":0,"baseKey":"BRpTSLC4DZaW7En6qC2O6LvzsfPK+rY0R1hdBnGMFwpV"}}},"version":"v1"}