{"_sessions":{"BX3qnPfRAcnvjbz/SXMJTgeNJw6sIKHtQfe4XLTCojNI":{"registrationId":243154683,"currentRatchet":{"ephemeralKeyPair":{"pubKey":"BT0aSewSWQTkaJF/H2II6sf1WcuBqaBmBVL2nInFcrgm","privKey":"aDh9PjTwPGTTnoo2Vm+DYl2HN6Hwg6WOWMB1HWRAN2w="},"lastRemoteEphemeralKey":"Bbs0N+x2C8FapKDfcpxReDHcVWKzdFl/hGMrPQivta8g","previousCounter":0,"rootKey":"5W6GxLmdQaiKRr28ubCo1+uaP3SsTKBWCVjV6Jb2dS0="},"indexInfo":{"baseKey":"BX3qnPfRAcnvjbz/SXMJTgeNJw6sIKHtQfe4XLTCojNI","baseKeyType":1,"closed":-1,"used":1747816416481,"created":1747816416481,"remoteIdentityKey":"BQ61C5b8aIpcMebXGdzJskV+eZ0iE5nma5cXWUN9l1Fr"},"_chains":{"BT0aSewSWQTkaJF/H2II6sf1WcuBqaBmBVL2nInFcrgm":{"chainKey":{"counter":18,"key":"ImRuCbi+Yrh/yK2fVImgnz/AYM4UHs3QHI47QlnPPhc="},"chainType":1,"messageKeys":{}}},"pendingPreKey":{"signedKeyId":20,"baseKey":"BX3qnPfRAcnvjbz/SXMJTgeNJw6sIKHtQfe4XLTCojNI","preKeyId":14927002}}},"version":"v1"}