{"_sessions":{"BeDhEA300KSTOvM+TdH9z5Mq1/+Ve9G8pBamF+PtlXUg":{"registrationId":919752914,"currentRatchet":{"ephemeralKeyPair":{"pubKey":"BUe+766aG7Vm07eh5dFx5aBdbFJ0TsqKcinzqn9I1dB+","privKey":"8EE3Uuhqd6wEebBDx9RhA2jhQHXT3SKk8SdjqsW7w2g="},"lastRemoteEphemeralKey":"BYBI+k6fUgSUgmR4Am+9fixKFarMfG/K6a2TFapNXTNv","previousCounter":0,"rootKey":"dyTcbN/1Artmig/J5NIXJTodUMSOk46w5quqln42ARU="},"indexInfo":{"baseKey":"BeDhEA300KSTOvM+TdH9z5Mq1/+Ve9G8pBamF+PtlXUg","baseKeyType":1,"closed":-1,"used":1747801267581,"created":1747801267581,"remoteIdentityKey":"BedCM8NClSd2iwzs4n9Tdg6NEEbtQCINKTs0EDIxOU4D"},"_chains":{"BUe+766aG7Vm07eh5dFx5aBdbFJ0TsqKcinzqn9I1dB+":{"chainKey":{"counter":79,"key":"UYLgnt065p0MiQnlC8wXwwI1UL0U/uMH0BRSPbDQzrI="},"chainType":1,"messageKeys":{}}},"pendingPreKey":{"signedKeyId":0,"baseKey":"BeDhEA300KSTOvM+TdH9z5Mq1/+Ve9G8pBamF+PtlXUg","preKeyId":13755027}}},"version":"v1"}