{"_sessions":{"BTNSAqNxsNh3RvzcRJXBhSWefUfhG8wlo4kTZkyEfy0o":{"registrationId":14870,"currentRatchet":{"ephemeralKeyPair":{"pubKey":"BVcC3bIzGUoegs4ypDP3HIgCpTTro/nHE86MSzKQG6YD","privKey":"qJZwNGo6rY1ySChtWbJaeL2YsM+kkN9pvZ01Vxx6nmg="},"lastRemoteEphemeralKey":"BTnYAqPJhV0/C/c21dqCBJjnpYiQklEMcGyFXRuY+7AP","previousCounter":0,"rootKey":"u7v0MLYS2XOv5JHwf7QZWC9IQTH00F/IhGMsJk42e70="},"indexInfo":{"baseKey":"BTNSAqNxsNh3RvzcRJXBhSWefUfhG8wlo4kTZkyEfy0o","baseKeyType":1,"closed":-1,"used":1747820920089,"created":1747820920089,"remoteIdentityKey":"BQIOd9hbtFwwoflEVP6FuCojPC4QdKQMGyQ+d/ZrX9d0"},"_chains":{"BVcC3bIzGUoegs4ypDP3HIgCpTTro/nHE86MSzKQG6YD":{"chainKey":{"counter":0,"key":"knLMVbwyxbt+aCLpcslM7ZzgRCdVhMZ9la4xlJV69Eo="},"chainType":1,"messageKeys":{}}},"pendingPreKey":{"signedKeyId":1,"baseKey":"BTNSAqNxsNh3RvzcRJXBhSWefUfhG8wlo4kTZkyEfy0o"}}},"version":"v1"}