{"_sessions":{"BbIg7gdD40WTFEdn6t4DxR1VWnQswcgMDh3zUegvG1RX":{"registrationId":2066968625,"currentRatchet":{"ephemeralKeyPair":{"pubKey":"BVODwpEdUR+2/zs/AxD2eT6hXymYsPzgAtAixehc6vMj","privKey":"ODP1rVlDkMbjtUb6YlM54QrnxrJ7gJV5JhdLGhfn72U="},"lastRemoteEphemeralKey":"BSgOJc2lzF2TfabjmexmlXbT0CYvXGi+wqxDJeKbpVIT","previousCounter":0,"rootKey":"uOhWBtq2J1GBXBQ1UO+Zxu/DfqibhYwwTw+0XE+UoPA="},"indexInfo":{"baseKey":"BbIg7gdD40WTFEdn6t4DxR1VWnQswcgMDh3zUegvG1RX","baseKeyType":1,"closed":-1,"used":1747834858438,"created":1747834858438,"remoteIdentityKey":"BZ7c9tKWe0OAna0ETJyJ0L54sMNbU5k18K5fWhAeLXh+"},"_chains":{"BVODwpEdUR+2/zs/AxD2eT6hXymYsPzgAtAixehc6vMj":{"chainKey":{"counter":1,"key":"92hk5TlGF2Qf4X/YZcsni+uOUGuCJVKkMbsY/0Mn2cI="},"chainType":1,"messageKeys":{}}},"pendingPreKey":{"signedKeyId":21,"baseKey":"BbIg7gdD40WTFEdn6t4DxR1VWnQswcgMDh3zUegvG1RX","preKeyId":1358452}}},"version":"v1"}