{"_sessions":{"BbL+O/oHONDeR0cUA4rPGQeqwB1394dPHWJPM9WJxFVi":{"registrationId":1813003142,"currentRatchet":{"ephemeralKeyPair":{"pubKey":"BVGHmcF0UaKBHtbtGS9IHU1q/uQTCY2OneVIxmy0lAs7","privKey":"EL2C/eUv7X5E31ZNCW5dGreLRFX2WIe3uHt7LbXaZ28="},"lastRemoteEphemeralKey":"BU8p7T1A28m4bMXcm6gOJw8ixEAoMJ6lSN14SjOrCxB3","previousCounter":0,"rootKey":"+ou5ovAUrQhjPOJ2KzyMXkQINDg6OYvw1ffaeLMWGbs="},"indexInfo":{"baseKey":"BbL+O/oHONDeR0cUA4rPGQeqwB1394dPHWJPM9WJxFVi","baseKeyType":1,"closed":-1,"used":1747801267781,"created":1747801267781,"remoteIdentityKey":"BdB43V8vnWSZR2RkpmJ/C4uMv22MOqaVaBEfV0AoSNQX"},"_chains":{"BVGHmcF0UaKBHtbtGS9IHU1q/uQTCY2OneVIxmy0lAs7":{"chainKey":{"counter":8,"key":"tAJSqdBLYEJU1RQH4E5bNgC7ds+l5EVUJxAg5465pN4="},"chainType":1,"messageKeys":{}}},"pendingPreKey":{"signedKeyId":2,"baseKey":"BbL+O/oHONDeR0cUA4rPGQeqwB1394dPHWJPM9WJxFVi","preKeyId":4426400}}},"version":"v1"}