{"_sessions":{"BZPBw5CKNdxdjum7hq4CQpXFbJlB+EfaFrFfPrhnNxBc":{"registrationId":7152,"currentRatchet":{"ephemeralKeyPair":{"pubKey":"BYSmuWOebL2kERmPVhQuqVIz6VJlwvBRjLTQnMc2TDx9","privKey":"eOxHxCL6JFWXUUHXFF3GwHbDObNUhaSb0zK4sBnUDmQ="},"lastRemoteEphemeralKey":"BcGybmDzLXrx7/fRZb97JiF4T0Q9lRU8gMc4lhcxgrkd","previousCounter":0,"rootKey":"6d2d/58CG4GBpecSvAT9BO1rd2viJFrZwWvBTElJOZo="},"indexInfo":{"baseKey":"BZPBw5CKNdxdjum7hq4CQpXFbJlB+EfaFrFfPrhnNxBc","baseKeyType":1,"closed":-1,"used":1747816416343,"created":1747816416343,"remoteIdentityKey":"BcYOFREBacL8k+VXOI/xdMC8gQ4mIMWLamF6XO+lEbAv"},"_chains":{"BYSmuWOebL2kERmPVhQuqVIz6VJlwvBRjLTQnMc2TDx9":{"chainKey":{"counter":18,"key":"5mUmjCMjZAC07Yue1vaj+Zt2Ht9iD6MDHN9u0I/drag="},"chainType":1,"messageKeys":{}}},"pendingPreKey":{"signedKeyId":1,"baseKey":"BZPBw5CKNdxdjum7hq4CQpXFbJlB+EfaFrFfPrhnNxBc","preKeyId":210}}},"version":"v1"}