{"_sessions":{"BeFLkWObWYlm9hBslx/yy49KRyuyi7bONCGxQW2WKmgZ":{"registrationId":15436,"currentRatchet":{"ephemeralKeyPair":{"pubKey":"BVrGuZgMzdctPLI0Onu5P9R4KZ2KRznAv6r245EDmoY/","privKey":"4EBgzB0UT/qghjdLoKoaCSyUt5ZaEwFUjaQn2Htp0kc="},"lastRemoteEphemeralKey":"BVeF0vyzy0UfGzP3zqIYH3xsQ+oNVPgy0djah2W/JDBo","previousCounter":0,"rootKey":"vdAMbB+qZiPWN2+22o7AyfIj9kyP4rtnK33yQ6qersk="},"indexInfo":{"baseKey":"BeFLkWObWYlm9hBslx/yy49KRyuyi7bONCGxQW2WKmgZ","baseKeyType":1,"closed":-1,"used":1747828294458,"created":1747828294458,"remoteIdentityKey":"BfkUvsYV6JRleIVltoXp8RmxISDXkcydrbR+jFwxl75I"},"_chains":{"BVrGuZgMzdctPLI0Onu5P9R4KZ2KRznAv6r245EDmoY/":{"chainKey":{"counter":31,"key":"DzKSx7VxIjda2WUSZ0/maOYhVNRjhMzfwMe1660lwfs="},"chainType":1,"messageKeys":{}}},"pendingPreKey":{"signedKeyId":1,"baseKey":"BeFLkWObWYlm9hBslx/yy49KRyuyi7bONCGxQW2WKmgZ","preKeyId":742}}},"version":"v1"}