{"_sessions":{"BT5PDtMwDiSPNlmdA0++m/cYxlIPc/FJpG9qJgYUhNkp":{"registrationId":1295610764,"currentRatchet":{"ephemeralKeyPair":{"pubKey":"BZ5/YCcKu2NjJjpJRw3GaWEgYCCB3PnfhhYDM7lkDSdn","privKey":"qMvHD4dDwKGOyna1NrLPaOiEYFkOJh8pWwkPJxDnxUU="},"lastRemoteEphemeralKey":"BbwZSDR7zN4rf0L60IXsFi/Hv17/TSW9REo3BPoiFL5I","previousCounter":0,"rootKey":"dmXiSWp8mR58byW4Y4iHR9WfnK/YV03LsgKjHEjAimg="},"indexInfo":{"baseKey":"BT5PDtMwDiSPNlmdA0++m/cYxlIPc/FJpG9qJgYUhNkp","baseKeyType":1,"closed":-1,"used":1747813662003,"created":1747813662003,"remoteIdentityKey":"BWkCHRNt9MZXx3Dq0ep020NkGtxcOytpLCkZGrMyadEn"},"_chains":{"BZ5/YCcKu2NjJjpJRw3GaWEgYCCB3PnfhhYDM7lkDSdn":{"chainKey":{"counter":30,"key":"2caFCzSa/VrDvrrwt/nxxLWK/9Tfqm7FnF+4tf0gD+w="},"chainType":1,"messageKeys":{}}},"pendingPreKey":{"signedKeyId":1,"baseKey":"BT5PDtMwDiSPNlmdA0++m/cYxlIPc/FJpG9qJgYUhNkp","preKeyId":10516231}}},"version":"v1"}