{"_sessions":{"BQdIZzo/gO0SEiSMiK+6Bap6+QpbIYgSTwJ41b3YMlsa":{"registrationId":1045669707,"currentRatchet":{"ephemeralKeyPair":{"pubKey":"BcZeVsIRoX79ADOkSEGTVDvpXoxzPj2zFw5t8GFeriZz","privKey":"mNlnKAbj27BYoWcfLK5fH77HsdFty+LGtMEFgWliXlM="},"lastRemoteEphemeralKey":"BU+dcnHN11pmal3zbfvVLqb+2r70XkQKJv9Z2n2e73pK","previousCounter":23,"rootKey":"pqvpHmUsfv9EhUI1yWE14PcoOmV0Dy2e4niGNp96Br4="},"indexInfo":{"baseKey":"BQdIZzo/gO0SEiSMiK+6Bap6+QpbIYgSTwJ41b3YMlsa","baseKeyType":1,"closed":-1,"used":1747820377628,"created":1747801267695,"remoteIdentityKey":"BbdOK1PeoCE4XjdtaWHBMQyIBBHOSjVdQuqx0Cy35QoB"},"_chains":{"BU+dcnHN11pmal3zbfvVLqb+2r70XkQKJv9Z2n2e73pK":{"chainKey":{"counter":0,"key":"zK+xeXkFEMVTpoGJStDWDAdrV8/5H9nPMFjZjMc+AjQ="},"chainType":2,"messageKeys":{}},"BcZeVsIRoX79ADOkSEGTVDvpXoxzPj2zFw5t8GFeriZz":{"chainKey":{"counter":3,"key":"7OWXEb/090uj5Dmkuz7XOL6ibbIF6y82eU9GxaJVlf8="},"chainType":1,"messageKeys":{}}}}},"version":"v1"}