{"_sessions":{"BfRwqN0nFXzRnY2NUSz5B1My7vv1KcpZ5viRn0JxqtQ8":{"registrationId":706981230,"currentRatchet":{"ephemeralKeyPair":{"pubKey":"BZ/jF67bCFB/u+ntXH0h5XSUKjiHju7NizNYdaxZPdkI","privKey":"gDwIQPl5U8bsyAb4TfzrPVsHi1jbPRQG8/bHsDCp22o="},"lastRemoteEphemeralKey":"BYLW/tBHY3qXtVORwRLWf6JbCzRm1AYcHJTsjpepsA9n","previousCounter":0,"rootKey":"IW6cR1jF1Kj+euqj9Ivhi9H/7sTu6DkAbLiqVxu5hgg="},"indexInfo":{"baseKey":"BfRwqN0nFXzRnY2NUSz5B1My7vv1KcpZ5viRn0JxqtQ8","baseKeyType":1,"closed":-1,"used":1747813661934,"created":1747813661934,"remoteIdentityKey":"BUt5VAUSJ8VlzYjZRrYelb+U4hAyW69nB5LMOTxfOMxi"},"_chains":{"BZ/jF67bCFB/u+ntXH0h5XSUKjiHju7NizNYdaxZPdkI":{"chainKey":{"counter":30,"key":"3KKsX7MnSv0EqI2iJ5CX0Ydml3YZ2Nbr8rr8kZnVqIU="},"chainType":1,"messageKeys":{}}},"pendingPreKey":{"signedKeyId":14,"baseKey":"BfRwqN0nFXzRnY2NUSz5B1My7vv1KcpZ5viRn0JxqtQ8","preKeyId":10155506}}},"version":"v1"}