{"_sessions":{"BSko16Xt9jkwD00drJ7rojnOt+VVJcmwYJnq8ZLdbVtm":{"registrationId":1193250313,"currentRatchet":{"ephemeralKeyPair":{"pubKey":"BUmT5fydAbqC3N7vPZPHgqPxfsEgFfVg7EGJv8/48d8j","privKey":"QLi4Z4i1ZMccirALyH5eY+oev++5K20BqPxkk7/4WEg="},"lastRemoteEphemeralKey":"BQztDIttR2eGIlR6ZvovlZK0nG4TMxk2xZGOM2xvcHg/","previousCounter":23,"rootKey":"yzWNLoRzmO+vN0ao4rouGKvziN3ROU1X8ncrXEZd4aA="},"indexInfo":{"baseKey":"BSko16Xt9jkwD00drJ7rojnOt+VVJcmwYJnq8ZLdbVtm","baseKeyType":1,"closed":-1,"used":1747820379147,"created":1747801267646,"remoteIdentityKey":"Bdx9tIH7cwjeRjWekeRYmvTMzZjp5ImpqGkVhh5hQIA/"},"_chains":{"BQztDIttR2eGIlR6ZvovlZK0nG4TMxk2xZGOM2xvcHg/":{"chainKey":{"counter":0,"key":"A0KDbPMPxmZ185burstqQ/wE0h2A2L1i5KqFhqLxiYQ="},"chainType":2,"messageKeys":{}},"BUmT5fydAbqC3N7vPZPHgqPxfsEgFfVg7EGJv8/48d8j":{"chainKey":{"counter":55,"key":"dAMIqmS8am2fC5hTgFM+KYaxpgE9jedcSYvI/NDHlcM="},"chainType":1,"messageKeys":{}}}}},"version":"v1"}