{"_sessions":{"BeS4BXudiPgvAa6fDCojs78nF24lgANbneyZR5kRBkhL":{"registrationId":349492228,"currentRatchet":{"ephemeralKeyPair":{"pubKey":"BR2/kIcCzwYae1GpZYe4S5aoV+aLlfg/pGb+YN2JSSpE","privKey":"sLWhsZ9hNUt6pZUzz30EzkpjMG2z1fJ9Uy2eM0McaGs="},"lastRemoteEphemeralKey":"Bdl3v+LkmaeeZsOSJ0vjYBkYjUvsUJ2cn/LLt5mqJfwB","previousCounter":0,"rootKey":"Zn+76eX/snWWqLYHEaZLpy7Up7KRWFPGzx3Tu8z2ea0="},"indexInfo":{"baseKey":"BeS4BXudiPgvAa6fDCojs78nF24lgANbneyZR5kRBkhL","baseKeyType":1,"closed":-1,"used":1747813661970,"created":1747813661970,"remoteIdentityKey":"BeKaNRS2wMXIc9eb85fCw7Vq7rkLFnZ2aphqn8EMQnoW"},"_chains":{"BR2/kIcCzwYae1GpZYe4S5aoV+aLlfg/pGb+YN2JSSpE":{"chainKey":{"counter":30,"key":"+nmozMWw2ELACBUSd0vsErC6zmK4QtG9Psu+KYQmfTU="},"chainType":1,"messageKeys":{}}},"pendingPreKey":{"signedKeyId":0,"baseKey":"BeS4BXudiPgvAa6fDCojs78nF24lgANbneyZR5kRBkhL"}}},"version":"v1"}