{"_sessions":{"BZezofoqUEe1GbR3Es+cF/ao+m4m3EdgSuITG5XpEgdj":{"registrationId":7026,"currentRatchet":{"ephemeralKeyPair":{"pubKey":"BXZLlTjtvtSgX8+1bMDJQBnOXH6iJZ+ZEw9FoMt29KV8","privKey":"gJwxMgvMwiShiTkatfU9Vve9qlkAcdp3H2BhuXRmZG4="},"lastRemoteEphemeralKey":"BcJgjWwdvvsNMsZJz3rNMG81kETqsR7k33LptZrFX09A","previousCounter":0,"rootKey":"r+IRtBEx8Fa4w3DBMnhrfEucBR9OgxxNZ73cLCsYUis="},"indexInfo":{"baseKey":"BZezofoqUEe1GbR3Es+cF/ao+m4m3EdgSuITG5XpEgdj","baseKeyType":1,"closed":-1,"used":1747813661557,"created":1747813661557,"remoteIdentityKey":"BTaycdSdg+cKpf/7/fhlQpeOQrsVMdmBBqeZliHT5/oY"},"_chains":{"BXZLlTjtvtSgX8+1bMDJQBnOXH6iJZ+ZEw9FoMt29KV8":{"chainKey":{"counter":30,"key":"Pgi7LgPhuSo4tdOOdRk06vBmbsGy+5Uv1KMPfFXZ8rw="},"chainType":1,"messageKeys":{}}},"pendingPreKey":{"signedKeyId":1,"baseKey":"BZezofoqUEe1GbR3Es+cF/ao+m4m3EdgSuITG5XpEgdj"}}},"version":"v1"}