{"_sessions":{"BYQhDs7B+j5p4jKV3M7A6EduNB6FZEKsrtNOIbmCMSdl":{"registrationId":767688676,"currentRatchet":{"ephemeralKeyPair":{"pubKey":"BdWwxDq6orJ88QYQUy3fGjcIWeKUl9Af6KyOmwPvrYt6","privKey":"gBBclO/XKfBorR3ksaGQkM2YIFoWLP3Tk46842PG0H8="},"lastRemoteEphemeralKey":"BTNqRQfDvMBZ2+ycAVsO6KNcJ9t93XilEMN4lxdSPyJ4","previousCounter":0,"rootKey":"+RZb4vSS6uJNR6wkTP1YmvEvBc5Bam3N7t+GNiARLs0="},"indexInfo":{"baseKey":"BYQhDs7B+j5p4jKV3M7A6EduNB6FZEKsrtNOIbmCMSdl","baseKeyType":1,"closed":-1,"used":1747801267707,"created":1747801267707,"remoteIdentityKey":"BZS/rQT6+zrwSuWvf1pAc4VlnTyvW0pdZTOf+/JdFSA+"},"_chains":{"BdWwxDq6orJ88QYQUy3fGjcIWeKUl9Af6KyOmwPvrYt6":{"chainKey":{"counter":79,"key":"x+/pzcRuG480BmKkGmFCSaHKbDY8/VyMBuXO7WYAgNw="},"chainType":1,"messageKeys":{}}},"pendingPreKey":{"signedKeyId":0,"baseKey":"BYQhDs7B+j5p4jKV3M7A6EduNB6FZEKsrtNOIbmCMSdl"}}},"version":"v1"}