{"_sessions":{"BX8wrXbLJ337+NWZWwrWEgTrCwcBDt0St+si3YIuWGMl":{"registrationId":403391154,"currentRatchet":{"ephemeralKeyPair":{"pubKey":"BQeVcYTvjqUvHgcHlZZaYZZMoAAPBZT5UiBeJOJ1GYMm","privKey":"UE+kFkGf2dYhw4AGYDYMBWPjtYPfL5Ca1uLpwSdjUHA="},"lastRemoteEphemeralKey":"BUy1se+ufwoARU/WYabTX5XqrJyFF2rEGGuW4AjYWwE6","previousCounter":0,"rootKey":"LNiayLO2PbHNXCRtVhWFeGeFPIlDLKXaxFSEH48v5C8="},"indexInfo":{"baseKey":"BX8wrXbLJ337+NWZWwrWEgTrCwcBDt0St+si3YIuWGMl","baseKeyType":1,"closed":1747842209206,"used":1747801267904,"created":1747801267904,"remoteIdentityKey":"BfFAu0fKkBVWmsXIq3rk+bb4kcIDRkL8FiJlRjBIueIR"},"_chains":{"BQeVcYTvjqUvHgcHlZZaYZZMoAAPBZT5UiBeJOJ1GYMm":{"chainKey":{"counter":76,"key":"dwLiGu1vIXR+5ngwlkRifkZDRgmT0OKK+KW2VAEHO7U="},"chainType":1,"messageKeys":{}}},"pendingPreKey":{"signedKeyId":6,"baseKey":"BX8wrXbLJ337+NWZWwrWEgTrCwcBDt0St+si3YIuWGMl","preKeyId":2729124}},"BQZ0J9nY+IhSKx0gsEX3XHKmbXCWU3wg+JoT3J8lxd1w":{"registrationId":403391154,"currentRatchet":{"ephemeralKeyPair":{"pubKey":"BTiBpwxSOs535Vn+JcEJh2PPOF9OqUoOUNzczntG6CxY","privKey":"mK9UTf85pAsH2/8bcTkpyh85Lo/db38BqvfZXyZbdE8="},"lastRemoteEphemeralKey":"BUy1se+ufwoARU/WYabTX5XqrJyFF2rEGGuW4AjYWwE6","previousCounter":0,"rootKey":"83zBglQQKyo+YdXaIAUI1Xj/l8zeNckFfdf+Qu6N+Y4="},"indexInfo":{"baseKey":"BQZ0J9nY+IhSKx0gsEX3XHKmbXCWU3wg+JoT3J8lxd1w","baseKeyType":1,"closed":1747842237734,"used":1747842209204,"created":1747842209204,"remoteIdentityKey":"BfFAu0fKkBVWmsXIq3rk+bb4kcIDRkL8FiJlRjBIueIR"},"_chains":{"BTiBpwxSOs535Vn+JcEJh2PPOF9OqUoOUNzczntG6CxY":{"chainKey":{"counter":0,"key":"pcdJyO6ApoDoUJl25ZuBtvVDBYeI00NHgWsx+y9qO1c="},"chainType":1,"messageKeys":{}}},"pendingPreKey":{"signedKeyId":6,"baseKey":"BQZ0J9nY+IhSKx0gsEX3XHKmbXCWU3wg+JoT3J8lxd1w","preKeyId":2726323}},"BfmQyxNFTS2uCW1biVOuQzNZe9c7/4jZ7Sy2G3vvMi4d":{"registrationId":403391154,"currentRatchet":{"ephemeralKeyPair":{"pubKey":"BeeD5dVqXvGU9tMC27QMUeHQbim5yYouzZQX6/sJ5+8T","privKey":"oJX2/B75m7ebDMIiSXBXXZtNHCUuCV4oNP/4PP7qpkw="},"lastRemoteEphemeralKey":"BUy1se+ufwoARU/WYabTX5XqrJyFF2rEGGuW4AjYWwE6","previousCounter":0,"rootKey":"HWMMHgPlq2iKBJC+5p4QLri9YT+iTgmo2CLkgZ/55qY="},"indexInfo":{"baseKey":"BfmQyxNFTS2uCW1biVOuQzNZe9c7/4jZ7Sy2G3vvMi4d","baseKeyType":1,"closed":1747842370022,"used":1747842237732,"created":1747842237732,"remoteIdentityKey":"BfFAu0fKkBVWmsXIq3rk+bb4kcIDRkL8FiJlRjBIueIR"},"_chains":{"BeeD5dVqXvGU9tMC27QMUeHQbim5yYouzZQX6/sJ5+8T":{"chainKey":{"counter":0,"key":"6YQL7khonKCa1Dv/oR8fNuvIcLh6XR4t26kfGyOP0Vg="},"chainType":1,"messageKeys":{}}},"pendingPreKey":{"signedKeyId":6,"baseKey":"BfmQyxNFTS2uCW1biVOuQzNZe9c7/4jZ7Sy2G3vvMi4d","preKeyId":2726324}},"BRvUj0oEZQsYEhAM8mxR/rwkuGJSGz9hDWkK0qFOWqln":{"registrationId":403391154,"currentRatchet":{"ephemeralKeyPair":{"pubKey":"BWDjg7rIFUxBsajc0nQon6eO0QUsQbMLNVYG/J6LFpZE","privKey":"sADBEW+6pmeyrzSOMZ9eA/yanWU4XwHUuT5myY6KhEs="},"lastRemoteEphemeralKey":"BUy1se+ufwoARU/WYabTX5XqrJyFF2rEGGuW4AjYWwE6","previousCounter":0,"rootKey":"h3I6Mt161FJS5tYe1Q69YacM69j4CyNa0G14lkzfIPI="},"indexInfo":{"baseKey":"BRvUj0oEZQsYEhAM8mxR/rwkuGJSGz9hDWkK0qFOWqln","baseKeyType":1,"closed":-1,"used":1747842370020,"created":1747842370020,"remoteIdentityKey":"BfFAu0fKkBVWmsXIq3rk+bb4kcIDRkL8FiJlRjBIueIR"},"_chains":{"BWDjg7rIFUxBsajc0nQon6eO0QUsQbMLNVYG/J6LFpZE":{"chainKey":{"counter":0,"key":"FA3vEoYhzWLweX5xjRCJQ/wVZYxR+pL//1LWnwr9JY0="},"chainType":1,"messageKeys":{}}},"pendingPreKey":{"signedKeyId":6,"baseKey":"BRvUj0oEZQsYEhAM8mxR/rwkuGJSGz9hDWkK0qFOWqln","preKeyId":2728190}}},"version":"v1"}