{"_sessions":{"BQagEMv+3KOfKQJzQBdBz1YTKe1xKPQfMlevi3OTj5Uf":{"registrationId":1950077277,"currentRatchet":{"ephemeralKeyPair":{"pubKey":"BQZdIuQ79quhkw3CuGgy8PwEjGDlTaO+u23kNvX3zrg6","privKey":"mHP6MBeg//W6SpukYfcKcha2yJgRc4HwYwBG4Y4MOmI="},"lastRemoteEphemeralKey":"BeDJ+ihGDKbaLNChQi29gZEMXTnOYHOMCHHABQS01AND","previousCounter":0,"rootKey":"KmD6BAqrx40YKJqi5CeO9YtHv4Bs6mljHsH/n+eEvEY="},"indexInfo":{"baseKey":"BQagEMv+3KOfKQJzQBdBz1YTKe1xKPQfMlevi3OTj5Uf","baseKeyType":2,"closed":-1,"used":1747804690939,"created":1747804690939,"remoteIdentityKey":"BeNSsXGNYaWiIW+ZYAOkRNOJaUplzvnae3iiInK1hhUJ"},"_chains":{"BeDJ+ihGDKbaLNChQi29gZEMXTnOYHOMCHHABQS01AND":{"chainKey":{"counter":0,"key":"HnirwCD6QBxczMShatWjgFKwwS1sGFbUHGrXfSAuGN0="},"chainType":2,"messageKeys":{}},"BQZdIuQ79quhkw3CuGgy8PwEjGDlTaO+u23kNvX3zrg6":{"chainKey":{"counter":18,"key":"ZL7jjqoCMHNSGdbOaro8Jczmowd2ocChM26U7zYT26o="},"chainType":1,"messageKeys":{}}}}},"version":"v1"}