{"_sessions":{"BcUQ4nxfk+Yf4P5Ub5IjGENj5A7wqqw+2WkMM/qyztlM":{"registrationId":574645947,"currentRatchet":{"ephemeralKeyPair":{"pubKey":"Bb8QQZj8s/S4zC9Pbk/uQC5ddONKSv50V5e4lzjciEEf","privKey":"aFW9CWpUxDouXsWuYzS8bKsxwNNAyZneR58WAGxgkmw="},"lastRemoteEphemeralKey":"BewTZjspWmcFRHFJkaw3ctf7kFVcMZr4BagGo+e/Ltk1","previousCounter":0,"rootKey":"+XdKUPTBGLiHjLBS1TFH3DjHH59YXwNnpBLnvimmukQ="},"indexInfo":{"baseKey":"BcUQ4nxfk+Yf4P5Ub5IjGENj5A7wqqw+2WkMM/qyztlM","baseKeyType":1,"closed":-1,"used":1747834445129,"created":1747820920124,"remoteIdentityKey":"BdnNSostluEtZKB7Y6JpW9xUOVW4RquqeU7jXshnvTg2"},"_chains":{"BewTZjspWmcFRHFJkaw3ctf7kFVcMZr4BagGo+e/Ltk1":{"chainKey":{"counter":1,"key":"Nxoxlv0uXAPEYvkponL/qG6vV94/kY/8DQvIw6Q5gJg="},"chainType":2,"messageKeys":{}},"Bb8QQZj8s/S4zC9Pbk/uQC5ddONKSv50V5e4lzjciEEf":{"chainKey":{"counter":-1,"key":"gLxnmo5XyRJkaedLu9Z9jShpiybHWJ5hX55RbqJ6uQ8="},"chainType":1,"messageKeys":{}}}}},"version":"v1"}