{"_sessions":{"BaBiPLwva4vDmas/GZw+zEsmERXsHnxfCC2UIQSAcmhw":{"registrationId":382675456,"currentRatchet":{"ephemeralKeyPair":{"pubKey":"BRdekTKb6gShxICoxy7qTPe0DqwhVxZt3I547XPNE+Nm","privKey":"eNtk2A4y1JjrAH/6Iyo83LvzTbGAzRb8FgWmZ3R3lUg="},"lastRemoteEphemeralKey":"BV3jie8Dq2zzViltm+iP1JOBIX8yxoptLJwJykUXUH9m","previousCounter":0,"rootKey":"GneXUU2ebQeTChaSuzM09ips5JWAWJsCqinEHkIlewg="},"indexInfo":{"baseKey":"BaBiPLwva4vDmas/GZw+zEsmERXsHnxfCC2UIQSAcmhw","baseKeyType":1,"closed":-1,"used":1747801267502,"created":1747801267502,"remoteIdentityKey":"BU840IF8gtRg3LR6F/rqyMKa4WKwH2y6jfk6XAtzSAg3"},"_chains":{"BRdekTKb6gShxICoxy7qTPe0DqwhVxZt3I547XPNE+Nm":{"chainKey":{"counter":79,"key":"QmeJu4vdmCjzPyhtAJzSrvQamAF9JGnL+E+o8jI64Mw="},"chainType":1,"messageKeys":{}}},"pendingPreKey":{"signedKeyId":1,"baseKey":"BaBiPLwva4vDmas/GZw+zEsmERXsHnxfCC2UIQSAcmhw"}}},"version":"v1"}