{"_sessions":{"BbX8b2jAs9VheEcTllX3lqsCh/BFuuCTmZtTqQYCIXE5":{"registrationId":760536131,"currentRatchet":{"ephemeralKeyPair":{"pubKey":"BQNp//3FIOMjH9sODG8xH7Pd9pS1z46F0/Tc5Zszl2Ma","privKey":"WFl+STw9lhcssUATBzIGMpA238wRrJ0dsUUjKhRtvH0="},"lastRemoteEphemeralKey":"BWNMweJfxt2Mgt97M464z/fjUhnuOdz5msWEmKJiVWMm","previousCounter":23,"rootKey":"BEIHaG9hrK49Xc5B+a6jLgCMtforfsnScIT6r5w+1YY="},"indexInfo":{"baseKey":"BbX8b2jAs9VheEcTllX3lqsCh/BFuuCTmZtTqQYCIXE5","baseKeyType":1,"closed":-1,"used":1747820380314,"created":1747801267626,"remoteIdentityKey":"BdWKTxa4758ZKaQWdGsLu8IJU1qsaJ9nCkWDgNEiWf5C"},"_chains":{"BWNMweJfxt2Mgt97M464z/fjUhnuOdz5msWEmKJiVWMm":{"chainKey":{"counter":0,"key":"L+x9Y42W8pSwFWjz2VhTMDHLMEnFUhIep5TNbgd/w0c="},"chainType":2,"messageKeys":{}},"BQNp//3FIOMjH9sODG8xH7Pd9pS1z46F0/Tc5Zszl2Ma":{"chainKey":{"counter":55,"key":"AnnIfrfyI5qZi1iNsv0iqEJP0g+lcRFeunYV6icoGo4="},"chainType":1,"messageKeys":{}}}}},"version":"v1"}