{"_sessions":{"BcHxLabbwe1x8T/kMvT4qsM2qV48C2Z1TO3cSY1mwdAW":{"registrationId":1251290647,"currentRatchet":{"ephemeralKeyPair":{"pubKey":"BZ6te6doGhRp7E6stuwtPAeVmxJ8c1E8bYthBUz1l7Nq","privKey":"6Nd+QVlepozfADs3d+fsByLUvkPf2JbjdCHCAVJxl3g="},"lastRemoteEphemeralKey":"BeQRqkhHVcEMT/2pJ0wuGkpY6jkOgfnVWttD0D3L1+Rp","previousCounter":0,"rootKey":"R/sY5aZLzZWFEFs99HDqin3kFqipYbgZyr1xuU6hktE="},"indexInfo":{"baseKey":"BcHxLabbwe1x8T/kMvT4qsM2qV48C2Z1TO3cSY1mwdAW","baseKeyType":1,"closed":-1,"used":1747816416504,"created":1747816416504,"remoteIdentityKey":"BfYY7ZZHiEAwyWxNdXWQLa1y0QNdmMMeC/fQ0dYF261h"},"_chains":{"BZ6te6doGhRp7E6stuwtPAeVmxJ8c1E8bYthBUz1l7Nq":{"chainKey":{"counter":18,"key":"LkoDKi79KhgJMKVdRyzVoL/atH5No0HDS526pbhKiI8="},"chainType":1,"messageKeys":{}}},"pendingPreKey":{"signedKeyId":4,"baseKey":"BcHxLabbwe1x8T/kMvT4qsM2qV48C2Z1TO3cSY1mwdAW","preKeyId":8897452}}},"version":"v1"}