{"_sessions":{"BXdYzb41VJtnD3q2YXBa7sqTdILzWpaoSf+10iiBy6Ff":{"registrationId":423300296,"currentRatchet":{"ephemeralKeyPair":{"pubKey":"BaLX2EcHyuiduY1xlbE3NyWBNX3YbEDtE1pcK3/Dqpk8","privKey":"AH+YmPwpsJ0MHTwCl/rPr+jq8PtziypjnqXr1N+DBkM="},"lastRemoteEphemeralKey":"BTe6EM525RqTODyQdU/TEwFsOFeyqECSXubyTObDv7RH","previousCounter":0,"rootKey":"Qhx5gAFMIsEQ45IbFFpXwzIIfIl9cHs3wYpC3ijekmw="},"indexInfo":{"baseKey":"BXdYzb41VJtnD3q2YXBa7sqTdILzWpaoSf+10iiBy6Ff","baseKeyType":1,"closed":-1,"used":1747816416426,"created":1747816416426,"remoteIdentityKey":"Bf4Un2pmPHUDW8IcXcVe2nBxFheolmXUP7OcKVlJ59Rk"},"_chains":{"BaLX2EcHyuiduY1xlbE3NyWBNX3YbEDtE1pcK3/Dqpk8":{"chainKey":{"counter":18,"key":"E3DFRLVagvru/FrEOKjyDvlb/6PwMi04dHCuVeWyH58="},"chainType":1,"messageKeys":{}}},"pendingPreKey":{"signedKeyId":6,"baseKey":"BXdYzb41VJtnD3q2YXBa7sqTdILzWpaoSf+10iiBy6Ff","preKeyId":5479720}}},"version":"v1"}