{"_sessions":{"BQh3xEX3PyAyfNN9ICCXvE+zU/KE7fQCwhGkvBI8PTJR":{"registrationId":238962904,"currentRatchet":{"ephemeralKeyPair":{"pubKey":"BU+3ce40MifWNZwJBp4P72l44Cm9BjI/m1SeRC4f44NA","privKey":"4P7ybK0mLeFUTuurxhaMVd9pMq5wS6U8cOJKmu4qT0s="},"lastRemoteEphemeralKey":"BeZcYsot1zMPmfFG4FOJyNpkY3MELKwFKhaSr6bEBu4K","previousCounter":0,"rootKey":"0dFDId94I3FWKJHlD0rPKQwMu7EfsHsZoqOP3uxiknw="},"indexInfo":{"baseKey":"BQh3xEX3PyAyfNN9ICCXvE+zU/KE7fQCwhGkvBI8PTJR","baseKeyType":1,"closed":-1,"used":1747801267677,"created":1747801267677,"remoteIdentityKey":"BfxzBHnx3dmXLNzYXSTI048y39EGNOBjK7sQXZhQfuM3"},"_chains":{"BU+3ce40MifWNZwJBp4P72l44Cm9BjI/m1SeRC4f44NA":{"chainKey":{"counter":79,"key":"bzYp/FVJA7pYg98ERlVMpNc9dW3jhGzzSa3YBXpqnpE="},"chainType":1,"messageKeys":{}}},"pendingPreKey":{"signedKeyId":3,"baseKey":"BQh3xEX3PyAyfNN9ICCXvE+zU/KE7fQCwhGkvBI8PTJR","preKeyId":8877193}}},"version":"v1"}