{"_sessions":{"BbZGHIc2bYkxeMP4DzrHMalOj2gfA0Q4/290uE7sUX16":{"registrationId":717656312,"currentRatchet":{"ephemeralKeyPair":{"pubKey":"BS4cRXDv7r+iHOjAfaHx8Xxg5hf5MR+6whkcLtYggk1A","privKey":"qNN/X0oaUPKLBTPBgThHhSgfLEReIEJCm1gJtcyKk10="},"lastRemoteEphemeralKey":"BXlTYG5De/V/YmX7xpmg6TZPor5QHGPfDif3YxNOb458","previousCounter":0,"rootKey":"z2E2X1sow05+q/qgWwGYw8pMS6PVI47k3+TUVs6ikI0="},"indexInfo":{"baseKey":"BbZGHIc2bYkxeMP4DzrHMalOj2gfA0Q4/290uE7sUX16","baseKeyType":1,"closed":-1,"used":1747813661889,"created":1747813661889,"remoteIdentityKey":"BSpatK5kqjewLnXnX67FuIfo61l+Gk84mjATFIO7ZU8N"},"_chains":{"BS4cRXDv7r+iHOjAfaHx8Xxg5hf5MR+6whkcLtYggk1A":{"chainKey":{"counter":30,"key":"QIqj08vOwdNISCzYLYVxan66ZwwyJ/+i/5tXS3P8mnk="},"chainType":1,"messageKeys":{}}},"pendingPreKey":{"signedKeyId":0,"baseKey":"BbZGHIc2bYkxeMP4DzrHMalOj2gfA0Q4/290uE7sUX16"}}},"version":"v1"}