{"_sessions":{"BdGBPBDs/1cxH+FcOoO3piAygfzWiFwX14Uls8VHazN9":{"registrationId":753803450,"currentRatchet":{"ephemeralKeyPair":{"pubKey":"BbcUZzOhMfwK4xLidKk8YIjmVBVsB7dcUbOocNpVrx4h","privKey":"SPLmH7vXtxYSaMg7al6taqJa4fympUK3BKzIxKZyyk4="},"lastRemoteEphemeralKey":"BeFQm8awS3Kd7LeCsJY9VZ2vtEzasPmh269yjzJ+oi8C","previousCounter":23,"rootKey":"OBKKyaZe7aE+XADC/5qyiRJj3lMDgSYUhcQOyqqvhKg="},"indexInfo":{"baseKey":"BdGBPBDs/1cxH+FcOoO3piAygfzWiFwX14Uls8VHazN9","baseKeyType":1,"closed":-1,"used":1747820378230,"created":1747801267492,"remoteIdentityKey":"BTEQRioIW/WN2a9FDLRGxvPH+t0xzQyqrWKliCQWgO8x"},"_chains":{"BeFQm8awS3Kd7LeCsJY9VZ2vtEzasPmh269yjzJ+oi8C":{"chainKey":{"counter":0,"key":"NJwT6Gy9UEexT0Hj88ETAQMPncdfbYQOKM+08ox9nAc="},"chainType":2,"messageKeys":{}},"BbcUZzOhMfwK4xLidKk8YIjmVBVsB7dcUbOocNpVrx4h":{"chainKey":{"counter":55,"key":"TuG2sPfgrhgj253QUWsUdFrR/xs0m1+I4V7sNkm0Jks="},"chainType":1,"messageKeys":{}}}}},"version":"v1"}