{"_sessions":{"BZxsuoF4urnCrzwLHM1MTjx5ifbwIuVCcQTsBl3yT5tO":{"registrationId":1413751236,"currentRatchet":{"ephemeralKeyPair":{"pubKey":"BfesVAkzA1E22UME5pbn0gv8i3QW5Ypo0NkhDRy4+ch7","privKey":"+LjfnEqujSW1VyoPj3SXcoW1mLmgL5t98w02BNk9PVE="},"lastRemoteEphemeralKey":"BUG13guhTYvburlSNrULlk2BVtFJEcLXCdChkmlkLWNw","previousCounter":0,"rootKey":"qwxUq1EuStPdLe8iG7LKsDUomQk5dpqGHVBK3O1HJi4="},"indexInfo":{"baseKey":"BZxsuoF4urnCrzwLHM1MTjx5ifbwIuVCcQTsBl3yT5tO","baseKeyType":1,"closed":-1,"used":1747801267427,"created":1747801267427,"remoteIdentityKey":"BW9F0F6a5ORpM+SPTTfQCp0iVOXgsmbmRNq2d2+REm5Q"},"_chains":{"BfesVAkzA1E22UME5pbn0gv8i3QW5Ypo0NkhDRy4+ch7":{"chainKey":{"counter":20,"key":"eKlQAAndfPu0otwn8neGdzouevH5nuEndCCzpHLESjQ="},"chainType":1,"messageKeys":{}}},"pendingPreKey":{"signedKeyId":0,"baseKey":"BZxsuoF4urnCrzwLHM1MTjx5ifbwIuVCcQTsBl3yT5tO","preKeyId":1535}}},"version":"v1"}