{"_sessions":{"BbrSlHjkGQjNFwCtCNwvqozwtNksD3Z5Yv7PwD8v0eMs":{"registrationId":1456501987,"currentRatchet":{"ephemeralKeyPair":{"pubKey":"BWSiLkOz5tlemMfp+FPlKsmGoW6ymr2jPMAHp9IUpe1a","privKey":"IH1itQfNmhoSacXTk+wZxNeMlwFXyZdADafKgqn+FUA="},"lastRemoteEphemeralKey":"BcKnzpRYZ7lzmeYEyL/Oxb66cUCfg/hwoFR7gsk5yzhZ","previousCounter":0,"rootKey":"yvrZljPopELNWsAi87Mm3Ky31SqlE2g61T3iQ9PZbdo="},"indexInfo":{"baseKey":"BbrSlHjkGQjNFwCtCNwvqozwtNksD3Z5Yv7PwD8v0eMs","baseKeyType":1,"closed":-1,"used":1747801267717,"created":1747801267717,"remoteIdentityKey":"BTmE6fG5rirRSVe9BkVUs5seKU+6YK4jA4428DiwwwpD"},"_chains":{"BWSiLkOz5tlemMfp+FPlKsmGoW6ymr2jPMAHp9IUpe1a":{"chainKey":{"counter":79,"key":"EkgujU76WyVpSJu0o2IFNsd1UGcm5OBSsAInusIYZ5U="},"chainType":1,"messageKeys":{}}},"pendingPreKey":{"signedKeyId":5,"baseKey":"BbrSlHjkGQjNFwCtCNwvqozwtNksD3Z5Yv7PwD8v0eMs","preKeyId":5238790}}},"version":"v1"}