{"_sessions":{"BdP7yqn+bgDadM4gvW/qoD4okLopjiTnb45lvcymx6NX":{"registrationId":1704968813,"currentRatchet":{"ephemeralKeyPair":{"pubKey":"BcOzHPmuh5r35SDzT7WQrGUM/p4zfTMk34u2iZrmBztz","privKey":"EBq/xSGxMWad1ns1LS8mEYDPQLBS1f4wcGD5zE+3b0s="},"lastRemoteEphemeralKey":"BYVBqft22/kBMygnSY88KTjv15isRdHK3ErlQp56VYN2","previousCounter":0,"rootKey":"0SDirE768wLF37XrEMifvwZ7WKK9B61aCpVij5tO+IA="},"indexInfo":{"baseKey":"BdP7yqn+bgDadM4gvW/qoD4okLopjiTnb45lvcymx6NX","baseKeyType":1,"closed":-1,"used":1747820920100,"created":1747820920100,"remoteIdentityKey":"Be30JrS2+fT3OR0btdfDYKSy/20Rrk6uqGFAwcKE95YS"},"_chains":{"BcOzHPmuh5r35SDzT7WQrGUM/p4zfTMk34u2iZrmBztz":{"chainKey":{"counter":0,"key":"9jkcLrA2U2NTSYpXu6ukmMfwTkOdbkaluljeSDBr3vk="},"chainType":1,"messageKeys":{}}},"pendingPreKey":{"signedKeyId":17,"baseKey":"BdP7yqn+bgDadM4gvW/qoD4okLopjiTnb45lvcymx6NX","preKeyId":10794771}}},"version":"v1"}