{"_sessions":{"Bf5fcnl19cllh+Hl5WDI8lp+vDJkW4c70ta3wAEBXh5c":{"registrationId":2099584078,"currentRatchet":{"ephemeralKeyPair":{"pubKey":"BQcy5pDUM9+XLbZ9KnFK5dZevbCkCAvuG3TYpkO1grRf","privKey":"8Gz4Ij2VfzuMBN1kRIBgDdmp9clLI3+UTMm4Qu72uFE="},"lastRemoteEphemeralKey":"BYzUexymed72T3pZmH8tkN58x9Wa/IJqLItA69F7WLsv","previousCounter":23,"rootKey":"v6WvltlVlnXSBya5WGP7NoYUDOKfb1M0KIwc1+6ozXI="},"indexInfo":{"baseKey":"Bf5fcnl19cllh+Hl5WDI8lp+vDJkW4c70ta3wAEBXh5c","baseKeyType":1,"closed":-1,"used":1747820570409,"created":1747801267683,"remoteIdentityKey":"BX2HxHBRbccaKtD7Ov+oSgeJxT73L/lEx67LARsUbLZ/"},"_chains":{"BYzUexymed72T3pZmH8tkN58x9Wa/IJqLItA69F7WLsv":{"chainKey":{"counter":1,"key":"X3it/FhmQ8xxdmuhiWGjNGp+jddtsSUR58VQB65HUSM="},"chainType":2,"messageKeys":{}},"BQcy5pDUM9+XLbZ9KnFK5dZevbCkCAvuG3TYpkO1grRf":{"chainKey":{"counter":55,"key":"b6pbiKg58FgpT0gpZRxrDbymM/SwAd0VI+lfrAG+A4Y="},"chainType":1,"messageKeys":{}}}}},"version":"v1"}