{"_sessions":{"BbJt9ZdwGWWVLqLj98vT9D4AZawxGzszhzIRo7Sdocl0":{"registrationId":1059395613,"currentRatchet":{"ephemeralKeyPair":{"pubKey":"BeP3Qy4Y2QnK1v6I3CUZ+BKBYid4CTLPq+MjaEQ881sZ","privKey":"4DP2Mhd/4qbf3XGI47y8GvcqQTROpikDsBnRPXKAfUU="},"lastRemoteEphemeralKey":"BeJ4xkVVKuww/lPy4jGAZEkKVWP/ZyyofMD7rXjonQYz","previousCounter":14,"rootKey":"vObjaKemZlM+D6FlDGZQGM8M4kGxMGo2Zj7Kk1XY14c="},"indexInfo":{"baseKey":"BbJt9ZdwGWWVLqLj98vT9D4AZawxGzszhzIRo7Sdocl0","baseKeyType":1,"closed":-1,"used":1747820379159,"created":1747801267555,"remoteIdentityKey":"BUOef6kas9pLD+ukpoXIIzh091d1Zs4e0mX5+1LjXxIE"},"_chains":{"BQqaMfYSpRR5aHNksqQawZKsb+9hfwRHmnKhHAU/ontI":{"chainKey":{"counter":1},"chainType":2,"messageKeys":{}},"BeJ4xkVVKuww/lPy4jGAZEkKVWP/ZyyofMD7rXjonQYz":{"chainKey":{"counter":0,"key":"IabzxLKbYI5TUwHZnUetD5JKYuMwa87ptJKt2mwq9B8="},"chainType":2,"messageKeys":{}},"BeP3Qy4Y2QnK1v6I3CUZ+BKBYid4CTLPq+MjaEQ881sZ":{"chainKey":{"counter":55,"key":"xNRw7389aXU+qDHG2XEn49xPa3GDAvfhLpJRiFaxhqk="},"chainType":1,"messageKeys":{}}}}},"version":"v1"}