{"_sessions":{"BR0qzmIeyh6SVtYQT2KQGvfiYmr1uDUFfyMRIrshzoE/":{"registrationId":180252215,"currentRatchet":{"ephemeralKeyPair":{"pubKey":"BYd+f3KN7Zms+OLo5FGT5pGW2i3FscMk7Jq8CAEkUvBF","privKey":"WIInjCaSLfX1HyQff8kWGAWWxB14Uir6dU6XJNyY83M="},"lastRemoteEphemeralKey":"BfMydsprkHNiOi6NUtpWWUmT7UNDvxhMkMhBYxBrBcw0","previousCounter":0,"rootKey":"goCVdOAr14wwKUXriX4Cvxac5dNuZ+0xeItj/YRjcB8="},"indexInfo":{"baseKey":"BR0qzmIeyh6SVtYQT2KQGvfiYmr1uDUFfyMRIrshzoE/","baseKeyType":1,"closed":-1,"used":1747801267899,"created":1747801267899,"remoteIdentityKey":"BaMjbLk2EfgDpYKwpgW3Yghsv7lWOAmi5gdvGnPpYSd1"},"_chains":{"BYd+f3KN7Zms+OLo5FGT5pGW2i3FscMk7Jq8CAEkUvBF":{"chainKey":{"counter":79,"key":"u3CdpfKy0dGnsep10DTEb0PVx/az9yBJy0XTYm4rDS8="},"chainType":1,"messageKeys":{}}},"pendingPreKey":{"signedKeyId":2,"baseKey":"BR0qzmIeyh6SVtYQT2KQGvfiYmr1uDUFfyMRIrshzoE/","preKeyId":14995059}}},"version":"v1"}