{"_sessions":{"BWUWbZ1QyOJBz6zASQYUFy4WDMmL8phn3rPs13/uXyt/":{"registrationId":693680653,"currentRatchet":{"ephemeralKeyPair":{"pubKey":"BY6VKU3LFemrOAFeChTv4hETJLC1VB59FjE4w6xQaHoH","privKey":"qINFfPDX+hbGbh09IRBfaKYGnoyPhEGC8FwlXmXYTmc="},"lastRemoteEphemeralKey":"BYwR5jDV3RKw+yDIi0+VCyGAEnoTqT6imvcMEcWDHp93","previousCounter":23,"rootKey":"5s+EBgnnpYgnU6oBYYdX/5Obgjze7MvE63mr52a407U="},"indexInfo":{"baseKey":"BWUWbZ1QyOJBz6zASQYUFy4WDMmL8phn3rPs13/uXyt/","baseKeyType":1,"closed":-1,"used":1747820394517,"created":1747801267498,"remoteIdentityKey":"BZPbf4z64EHL/poSp2DsSwgiwOz8C5TVnUD7WY37H2gQ"},"_chains":{"BYwR5jDV3RKw+yDIi0+VCyGAEnoTqT6imvcMEcWDHp93":{"chainKey":{"counter":0,"key":"4RDU5kUAVefMOnrOGuVfRO7o0PMVORtORhLpS2yWawU="},"chainType":2,"messageKeys":{}},"BY6VKU3LFemrOAFeChTv4hETJLC1VB59FjE4w6xQaHoH":{"chainKey":{"counter":55,"key":"BTdodgGK/KTNTBteDzUQPmC7hm+SARGI2sy2iVDmRww="},"chainType":1,"messageKeys":{}}}}},"version":"v1"}