{"_sessions":{"BeOLAXKMsv+UwBgixwYdr0Y3B3kwini3uoJS7wXfajAa":{"registrationId":2063347307,"currentRatchet":{"ephemeralKeyPair":{"pubKey":"BRDaHeRemQoiNs1P2D95WBvVYRY3liN5MzQFhXPhA49m","privKey":"EB6M9QKhTVMCq5+wYNlkVkvSIWQvLnzQ6tbQkr1brn8="},"lastRemoteEphemeralKey":"BXcsX/jMTSJ4itVIvrkSklfqhn2meujSTRgQtN1xlKId","previousCounter":0,"rootKey":"mQ41yGPOF9BCEXp5I/j/RQBX6TWrgJ2qnV4nJ/+zUaM="},"indexInfo":{"baseKey":"BeOLAXKMsv+UwBgixwYdr0Y3B3kwini3uoJS7wXfajAa","baseKeyType":1,"closed":-1,"used":1747816416514,"created":1747816416514,"remoteIdentityKey":"BYZ3GpG3zMqPWyGvF5LXSC+dZvhJY/APWK7WkGgWPH8G"},"_chains":{"BRDaHeRemQoiNs1P2D95WBvVYRY3liN5MzQFhXPhA49m":{"chainKey":{"counter":18,"key":"EQ3lnHXk22HTVfnuA+SxgTBFXvHEBcq2OlotOOz3wEw="},"chainType":1,"messageKeys":{}}},"pendingPreKey":{"signedKeyId":20,"baseKey":"BeOLAXKMsv+UwBgixwYdr0Y3B3kwini3uoJS7wXfajAa","preKeyId":4732073}}},"version":"v1"}