{"_sessions":{"BQNAjYmy55MomQ9zoMNVyxN3dcX/Fbg0PNZGAoaXnoUf":{"registrationId":310242800,"currentRatchet":{"ephemeralKeyPair":{"pubKey":"BcUqYIihFDxwoD1ApMxbBksnCOytBBVUPGVqo03Ffxh5","privKey":"WCiCHyP0Qs4zNYQh9jYLoO8Gq0BN1GYc/UiyeS3ZUE0="},"lastRemoteEphemeralKey":"BY2eIHhHfB2uue04XW76MqNs04+B/QexXabu7l0q8at6","previousCounter":0,"rootKey":"qpfKvA/FX+TfYXrmOmHcgKQUxvdQ+m9p3eFBN5l9Tcs="},"indexInfo":{"baseKey":"BQNAjYmy55MomQ9zoMNVyxN3dcX/Fbg0PNZGAoaXnoUf","baseKeyType":1,"closed":-1,"used":1747801267774,"created":1747801267774,"remoteIdentityKey":"BZtbT3+kmJ9FdlT2AcpwkxFNzBeY37Pke7VDyl4Xnkco"},"_chains":{"BcUqYIihFDxwoD1ApMxbBksnCOytBBVUPGVqo03Ffxh5":{"chainKey":{"counter":79,"key":"4LwVQWYVQ6wv5waCef84sfzo3We8OkIFDkk+lC4kWj4="},"chainType":1,"messageKeys":{}}},"pendingPreKey":{"signedKeyId":15,"baseKey":"BQNAjYmy55MomQ9zoMNVyxN3dcX/Fbg0PNZGAoaXnoUf","preKeyId":5300970}}},"version":"v1"}