{"_sessions":{"Bb0e4hGqGAN+NSLfPXwqylI9GEZf/2jRjfZOhf8/yqAK":{"registrationId":12791,"currentRatchet":{"ephemeralKeyPair":{"pubKey":"BfbsKKsMwCG3yqF/9pDRTp0Iy/Q9q5RVfmLKxRZJ25dH","privKey":"2AMz9G6etJFQ6PO7aNTVqDMD9XXwUJjJgesi3q6b8Uo="},"lastRemoteEphemeralKey":"BbiVf5ETa/l3CCR7tiMN5wkotYWad7x14K/7rS3XigEd","previousCounter":0,"rootKey":"6fKR6QGLDqHCgUiNEzc/xT7g/oyW7HmyzKCLyJ8/8d8="},"indexInfo":{"baseKey":"Bb0e4hGqGAN+NSLfPXwqylI9GEZf/2jRjfZOhf8/yqAK","baseKeyType":1,"closed":-1,"used":1747813661734,"created":1747813661734,"remoteIdentityKey":"Ban5u6EljfGI42N4PlUe+dCtN6IgeoazyJs9oredch9I"},"_chains":{"BfbsKKsMwCG3yqF/9pDRTp0Iy/Q9q5RVfmLKxRZJ25dH":{"chainKey":{"counter":30,"key":"5azYPQ9cAkx/cLOCSd30QuPG4sccUgepkUvH5ZDyvmw="},"chainType":1,"messageKeys":{}}},"pendingPreKey":{"signedKeyId":1,"baseKey":"Bb0e4hGqGAN+NSLfPXwqylI9GEZf/2jRjfZOhf8/yqAK","preKeyId":1641}}},"version":"v1"}