{"_sessions":{"BSxpzweHwu6ZgKv7W7CHnakd9hwdiy1Bn4NiEHlmfvdm":{"registrationId":1216590617,"currentRatchet":{"ephemeralKeyPair":{"pubKey":"BavyVKQP8kHImGXD2PgnRKdStXRBgc4enqiQi7TDdR0d","privKey":"KBPRikOh3HLF8D4a3c9dBNSvyrS/b4l07a+6gZbhhW0="},"lastRemoteEphemeralKey":"BYwrFnHb4/nKwHF2DxbUPplCIIrKQWxdl6CCrwNASVFf","previousCounter":0,"rootKey":"5pvCUq+eF0OZB8CUgXlpWvfkmL36CgR40CPIuGDWxuM="},"indexInfo":{"baseKey":"BSxpzweHwu6ZgKv7W7CHnakd9hwdiy1Bn4NiEHlmfvdm","baseKeyType":1,"closed":-1,"used":1747816416432,"created":1747816416432,"remoteIdentityKey":"BUpd9YM0/tVpMNi2xJxya33F950Jl/z2HayNkibg3E4u"},"_chains":{"BavyVKQP8kHImGXD2PgnRKdStXRBgc4enqiQi7TDdR0d":{"chainKey":{"counter":18,"key":"SwvS+dwt2G5+S86FPXz2lGf8+BDeNzK+gAMpC5s2la4="},"chainType":1,"messageKeys":{}}},"pendingPreKey":{"signedKeyId":4,"baseKey":"BSxpzweHwu6ZgKv7W7CHnakd9hwdiy1Bn4NiEHlmfvdm","preKeyId":200241}}},"version":"v1"}