{"_sessions":{"BRllCyiEDjRWNfmAgd4cy6ksTt08eBBzJmB0+GerVcon":{"registrationId":1497552195,"currentRatchet":{"ephemeralKeyPair":{"pubKey":"BW9sYRDmQUgUZd3nLpm5VjxNr3tEmbB7i5qnwJnS3qkJ","privKey":"4PewWsr9gDJngtnGeyekohXfZfF7rqM02cDwneJ1a1A="},"lastRemoteEphemeralKey":"BfQYubNEpsFSsmgTPAv0Cy6GCaFRGcI3NuxkRpt8ZEoj","previousCounter":23,"rootKey":"LWJO8LHsC+nTzTdsdgioDQBKa4wMlYFOgZkbYHmscWc="},"indexInfo":{"baseKey":"BRllCyiEDjRWNfmAgd4cy6ksTt08eBBzJmB0+GerVcon","baseKeyType":1,"closed":-1,"used":1747821864496,"created":1747801267826,"remoteIdentityKey":"BQAEegDU/K9oGFONLZcZ8cLGW1NzTYKHaJqqoVjyP6lq"},"_chains":{"BfQYubNEpsFSsmgTPAv0Cy6GCaFRGcI3NuxkRpt8ZEoj":{"chainKey":{"counter":1,"key":"+XNhkQP1nOyxBcNhU0W1Bpt991FIetfxk5M5Qro4EHk="},"chainType":2,"messageKeys":{}},"BW9sYRDmQUgUZd3nLpm5VjxNr3tEmbB7i5qnwJnS3qkJ":{"chainKey":{"counter":55,"key":"o9gmY1R6LdDd5Vk7VUcUy8ysG5+hz8XD1gaq3KkQ810="},"chainType":1,"messageKeys":{}}}}},"version":"v1"}