{"_sessions":{"BeQP48M6/Dn6mFvaS6akLxUeA/YQ7Z9aOZfGd00Q/g0z":{"registrationId":411780432,"currentRatchet":{"ephemeralKeyPair":{"pubKey":"BQICCO/kTe6B2a8zS5H+M70N93ZGVfyNWLnF6Id2BNpO","privKey":"COp7IUSHgEXSIWHFxbE87/NeUxbp0+KWxcGO/ckwrVY="},"lastRemoteEphemeralKey":"BaKEat1Iw6JXfY74zdYk2ybVp2LPA4XYZmwlTZSbQoY2","previousCounter":0,"rootKey":"so7sgNW3yP7RM+BaZhWJvfXNCMS1qrNa9rSG2nRRbPs="},"indexInfo":{"baseKey":"BeQP48M6/Dn6mFvaS6akLxUeA/YQ7Z9aOZfGd00Q/g0z","baseKeyType":1,"closed":-1,"used":1747816416438,"created":1747816416438,"remoteIdentityKey":"BfodCcwS7CbGKERYZlKEi/aJO/SgW9jM1IQCNpLGE6of"},"_chains":{"BQICCO/kTe6B2a8zS5H+M70N93ZGVfyNWLnF6Id2BNpO":{"chainKey":{"counter":18,"key":"yN+7qNtyB97OSj6330KAJeNiELmn//+UsxwpDvRST3w="},"chainType":1,"messageKeys":{}}},"pendingPreKey":{"signedKeyId":14,"baseKey":"BeQP48M6/Dn6mFvaS6akLxUeA/YQ7Z9aOZfGd00Q/g0z","preKeyId":13437976}}},"version":"v1"}