{"_sessions":{"BWccXWsgdOZIPaQ49fUUJrwVnljYaimOtTPvQtzrSnt8":{"registrationId":1582332620,"currentRatchet":{"ephemeralKeyPair":{"pubKey":"BbAV8EsFLkO1D6yTINcdhq2usvPE94e+63YSH/dON7wS","privKey":"QNfliiOZ52hflvowbnMc5k7d846NwMpvXLP/k7TFb2M="},"lastRemoteEphemeralKey":"BXOIQP9ChQOMXkmtkAkyJ/ATzjHQQeK5pgiTB6FmL0g5","previousCounter":13,"rootKey":"KkATw/PMpx2RAbC6z4f66H9Ku5LQihV0wazPZaMh2h8="},"indexInfo":{"baseKey":"BWccXWsgdOZIPaQ49fUUJrwVnljYaimOtTPvQtzrSnt8","baseKeyType":1,"closed":-1,"used":1747809337111,"created":1747801267766,"remoteIdentityKey":"Bf++kJBNfELneuEVUCJN+zTzkrecJkdgG5wf6V6Ddj9P"},"_chains":{"BXOIQP9ChQOMXkmtkAkyJ/ATzjHQQeK5pgiTB6FmL0g5":{"chainKey":{"counter":0,"key":"tFZfiwDON6BePVWu9fzH4upU1cbJ4ksngY9QY4u4yVg="},"chainType":2,"messageKeys":{}},"BbAV8EsFLkO1D6yTINcdhq2usvPE94e+63YSH/dON7wS":{"chainKey":{"counter":65,"key":"VQrYUPrINjwJ9Nd7omHOk04D5IpN7+XFJY2oPoikkSs="},"chainType":1,"messageKeys":{}}}}},"version":"v1"}