{"_sessions":{"BRCbOQL6zwRVi+TIw5h0eMmyCHMRT40IIq77SllP0Gsf":{"registrationId":692009167,"currentRatchet":{"ephemeralKeyPair":{"pubKey":"BQR1WW0Q+3mv8wzx7uNV0dFPNZUvxaNpVa81bq8Z6fEg","privKey":"CNwC/tw8/8GoYmkYua+HtjY82lm25d8JXIuwG2bd7EM="},"lastRemoteEphemeralKey":"BV3ufnkhNSBs4eblvia2k8soL/lgHt7K0HcdB4wHp5pB","previousCounter":0,"rootKey":"9ZnP5MKY7C2yic0BpdOs+k8Q/2NCnyEOIdUGVcxj2Ko="},"indexInfo":{"baseKey":"BRCbOQL6zwRVi+TIw5h0eMmyCHMRT40IIq77SllP0Gsf","baseKeyType":1,"closed":-1,"used":1747801267592,"created":1747801267592,"remoteIdentityKey":"Bf2qCpLdqOtY5tkf7FD2klWG5stuQgVelycPLvW6dlEj"},"_chains":{"BQR1WW0Q+3mv8wzx7uNV0dFPNZUvxaNpVa81bq8Z6fEg":{"chainKey":{"counter":79,"key":"PwUvo52Cd84+ntb5qt4KTTmaIQFJ/vEjciLCGjcBXfE="},"chainType":1,"messageKeys":{}}},"pendingPreKey":{"signedKeyId":2,"baseKey":"BRCbOQL6zwRVi+TIw5h0eMmyCHMRT40IIq77SllP0Gsf","preKeyId":6615766}}},"version":"v1"}