{"_sessions":{"Bbq/sM0M4syrcEVdqIudBsOqvR3h8rG0pASMbE94aAoy":{"registrationId":514409223,"currentRatchet":{"ephemeralKeyPair":{"pubKey":"BVngyotiymxu/az/xLBqR5lR5YOOcQmUJsTIWJSjX6hA","privKey":"6F6a8iRn5kyYwFr+tMLaRQtrBISbO0sglf8Kj4I8uUA="},"lastRemoteEphemeralKey":"BbfgLxRQeFz3/pQolDwUDPO59UjnKXNXg/eq8Z1wBEwR","previousCounter":2,"rootKey":"sQ04EaVXATZDjxB1LIDEkvcdo8QCBapJFMhQ+9w1kig="},"indexInfo":{"baseKey":"Bbq/sM0M4syrcEVdqIudBsOqvR3h8rG0pASMbE94aAoy","baseKeyType":1,"closed":-1,"used":1747820653455,"created":1747801267615,"remoteIdentityKey":"BV8nLEI1uoArmJOHjMAFC9fhasFKA4Q9HPxq56LOGWVv"},"_chains":{"BYsxUrOcX0bpO7Wqt0bD05NT2/4p1ySYcaXYxnywWrp3":{"chainKey":{"counter":1},"chainType":2,"messageKeys":{}},"BbfgLxRQeFz3/pQolDwUDPO59UjnKXNXg/eq8Z1wBEwR":{"chainKey":{"counter":3,"key":"pDbyYfJNbkD7PCsUctDUz2Ksnq8x9Esxj78VWF/GhRs="},"chainType":2,"messageKeys":{"0":"hXTuBYfoMp06sUQqRSKfeJXJ6XgElWXYCUh4LbBCEiA="}},"BVngyotiymxu/az/xLBqR5lR5YOOcQmUJsTIWJSjX6hA":{"chainKey":{"counter":55,"key":"9C8rEc9HGPWSXJimj5JJTsvz8m9xZDyaMUv03x5ZqoQ="},"chainType":1,"messageKeys":{}}}}},"version":"v1"}