{"_sessions":{"BeeoWzJB5+aMoR1IntuWjTVc63nhshbi9InnEOc7ak02":{"registrationId":1291645013,"currentRatchet":{"ephemeralKeyPair":{"pubKey":"BXISwTB2PH9a+ts5k4YHlyvDBARtM7k+XqMTIH3bE5ln","privKey":"UBOX3Ok9+y2B8DqzScKOCkMZvubZsdgIDe4umLpJCF4="},"lastRemoteEphemeralKey":"BRErQ5xCS9BMc9jFhLKzSCvRlLXxdru/d1QivxSbfZwq","previousCounter":5,"rootKey":"TaNrkiapHpHGhZS6trpMJFsfArFKZDMp/DJUqyJ4ok8="},"indexInfo":{"baseKey":"BeeoWzJB5+aMoR1IntuWjTVc63nhshbi9InnEOc7ak02","baseKeyType":2,"closed":-1,"used":1747832512103,"created":1747798157859,"remoteIdentityKey":"BTG1x7tv+QkOJ1O4y4u0knfos+VBmVTz6IRsPfH3UsEm"},"_chains":{"BT6EoLfKaseGR92J4/G1/e8FABqaMz/OEhZkj/QoGN4F":{"chainKey":{"counter":1},"chainType":2,"messageKeys":{}},"BYt+GqJMQPd9iu8QMJUNopuZz4ReEfiRUvis2ublcS03":{"chainKey":{"counter":1},"chainType":2,"messageKeys":{}},"BeqbSi/PSXqeVvjfUVhop+jZdFsiSXMwbv1C5h87GA9y":{"chainKey":{"counter":0},"chainType":2,"messageKeys":{}},"BRErQ5xCS9BMc9jFhLKzSCvRlLXxdru/d1QivxSbfZwq":{"chainKey":{"counter":0,"key":"4qKAmuuVyHQPABSXOz8JUKHL5940+NWPUiVcbiesqiQ="},"chainType":2,"messageKeys":{}},"BXISwTB2PH9a+ts5k4YHlyvDBARtM7k+XqMTIH3bE5ln":{"chainKey":{"counter":0,"key":"U2ibxghK42IZ3ZUj6gQBRF9MjSMDvmIuE2BfJLTz2h8="},"chainType":1,"messageKeys":{}}}}},"version":"v1"}