{"_sessions":{"BQwWvC6bkclrTgDBDWfj7n2+9ucGu17RVxC7m0dpAbV9":{"registrationId":1734670946,"currentRatchet":{"ephemeralKeyPair":{"pubKey":"BVjFZlUCuUkZf992Yc4W479WzT7rAptvblbwzCdLPDMk","privKey":"4MBvWM8pUlnPXp1ggNuwBejtR35Jx5bbyye4mc0W3mw="},"lastRemoteEphemeralKey":"BUQt+uLwRwy8LwwO3J5DA7EC0YGCnOyLKgEZKT7iXB1g","previousCounter":0,"rootKey":"4GFndZbcc+ptO5DSf2XLTjxHE1xJOCjFJJnQUM0W41Q="},"indexInfo":{"baseKey":"BQwWvC6bkclrTgDBDWfj7n2+9ucGu17RVxC7m0dpAbV9","baseKeyType":1,"closed":-1,"used":1747813661902,"created":1747813661902,"remoteIdentityKey":"BaqkSJcykgO0ESFz44bBNzuhN1O0QyDst4l/6O2Fl5lK"},"_chains":{"BVjFZlUCuUkZf992Yc4W479WzT7rAptvblbwzCdLPDMk":{"chainKey":{"counter":30,"key":"2Ycp0Qg9C0oADzLSdb8r9lD3wc9snSqWFgGAioLqi0Q="},"chainType":1,"messageKeys":{}}},"pendingPreKey":{"signedKeyId":0,"baseKey":"BQwWvC6bkclrTgDBDWfj7n2+9ucGu17RVxC7m0dpAbV9"}}},"version":"v1"}