{"_sessions":{"BdySlnTPXbuo2i/5B543urqwLl/h/vBb1JVoDym7eYRE":{"registrationId":1082652241,"currentRatchet":{"ephemeralKeyPair":{"pubKey":"BZEqClK/qwpGZuj/KWaLJ/1X6LAtcVQo1eRHn5m0eewQ","privKey":"mIOHv1lOEFsHJG6rzOpeJ5RBrLWHVAniXNM93N7LJn4="},"lastRemoteEphemeralKey":"Beb4ps50GRZcC/cYb2QDEI9819I6AoQiSOgybhIizK9W","previousCounter":23,"rootKey":"mAeUML/pPjqW1b6bRmjxLVpP+UHRSeKv/4ihBvsVS70="},"indexInfo":{"baseKey":"BdySlnTPXbuo2i/5B543urqwLl/h/vBb1JVoDym7eYRE","baseKeyType":1,"closed":-1,"used":1747820560164,"created":1747801267529,"remoteIdentityKey":"BUQ4JuX3n5UQ0oBU9my1xbRpF25182jDyIK7NzLVGPlu"},"_chains":{"Beb4ps50GRZcC/cYb2QDEI9819I6AoQiSOgybhIizK9W":{"chainKey":{"counter":0,"key":"874l7disXaQBCpLqd16BfMT6pvUD3ZQJ48xGr+sNrE0="},"chainType":2,"messageKeys":{}},"BZEqClK/qwpGZuj/KWaLJ/1X6LAtcVQo1eRHn5m0eewQ":{"chainKey":{"counter":55,"key":"Z99ZP4o+Q2cItePJMvqP37efiSsQY4XKfUCIjvChRIg="},"chainType":1,"messageKeys":{}}}}},"version":"v1"}