{"_sessions":{"BYypuzEC2T56SgafEZ9nkbT50CHYaQU8WEfgGw15IbV+":{"registrationId":515011615,"currentRatchet":{"ephemeralKeyPair":{"pubKey":"BVkJKPYWpoW9SgIAiKxzeXxvUQTXDGTcxidin0+6NEcU","privKey":"UFavCTIfm2foeWPuwzfUl9C6HepGN0BaJyZF3txPo2c="},"lastRemoteEphemeralKey":"BZTdB2H0FGXib1s9klvlDbIKpaC1bQXTGR6aUH0pnKZE","previousCounter":2,"rootKey":"28mTwHAAuSwmkMhrUPnfHZ022GKvyEOm02f912ZlDOE="},"indexInfo":{"baseKey":"BYypuzEC2T56SgafEZ9nkbT50CHYaQU8WEfgGw15IbV+","baseKeyType":2,"closed":-1,"used":1747828966890,"created":1747804637362,"remoteIdentityKey":"BX0xcAqHRcFyI3snyi43sN9vidx1r7aBi8hQZ07WNo0H"},"_chains":{"BctKbevlUi2k46l3tFoUW2G+ijRulZaRFIN379HzMx5q":{"chainKey":{"counter":0},"chainType":2,"messageKeys":{}},"BZTdB2H0FGXib1s9klvlDbIKpaC1bQXTGR6aUH0pnKZE":{"chainKey":{"counter":0,"key":"+Dhy/9l3vZrPrdAJ0Zq2Guq1h4Mse6FjQlM9Sqo+Ufk="},"chainType":2,"messageKeys":{}},"BVkJKPYWpoW9SgIAiKxzeXxvUQTXDGTcxidin0+6NEcU":{"chainKey":{"counter":15,"key":"1CNN1lMNo3fJWhGMFcsEpWrsztQ7uLgMuf9F3WHPtPI="},"chainType":1,"messageKeys":{}}}}},"version":"v1"}