{"_sessions":{"BTkpI6PS5p/2D4gJbn96LQihAnfreVi3tAaVnNIDRjpl":{"registrationId":118287155,"currentRatchet":{"ephemeralKeyPair":{"pubKey":"Bc8Dcns/DeXGAGEoH/W6Ef63+SZkSPZ1uZbNLB7K8oFA","privKey":"KMp5oKhKc9cyv103ARBsw5ZrPJIRm9xMkObZKuVo6G4="},"lastRemoteEphemeralKey":"BT9gI0sJkLPffMkww0E3eA90DCqbfP7CK+ixTVwO9Q9U","previousCounter":0,"rootKey":"i3Za8YsvB5W0L5jD8yGfbaCTHYjdu9SOftWXxg8KrnE="},"indexInfo":{"baseKey":"BTkpI6PS5p/2D4gJbn96LQihAnfreVi3tAaVnNIDRjpl","baseKeyType":1,"closed":-1,"used":1747840198850,"created":1747820920118,"remoteIdentityKey":"Bcfkhg87loZGdf3XRfXVjBNxo49shHgj3/GPd/F7Ck9I"},"_chains":{"BT9gI0sJkLPffMkww0E3eA90DCqbfP7CK+ixTVwO9Q9U":{"chainKey":{"counter":0,"key":"d2uzZJV+1gB7G9ufk28YZ6bdeOtAAnCokE2sGG9A83M="},"chainType":2,"messageKeys":{}},"Bc8Dcns/DeXGAGEoH/W6Ef63+SZkSPZ1uZbNLB7K8oFA":{"chainKey":{"counter":-1,"key":"DY4hF+wTLVH/kVqM6oSVLXNn0fqPQ8plJxfwLA0BfAQ="},"chainType":1,"messageKeys":{}}}}},"version":"v1"}