{"_sessions":{"BXMx74Brlse+2vjR809JpUyMaRHGv0IqkIA1wa0ufjQU":{"registrationId":698144399,"currentRatchet":{"ephemeralKeyPair":{"pubKey":"BXCH1uG93uT5QV1c4qSez43r25L309DUrIkhdZOYM4Nc","privKey":"oLET9PLCbCZkQngyopefHd8j2ksHPIOpFpFvOm0F92M="},"lastRemoteEphemeralKey":"BfbxAbbdhkeYzTzs70vPRgVqowPFzlYvbHgznkZEFXYi","previousCounter":0,"rootKey":"azs58DzFI5LCjZ96f8G6sUAkVuyBgldzFKGPcG621uk="},"indexInfo":{"baseKey":"BXMx74Brlse+2vjR809JpUyMaRHGv0IqkIA1wa0ufjQU","baseKeyType":1,"closed":-1,"used":1747816416420,"created":1747816416420,"remoteIdentityKey":"BT1v6TKUtCpDJQ1iITiM3gn2aUMYfbCAU9byHm8fSk9f"},"_chains":{"BXCH1uG93uT5QV1c4qSez43r25L309DUrIkhdZOYM4Nc":{"chainKey":{"counter":18,"key":"vTpLTk/ZBem4tvs2GYosSDb4A85h7CInHY2ivfEtXQA="},"chainType":1,"messageKeys":{}}},"pendingPreKey":{"signedKeyId":4,"baseKey":"BXMx74Brlse+2vjR809JpUyMaRHGv0IqkIA1wa0ufjQU","preKeyId":11922035}}},"version":"v1"}