{"_sessions":{"Be90mYNZk2nhP13l9LOElfQ+sR9GG8CcHK7KI3ir/6lI":{"registrationId":169210357,"currentRatchet":{"ephemeralKeyPair":{"pubKey":"Ba9iONmDqM85OHrypAkecEx+zzwXjItoGIVcTUr83kUd","privKey":"+JLGFtPukQguMmRgTXQJMMFMx8yrYNnJ93Rce/z2NGE="},"lastRemoteEphemeralKey":"BV/bgjufUGThD/vw041iBkKW7tGIsBfvJdKFR3TQjhII","previousCounter":0,"rootKey":"NAyVAGDK5YliEZpvvKIG2py6JhRcih8Y3VtLx20zCVo="},"indexInfo":{"baseKey":"Be90mYNZk2nhP13l9LOElfQ+sR9GG8CcHK7KI3ir/6lI","baseKeyType":1,"closed":-1,"used":1747816416456,"created":1747816416456,"remoteIdentityKey":"Bbmlx7Go0o21WJAkH2R8bFCrZ5+KctmGTh16B3suJlsE"},"_chains":{"Ba9iONmDqM85OHrypAkecEx+zzwXjItoGIVcTUr83kUd":{"chainKey":{"counter":18,"key":"4//61pWD+xBwoZ9ngdpURXykbT7QfDjNjCGyxY8koOw="},"chainType":1,"messageKeys":{}}},"pendingPreKey":{"signedKeyId":1,"baseKey":"Be90mYNZk2nhP13l9LOElfQ+sR9GG8CcHK7KI3ir/6lI","preKeyId":767957}}},"version":"v1"}