{"_sessions":{"BeOsaJEAO1jJYf0joOilCwok1fqhv/dtBA2vL4mZJ5Bg":{"registrationId":1562137491,"currentRatchet":{"ephemeralKeyPair":{"pubKey":"BR0GB6KBy4Q42FJHe/Sdn3/wd4zVuVJhycs47FM6GcF/","privKey":"eHw+yRzTYLwuEFA1bIDsglJ5uSBV+I9UDBlV0H9vI0E="},"lastRemoteEphemeralKey":"BWNGt3TLIZl3ZvwM8eSNj/m46PxWa2ds/4fgKRbkx/RD","previousCounter":0,"rootKey":"ZSdDWFfAXpdgw3ft3+P8l6UeFC3hIJVVregvBsY+7Bw="},"indexInfo":{"baseKey":"BeOsaJEAO1jJYf0joOilCwok1fqhv/dtBA2vL4mZJ5Bg","baseKeyType":2,"closed":-1,"used":1747824797483,"created":1747804285071,"remoteIdentityKey":"BeFtZaoEdEXSuJa0I2/w7RS8swmYe3ksHajGseZ4v+RC"},"_chains":{"BfTRAXxNWGKqvTScqeUH8OgMfsAfJ9kN5iOi0P6dHnFj":{"chainKey":{"counter":2},"chainType":2,"messageKeys":{}},"BWNGt3TLIZl3ZvwM8eSNj/m46PxWa2ds/4fgKRbkx/RD":{"chainKey":{"counter":0,"key":"b1xCNUesdxEGQYjZN3hX2+vsFkJzzYpuvkt4CVjfgRg="},"chainType":2,"messageKeys":{}},"BR0GB6KBy4Q42FJHe/Sdn3/wd4zVuVJhycs47FM6GcF/":{"chainKey":{"counter":17,"key":"595nTcWg56IMVn0i/iTyPyboi9UI/RYhYRdTTjW0bvw="},"chainType":1,"messageKeys":{}}}}},"version":"v1"}