{"_sessions":{"BXmPNqshLKcggzFW1xbjvK8MEzsBt9P07sp0eN6Z4Ih+":{"registrationId":533452700,"currentRatchet":{"ephemeralKeyPair":{"pubKey":"BSgKQCJel2V6GFgpmu6dFNGJWXnuaCnuMpEjGvRUepMl","privKey":"UGoZvwP5OpkYS1c5qBZAuzkTYSbkTSODw1gE62mwgV8="},"lastRemoteEphemeralKey":"BYnYSdS1/r3rWza9Zt1oX+tN/kh1NR2iFrf00yDZd757","previousCounter":12,"rootKey":"tr75wCvrsOfdwmP9IBQBAvrKSBGoYT4iBnKU47sPDTw="},"indexInfo":{"baseKey":"BXmPNqshLKcggzFW1xbjvK8MEzsBt9P07sp0eN6Z4Ih+","baseKeyType":2,"closed":-1,"used":1747842375464,"created":1747794277209,"remoteIdentityKey":"BWCWGxGEAR1+Qk5tuwqBX66lzo7JV0VFP3RouRXQ5gAO"},"_chains":{"BXYnE9fdx5YF9aHaSQtjzrox28v9Rt5JkL+645IBOP5F":{"chainKey":{"counter":0},"chainType":2,"messageKeys":{}},"BRZYxZcbckuKGib2UAkkaeM0bSW4X69pdc09TsnKIMtb":{"chainKey":{"counter":0},"chainType":2,"messageKeys":{}},"BQFccstUYcGb3gYsC7c1dx4MT3aKs2VJR7uOedPfrcUa":{"chainKey":{"counter":0},"chainType":2,"messageKeys":{}},"BfxhGgORRlsRjPt77fMVMfXTy8+ve0rWbBMdUoHTf09W":{"chainKey":{"counter":0},"chainType":2,"messageKeys":{}},"BR9/+jIDrJ6lVdAoV+EfhxEk1Ltt5nv+w2QuBAsbqbRH":{"chainKey":{"counter":0},"chainType":2,"messageKeys":{}},"Bbt+qA0w6e9+uFc02dMhsZGUy7klNPHIlE6FrtLAQux3":{"chainKey":{"counter":0},"chainType":2,"messageKeys":{}},"BfgeI+jVxIzG/BGSkuUO0KUMmEFS+3DWtKMEo1M+T/4G":{"chainKey":{"counter":1},"chainType":2,"messageKeys":{}},"BVC9FwtkFfMz1Z9/8AuQjXLVnpGQakQp4BwWI1CmuoBn":{"chainKey":{"counter":1},"chainType":2,"messageKeys":{}},"BWl4lHjf1iIOUqeZgnyt9kskCZIdA+c4dyVqpbPbXToB":{"chainKey":{"counter":0},"chainType":2,"messageKeys":{}},"BYjkGRAMJ1yhugLcIepsTr2Kc5XyNcgfVQ5MJDCzisFP":{"chainKey":{"counter":0},"chainType":2,"messageKeys":{}},"BaOqPMOzJVB5VGRBitV4KFZ+FosH2ohPiIBvj1IQpdQ/":{"chainKey":{"counter":0},"chainType":2,"messageKeys":{}},"BVGFFdEvaAUNjbrUs447VxmoFJCCKqsRrAa0v+Cg168v":{"chainKey":{"counter":0},"chainType":2,"messageKeys":{}},"Bf8Bx9Ku7MncRgeeN/P5wjKUO6G+3JIvQoARHddflpJB":{"chainKey":{"counter":0},"chainType":2,"messageKeys":{}},"Begu3vXxdpH9rwQWLjsrm98wpM20mOCdvnqpKFTnce1j":{"chainKey":{"counter":0},"chainType":2,"messageKeys":{}},"Be4Xm3FxRvCjfwRaFWfZXcDG4iAdTylCLE74xtymw/BX":{"chainKey":{"counter":0},"chainType":2,"messageKeys":{}},"BXFiYLexvApttjqWaFrehRpCvdjBBxGlJ+kj6aGtV8tm":{"chainKey":{"counter":0},"chainType":2,"messageKeys":{}},"BU0nTsF+7Eaxce+SRPRplcfgko5cb+p5W+R/gEKKEBwe":{"chainKey":{"counter":0},"chainType":2,"messageKeys":{}},"BTS2xhlBJj1qYclBxkgwrFe3sP7wCsZp1ZOvx8NVWH0e":{"chainKey":{"counter":0},"chainType":2,"messageKeys":{}},"BZcMMzuEPXT3sW1SHyWSjOdehkI0LvRjt6fiwFcaU612":{"chainKey":{"counter":0},"chainType":2,"messageKeys":{}},"BTxBbF8azRtBAEkQajs4V50haq5Uy7Tl/PSQ/M+tvZAh":{"chainKey":{"counter":1},"chainType":2,"messageKeys":{}},"BeeH2FGU2b9nzzwtMK7X0LkPjG3k0V8vn79FKZ6u7+Ab":{"chainKey":{"counter":0},"chainType":2,"messageKeys":{}},"BXwjxecH7n7I3MQQLm7SEXasU6A8QGpnuqfXfbqhQ30g":{"chainKey":{"counter":0},"chainType":2,"messageKeys":{}},"BRwPnJmsh2HG/PTmid7nbKOPXv7jFCPT1dA18JEmi58y":{"chainKey":{"counter":0},"chainType":2,"messageKeys":{}},"Bc4gmUFsjn/Djnjg7jZcI6YLfi8P56ZFToPJohFHiD0w":{"chainKey":{"counter":0},"chainType":2,"messageKeys":{}},"BcXWNYbEltdet6mySu0ZKbLDbKLb6CoaAZGnzEH0Y8dD":{"chainKey":{"counter":1},"chainType":2,"messageKeys":{}},"BQIK5fqLUGvSzrOocy7J8LhaTQJDX+CUttAFJ11AFCBi":{"chainKey":{"counter":0},"chainType":2,"messageKeys":{}},"BbmUSGWhfkdeO3RS5drtxtwOMH3NGjjZ7JsemuF7zUEi":{"chainKey":{"counter":0},"chainType":2,"messageKeys":{}},"BUS11/rGmE1oGkP9M8aac9AkzJPwC8fGF4dCwjkG0Y9b":{"chainKey":{"counter":0},"chainType":2,"messageKeys":{}},"BVY++btjdz8OT2pn36GYYlMAh86PX1JA6Pj8y14uAvog":{"chainKey":{"counter":0},"chainType":2,"messageKeys":{}},"BZQDtCM7PxDmvHgn0+Qq7AD6fcN68yBO/LxC/YQ+ug42":{"chainKey":{"counter":0},"chainType":2,"messageKeys":{}},"BVoWLwyBQgMTaznw7wQu160aBKOnH5gOLeoJYbxapWwz":{"chainKey":{"counter":0},"chainType":2,"messageKeys":{}},"BaF7yx8qJvqz/4tr6CF6fjZ+pVJX2QbSArNsCQFBU9Jf":{"chainKey":{"counter":0},"chainType":2,"messageKeys":{}},"BWEtzU/ruUY+6TvgJwxK9aMkv6yuVCqgJXF9A39Nhr4W":{"chainKey":{"counter":0},"chainType":2,"messageKeys":{}},"BVurAktBETSxtqYB0ivydCy1d3lxjVqn2I7B+vGUpR9Q":{"chainKey":{"counter":0},"chainType":2,"messageKeys":{}},"BV0uZ9bxo1r1ECFxQYiX/eadloRWDF+QeAjWJox4bW8m":{"chainKey":{"counter":1},"chainType":2,"messageKeys":{}},"BbMc4Av6qudCFUeqDExcYgjDmsw8Yb0P2JyJ7EokxMtn":{"chainKey":{"counter":1},"chainType":2,"messageKeys":{}},"BdMnR9kYRWjY9btFW7ykCnC/mh65TdJqmoKOHikDIzMi":{"chainKey":{"counter":0},"chainType":2,"messageKeys":{}},"BS1QMc24n+vXrL6hK0UgWo5wMPfs6b/PdilOaSRRvbYx":{"chainKey":{"counter":0},"chainType":2,"messageKeys":{}},"BeMjYrrtwMcl6bniaLk5REehRREW46ULWIRes1/w3fpe":{"chainKey":{"counter":0},"chainType":2,"messageKeys":{}},"BVE5RVJ6Sg/W+PwWgczPlCCj8yt0lIULKV64NpeYuMF8":{"chainKey":{"counter":0},"chainType":2,"messageKeys":{}},"BYIZTaWoF4RLQK0EGhkAHijRyjLik/a6BvHktTnIqAsi":{"chainKey":{"counter":1},"chainType":2,"messageKeys":{}},"BQsDKGg0gq/YBxD9p8f1K6oLYfQTUg6KcDE9vZrWcxZt":{"chainKey":{"counter":0},"chainType":2,"messageKeys":{}},"BafcqVP7QWqBgx0N/KxvdRmgJud+SgygQuI79P1QlAp4":{"chainKey":{"counter":0},"chainType":2,"messageKeys":{}},"BVJ26u04UbLSEKLTts7sWgOfedSsAhO4wkubyqN/6Hhw":{"chainKey":{"counter":0},"chainType":2,"messageKeys":{}},"BSn98S+ZHoMB5sB4kq/wFKdgXQtTOwDUvVfRrfLX3HAm":{"chainKey":{"counter":0},"chainType":2,"messageKeys":{}},"BWHeXfT966H0k6UUiQr5yyz5o7dPj96RV3CI/2fycXF0":{"chainKey":{"counter":0},"chainType":2,"messageKeys":{}},"Bc0uUvZeWV0isAlR7jAQ9MTbugXuYG296CcabEZSLIRx":{"chainKey":{"counter":0},"chainType":2,"messageKeys":{}},"BepbB6o8nWwHaGY1Tuirtrvh4XhHGy3rjj43XvziymVI":{"chainKey":{"counter":0},"chainType":2,"messageKeys":{}},"Bb7JeeayzImvtyMw5l763iWFRtqmI+YjmBQG3RglG+sk":{"chainKey":{"counter":0},"chainType":2,"messageKeys":{}},"BXF16bqzF//gYoAzyhqH0PY70RLigK49ftBMwpwTjCVb":{"chainKey":{"counter":0},"chainType":2,"messageKeys":{}},"BYyjM1Giu1vYco81WmfM63hUTrvNGnYhazcY4K8K2N4P":{"chainKey":{"counter":0},"chainType":2,"messageKeys":{}},"BZt05rWFj7YZsVD8X7Y4eoCHh0rMmCNVilLOoYB4G+FK":{"chainKey":{"counter":0},"chainType":2,"messageKeys":{}},"BQw/jpfmMfifTroBMUmCAYSgt2AE17fjcBbo0ZE39a9x":{"chainKey":{"counter":1},"chainType":2,"messageKeys":{}},"BZjA0GuJfxbIxFf7+LY7kVyH8jym+OmL4dNpWMjbOKkH":{"chainKey":{"counter":1},"chainType":2,"messageKeys":{}},"BSdephkMMdkW0m3J/KQjcMErrQvm0VThX+EuVt4eAM8n":{"chainKey":{"counter":0},"chainType":2,"messageKeys":{}},"BfK8qTF1WhdQ41cMM455XXFcyn62kO62mmQpy6TSCqcs":{"chainKey":{"counter":1},"chainType":2,"messageKeys":{}},"BZxDMCvKYZXNmthnpmrdq3eYZC+9iT/UnnPGCzv5BZAu":{"chainKey":{"counter":0},"chainType":2,"messageKeys":{}},"Bb2H4vr4Ha7hTpmJ94MkNgshaQD8Ye5JVctqZG8oBo5p":{"chainKey":{"counter":1},"chainType":2,"messageKeys":{}},"BZ08Moyg/tGsURXBzhYoFKjnymNQ0IKNP00dea14UuVi":{"chainKey":{"counter":0},"chainType":2,"messageKeys":{}},"BSe9Bj7JANHOOdry/RKonLaX1OW+31kvFEtKK0lAHJZL":{"chainKey":{"counter":1},"chainType":2,"messageKeys":{}},"BS41qa1iX/7rbU+NQ2FIzYoe8t3ma5PTWyN9LbsqSwl2":{"chainKey":{"counter":0},"chainType":2,"messageKeys":{}},"BdLsuOSRmqw8WIy457uHNHF9FVilvU4amEQe7+jwFLBP":{"chainKey":{"counter":1},"chainType":2,"messageKeys":{}},"Bbp52dkIjm0WXMhjZLghJfUA4PzTW4k2rpQVoupnJD5D":{"chainKey":{"counter":0},"chainType":2,"messageKeys":{}},"BYy9rWQUE740OkvybI+9curMpacEYtDg0n0tQDnyZcNR":{"chainKey":{"counter":0},"chainType":2,"messageKeys":{}},"BW2KZglQN0eB9CmXUQjm4lJcLqBqBGP+CPbRXJ/sGct3":{"chainKey":{"counter":2},"chainType":2,"messageKeys":{}},"BSU/pe0uqgkgeM+3g9KPxwAtY9lwCCJXdsWgWrxwStpz":{"chainKey":{"counter":0},"chainType":2,"messageKeys":{}},"BYBh6+uB5CchBNcjTmA5z653NBF2BS2ddO8X7/qCNuwn":{"chainKey":{"counter":0},"chainType":2,"messageKeys":{}},"BSuQlEbxRhrgHBZVf2TUsazb0PqmNWmqeRvZklqQWoRL":{"chainKey":{"counter":0},"chainType":2,"messageKeys":{}},"BTXJ/+r0KtstBbGSs78rj+rFO+MAMqGzMFNzfEywkwYu":{"chainKey":{"counter":2},"chainType":2,"messageKeys":{}},"BU0vYUmjy9cf7pUuU5gtN+2kSwDc+8qfpR3AO+hB7NQF":{"chainKey":{"counter":0},"chainType":2,"messageKeys":{}},"BZ/dduwrOWGnnyrTXrb+vE9jS7C1pov76hhVYUAvpphw":{"chainKey":{"counter":1},"chainType":2,"messageKeys":{}},"BT6l+r1PiSxYTkHWqRKfEPtiuaA3DEngZZvlaXhR6cUG":{"chainKey":{"counter":0},"chainType":2,"messageKeys":{}},"BTNPz00z2JKrAjpqkIKQ5mLFJoFSK4CeApqmhI4w09sM":{"chainKey":{"counter":0},"chainType":2,"messageKeys":{}},"Banek2K0bdV85/SNtdVu85sZQth1FwjxjJ4Q0srkX7FR":{"chainKey":{"counter":0},"chainType":2,"messageKeys":{}},"Bb/seD2xdyMpw4mS+mRJmcSdTXeCd+/MXi4HwnZ4H2Ad":{"chainKey":{"counter":0},"chainType":2,"messageKeys":{}},"BU6MaJefGfkYIxScCSp3Sl0tfl06Y/GrrhbIHp/vtuFe":{"chainKey":{"counter":1},"chainType":2,"messageKeys":{}},"BbCtGED6cxYsj/9MprWN4TqySBxXMuK14jO87WX95fMj":{"chainKey":{"counter":0},"chainType":2,"messageKeys":{}},"BdfO/l32QoY8uy28w5jVm93v+JYP5/ndCxihg3HcurcB":{"chainKey":{"counter":0},"chainType":2,"messageKeys":{}},"BZ6nXFJrV+9XNDO4NCJmlw+VuzaXG1xi/rleGXJTwfcM":{"chainKey":{"counter":1},"chainType":2,"messageKeys":{}},"BaHFlMwe+1COQBh/NJJwsGnC2dks7/JveuV3Pwtxcp0d":{"chainKey":{"counter":2},"chainType":2,"messageKeys":{}},"BQpNlSN7DIUWOOBq2G1yosOrf7eGpRQFfhrSAa3Vin8C":{"chainKey":{"counter":0},"chainType":2,"messageKeys":{}},"BXRmdnd51vHA29/C9ZzsEKOauyKtcNcwr3UtLzIVUGJc":{"chainKey":{"counter":0},"chainType":2,"messageKeys":{}},"BZZNA/4J/dJ4KPU4JBxF4z/j8bG/1I5Xnae9J0eP26Zh":{"chainKey":{"counter":0},"chainType":2,"messageKeys":{}},"BWRxPtpz5wIz4HvWQlzFcDsaAhvOU8m5Jf3LzPZcRZEy":{"chainKey":{"counter":0},"chainType":2,"messageKeys":{}},"BS9edlejLTVipP4KH/lH/110LrOP7QvzwQP7iRpRsnpG":{"chainKey":{"counter":0},"chainType":2,"messageKeys":{}},"BQV6K661fEDKatkzjViamfjN4PyoXYKbyBv52O3fPU8t":{"chainKey":{"counter":0},"chainType":2,"messageKeys":{}},"BXft57ULNZn9nIQYUs1wWzGxRw0lrhRpiH2wMkuQIJZf":{"chainKey":{"counter":0},"chainType":2,"messageKeys":{}},"BcgSWvoDd4YUlN906TQgg4iJcnB4TmawU7dZFoFpm7oJ":{"chainKey":{"counter":0},"chainType":2,"messageKeys":{}},"BfeXwBbRXhlDY3I2VoxsnXE/ItbBfVd/fAz3lfwoRPho":{"chainKey":{"counter":0},"chainType":2,"messageKeys":{}},"BVcELGo4zsFLrer9A0pl7476J1BxaURKzb/oVlvBeh4z":{"chainKey":{"counter":1},"chainType":2,"messageKeys":{}},"BRQ2fxrpriNxc7vi8ax5cO9gSV1/pcaYBDlkuxbWJ5dU":{"chainKey":{"counter":0},"chainType":2,"messageKeys":{}},"Bb6i8jEnJLXy1MxFMFZ7rtBF/HKc9w9Te3gEXUisoOlG":{"chainKey":{"counter":0},"chainType":2,"messageKeys":{}},"BZ/V07OQvNeEOqCbeYBn30ef28zO37jXpzL27maDb3Ya":{"chainKey":{"counter":0},"chainType":2,"messageKeys":{}},"BbOMz1pORJhOvPBN5qaQ9+J2FT5NfRHY+BHj6LSzcrB1":{"chainKey":{"counter":1},"chainType":2,"messageKeys":{}},"BUdvkD/60qXCV5pUe5z84RF4ObCqDiNvAYZY4aK7s2B7":{"chainKey":{"counter":2},"chainType":2,"messageKeys":{}},"BTBfyxXIBMHtzN9DrCIhMKI+s9jgFYEiMuao93Dlj6Un":{"chainKey":{"counter":0},"chainType":2,"messageKeys":{}},"BSfiQeevTxb44aYJsxD4nMl3Dfme3GSqeTOBnwjy7M9a":{"chainKey":{"counter":0},"chainType":2,"messageKeys":{}},"Bb9ucMkYy+U8qH776ucSrqndGn34y8rwVaaR7SiUWQE2":{"chainKey":{"counter":0},"chainType":2,"messageKeys":{}},"BRopzlRiqvpWFn1WMHSvQ9PUWU7+yUf+QI3aKOUQtOJt":{"chainKey":{"counter":0},"chainType":2,"messageKeys":{}},"BUfjqcnBpMXxKQmAaD/8RJQYzoq70BkqTS0TAC/5O3gO":{"chainKey":{"counter":0},"chainType":2,"messageKeys":{}},"BYnYSdS1/r3rWza9Zt1oX+tN/kh1NR2iFrf00yDZd757":{"chainKey":{"counter":0,"key":"+R3m7vqESO+DQjhOyLfYBEadEs2Po88Otl7i8EbAbzQ="},"chainType":2,"messageKeys":{}},"BSgKQCJel2V6GFgpmu6dFNGJWXnuaCnuMpEjGvRUepMl":{"chainKey":{"counter":1,"key":"VW4AmyIh1Fh7ZutE4OHf3v5Dy0IctWWnBCCN2ViSqQI="},"chainType":1,"messageKeys":{}}}}},"version":"v1"}