{"_sessions":{"BWRv4Ji82To08urbwsHAz6oTl8vk9jkhBpZn2hDFtyFy":{"registrationId":1456489972,"currentRatchet":{"ephemeralKeyPair":{"pubKey":"BfprabtgGjZ7Y36ZAsSZDxaEOplflGSXImRYjg6grTpf","privKey":"kC9CQ8Aul06qcBiVyqbxaHm7P7R7SF80VbTLgSdK0lU="},"lastRemoteEphemeralKey":"BY6q5kqouazqASC2D8w+S/oLN5UErBwaIVT337sADAwC","previousCounter":0,"rootKey":"c2zvBlixuZTzvYxSrZh06a7o/pV/Z0+izen8PtRcX0Q="},"indexInfo":{"baseKey":"BWRv4Ji82To08urbwsHAz6oTl8vk9jkhBpZn2hDFtyFy","baseKeyType":1,"closed":-1,"used":1747801267819,"created":1747801267819,"remoteIdentityKey":"BScOfwP/pxf4oqbx5qYtgWP5vABqsaQk31F5AvW0PYN3"},"_chains":{"BfprabtgGjZ7Y36ZAsSZDxaEOplflGSXImRYjg6grTpf":{"chainKey":{"counter":79,"key":"DGEPf5IoRt2n7Hzj2O7SAmr49qxGhrnrt1lZArb2ajk="},"chainType":1,"messageKeys":{}}},"pendingPreKey":{"signedKeyId":2,"baseKey":"BWRv4Ji82To08urbwsHAz6oTl8vk9jkhBpZn2hDFtyFy","preKeyId":12005454}}},"version":"v1"}