{"_sessions":{"BaP5q2G8dPz1XVqlSxGxwAVdbgO93agxqkOmKVK4r00A":{"registrationId":12021,"currentRatchet":{"ephemeralKeyPair":{"pubKey":"BXVDm51TQi/JkNaD5B+qadsw0C1IPj42IgAvGIn2LYoc","privKey":"cMXJfZRFS4AknWIXSfTaf0W8r3f9J13vmYLhvfWQiGo="},"lastRemoteEphemeralKey":"BbkaG333T3bzqFmk94EnhTaBy5UzJENg7ELEERlXF6lK","previousCounter":0,"rootKey":"7dhd+rwIXVCPzGj/jETZIxIgynWolrRjlmrLJPmmRVA="},"indexInfo":{"baseKey":"BaP5q2G8dPz1XVqlSxGxwAVdbgO93agxqkOmKVK4r00A","baseKeyType":1,"closed":-1,"used":1747813661773,"created":1747813661773,"remoteIdentityKey":"BebmmYIxBFAggEh/PWNkN4YnQtNUannRd74VkQhyFEYl"},"_chains":{"BXVDm51TQi/JkNaD5B+qadsw0C1IPj42IgAvGIn2LYoc":{"chainKey":{"counter":30,"key":"1aNYYZJcPSJ+XfoG717+F4yoAN6EIA2SvOjt846tdXs="},"chainType":1,"messageKeys":{}}},"pendingPreKey":{"signedKeyId":1,"baseKey":"BaP5q2G8dPz1XVqlSxGxwAVdbgO93agxqkOmKVK4r00A"}}},"version":"v1"}