{"_sessions":{"BRogx1MEGKVaRTnTxSPdTJC3DQZZgt+YhlJnHahf9O5F":{"registrationId":1040410832,"currentRatchet":{"ephemeralKeyPair":{"pubKey":"Ba6KvA7dK4VBRtHhwyD6Wkd+Pc8Uh7IaVjYQ/EHdn6FN","privKey":"+HZe3YkrdG9UzX8MgtG25B7FbSwPMlFUjH6rnDrSYn4="},"lastRemoteEphemeralKey":"BQ9YAnfmcWKFnwhdwJ0A6HCVVPeIO6sV8umkL0Uy7Eky","previousCounter":0,"rootKey":"1kEVnMeziZNHF103pKPo0AfdJZE3vO0ZSSh/FDGXMeY="},"indexInfo":{"baseKey":"BRogx1MEGKVaRTnTxSPdTJC3DQZZgt+YhlJnHahf9O5F","baseKeyType":1,"closed":-1,"used":1747813661966,"created":1747813661966,"remoteIdentityKey":"BcfKy1RuhWwy/eR7PcINweBt+p4Q6IL7iQIksRakoK91"},"_chains":{"Ba6KvA7dK4VBRtHhwyD6Wkd+Pc8Uh7IaVjYQ/EHdn6FN":{"chainKey":{"counter":30,"key":"ZnPXEa3LyxnF+PmrJ/9rC6XzFV68PI5pWTzXdh0XewQ="},"chainType":1,"messageKeys":{}}},"pendingPreKey":{"signedKeyId":4,"baseKey":"BRogx1MEGKVaRTnTxSPdTJC3DQZZgt+YhlJnHahf9O5F","preKeyId":10924825}}},"version":"v1"}