{"_sessions":{"BR4UjrtLHHj/kqw0FjJqWunn7yc2taY0Q1Ub0sdVM09u":{"registrationId":1596397631,"currentRatchet":{"ephemeralKeyPair":{"pubKey":"BbPfWUJ/6N/5uO4MJpn9nvJ1L1sGqgM/RiIQsQZHNFAs","privKey":"kPU8J/m60H46x3aUeYfZNLvEDCRWKCe0V5U9IIRWT3I="},"lastRemoteEphemeralKey":"BRy69yoDu6C6e39Huc2ZjF8DJZIRoEZ1UNXTuOTo4wZY","previousCounter":23,"rootKey":"AxivNiZ1v4ljRIhtVIpsOtuHnk7BPyz2iqo5OVjz8bs="},"indexInfo":{"baseKey":"BR4UjrtLHHj/kqw0FjJqWunn7yc2taY0Q1Ub0sdVM09u","baseKeyType":1,"closed":-1,"used":1747820378109,"created":1747801267608,"remoteIdentityKey":"BSWFL8gmq+34JdpnEwefI69VeueUrpj5pQq+4sm6+CBJ"},"_chains":{"BRy69yoDu6C6e39Huc2ZjF8DJZIRoEZ1UNXTuOTo4wZY":{"chainKey":{"counter":0,"key":"SKv7DmOFZZY7k5ZIfSzjg1vJUyTTRO4zopfd+92vTfU="},"chainType":2,"messageKeys":{}},"BbPfWUJ/6N/5uO4MJpn9nvJ1L1sGqgM/RiIQsQZHNFAs":{"chainKey":{"counter":55,"key":"3I14bdjkUdmaH3sqT+XsInp6pq45jeO6KUVOH10FrvY="},"chainType":1,"messageKeys":{}}}}},"version":"v1"}