{"_sessions":{"BXoriwzA+iTjl8i1YjmBJ8RCDCQ49F7bTKwEXNBjEBRO":{"registrationId":987410124,"currentRatchet":{"ephemeralKeyPair":{"pubKey":"BTnf0dFocpl0M9bvyifoHJCOs0yZIv4Ml1HkzFO0GbIu","privKey":"cHeRxdRhfj9GaqYs8frm1fHmTGsMa1vEkGhfLou/emg="},"lastRemoteEphemeralKey":"BXV7op3FccUyJz3ZxiBitg+ADYy+R2XET1vCxS2HIXd0","previousCounter":9,"rootKey":"wVk+JUf93oTIhNSZf8wSjo274tEEcWq07kbYz9Jy6z0="},"indexInfo":{"baseKey":"BXoriwzA+iTjl8i1YjmBJ8RCDCQ49F7bTKwEXNBjEBRO","baseKeyType":1,"closed":-1,"used":1747820378367,"created":1747801267603,"remoteIdentityKey":"BbbH/ZEdxjRo3PcnBv11iLsasyFO475oAG+bx4nv+Es9"},"_chains":{"BYByFyXOU0qTsddNchNhvF4MbxBCQdWpkI1q4ZaslqJM":{"chainKey":{"counter":0},"chainType":2,"messageKeys":{}},"BXV7op3FccUyJz3ZxiBitg+ADYy+R2XET1vCxS2HIXd0":{"chainKey":{"counter":0,"key":"xwzjplP4caHoeGrDO2KaTTFt7h02bMpvU8X6jAakhTo="},"chainType":2,"messageKeys":{}},"BTnf0dFocpl0M9bvyifoHJCOs0yZIv4Ml1HkzFO0GbIu":{"chainKey":{"counter":55,"key":"SOWuYrZ8pJyEWNWrwHlwD4MeuHVEUDNaB3gps+dzduQ="},"chainType":1,"messageKeys":{}}}}},"version":"v1"}