{"_sessions":{"BQge6g9iP8Cr73UEPXYWrDc3x/WbEWS7FuipUfF8F1s+":{"registrationId":6440,"currentRatchet":{"ephemeralKeyPair":{"pubKey":"BaK9z+i7ppKu8XR4zopyKNfMhWSmGYP1IPlE+KhLsrpg","privKey":"aAyzeGqknMgkCCURHuZ/fYO8c0I3Bggb8CUDiDEoHVI="},"lastRemoteEphemeralKey":"BZ8pBCb3PNS/hKHjH3Sw3z5Hng/21nawF7Uy1hDFAbh9","previousCounter":0,"rootKey":"q1f/5NdiiiEbkpLwAePcKNr7kkEv4ewrPcDX4f/LfcY="},"indexInfo":{"baseKey":"BQge6g9iP8Cr73UEPXYWrDc3x/WbEWS7FuipUfF8F1s+","baseKeyType":1,"closed":-1,"used":1747816416337,"created":1747816416337,"remoteIdentityKey":"BSpDBUSqH/quljLVa2ERyMLPM4QgvRd5ThrotTjAW6Ip"},"_chains":{"BaK9z+i7ppKu8XR4zopyKNfMhWSmGYP1IPlE+KhLsrpg":{"chainKey":{"counter":18,"key":"eW5IVVXkkxblx+vM4H2G2YwXV0ziLq98B2DtECvxu2c="},"chainType":1,"messageKeys":{}}},"pendingPreKey":{"signedKeyId":1,"baseKey":"BQge6g9iP8Cr73UEPXYWrDc3x/WbEWS7FuipUfF8F1s+","preKeyId":808}}},"version":"v1"}