{"_sessions":{"BZDVa0OrZBuM1UZQ/W4Na9+kOf84HbBCCe6Z2Wped1Ez":{"registrationId":1788199140,"currentRatchet":{"ephemeralKeyPair":{"pubKey":"BQeaXQ0OsSaOaR2FdFP+c0xexKRUAQb700wSoj1xtCUt","privKey":"ePQDIYj5pLYlWe0tuHLa3QZZG4M7QJEoD3kBGHNI/0k="},"lastRemoteEphemeralKey":"BX/YEuhtKZ//xmLzSA0sbXzd/+tAs9sLSQuNvCm5PZIh","previousCounter":23,"rootKey":"P2A3FuimbyEj4QlXxLADh/JNC0jle8iyapRzxJKWCm0="},"indexInfo":{"baseKey":"BZDVa0OrZBuM1UZQ/W4Na9+kOf84HbBCCe6Z2Wped1Ez","baseKeyType":1,"closed":-1,"used":1747820682594,"created":1747801267671,"remoteIdentityKey":"Bb2Xs7yZhyP29JB3A+YC1mEwzQUatRTcB8pp9n4xqhFi"},"_chains":{"BX/YEuhtKZ//xmLzSA0sbXzd/+tAs9sLSQuNvCm5PZIh":{"chainKey":{"counter":1,"key":"b75cE9c44o9PCM6s2ESo67DyhAi9k8O3YN2+RSG/4eg="},"chainType":2,"messageKeys":{}},"BQeaXQ0OsSaOaR2FdFP+c0xexKRUAQb700wSoj1xtCUt":{"chainKey":{"counter":55,"key":"8/Y33AbxI49uA5TXd9LrJPCdO9bZP9riOpqRqQl44lE="},"chainType":1,"messageKeys":{}}}}},"version":"v1"}