{"_sessions":{"BaE0NfMtcLHWHiqvRlplFLHS+YhPFV2wJMj8P1mzRalF":{"registrationId":1832603788,"currentRatchet":{"ephemeralKeyPair":{"pubKey":"BcegdJhGarro/O5tltWxzddoRuHcR7QrKhUG4cYUoS4S","privKey":"kJ3BVBbyf7NfPSmYuS43qvYaqw4h7eFZYgN7vBgIjkw="},"lastRemoteEphemeralKey":"BUT4RiBdsuCqUGUWL4kiT+FbUOpY+ZbAeI56A6pnXS8b","previousCounter":0,"rootKey":"ZdgBO8k4Y7cON6MBm3Zm7aKio//NH//Djo6f29u9SSM="},"indexInfo":{"baseKey":"BaE0NfMtcLHWHiqvRlplFLHS+YhPFV2wJMj8P1mzRalF","baseKeyType":1,"closed":-1,"used":1747824784131,"created":1747824784131,"remoteIdentityKey":"BVVJZVOvFGDV7Qn1Z8MtBeICBrPcwOsUSmNuxeiQQHJE"},"_chains":{"BcegdJhGarro/O5tltWxzddoRuHcR7QrKhUG4cYUoS4S":{"chainKey":{"counter":18,"key":"G9WplCmJrlDpNuCDrQ5Bli+9cdTGZVcpxmCy+S5Zi/g="},"chainType":1,"messageKeys":{}}},"pendingPreKey":{"signedKeyId":7,"baseKey":"BaE0NfMtcLHWHiqvRlplFLHS+YhPFV2wJMj8P1mzRalF","preKeyId":8944761}}},"version":"v1"}