{"_sessions":{"Ba1eZGjp3JLv9GGK6R/q/Sc5gGKtxLbzmUF6Nx9g4SYx":{"registrationId":272495921,"currentRatchet":{"ephemeralKeyPair":{"pubKey":"BZX5AKJJkr7zSAfuMI5d0EVkd/MUUPIYRqySr4aDodYl","privKey":"sE5IhgjCqOxALgaryy9WGV0uoxj3Shd42InTt47+SE4="},"lastRemoteEphemeralKey":"BZp1DnxTCU15FXJ5DY5WK1RYZuixFUOAV2JWkl48E7kd","previousCounter":23,"rootKey":"eJhKXp9TWyvz5Gjm7oXIK5DI2ffPb8bwbmN3N0QgKEY="},"indexInfo":{"baseKey":"Ba1eZGjp3JLv9GGK6R/q/Sc5gGKtxLbzmUF6Nx9g4SYx","baseKeyType":1,"closed":-1,"used":1747822846410,"created":1747801267856,"remoteIdentityKey":"BVUamUgwivOrRu35fCTP+KSySySNKfUGTlRPx8ue6ttH"},"_chains":{"BZp1DnxTCU15FXJ5DY5WK1RYZuixFUOAV2JWkl48E7kd":{"chainKey":{"counter":1,"key":"v01Ui2gBqoY50KYHLdNzRaag3iTKko+irRCfopGe55E="},"chainType":2,"messageKeys":{}},"BZX5AKJJkr7zSAfuMI5d0EVkd/MUUPIYRqySr4aDodYl":{"chainKey":{"counter":55,"key":"ifYJsW1cacXw4AjsKC67zPP15rW4H18yuxBVE3vXXcQ="},"chainType":1,"messageKeys":{}}}}},"version":"v1"}