{"_sessions":{"BUNakwG5E3ymPWoXOnXXP/G9M/6rhMxOUeqfIGJnRAtu":{"registrationId":1634295427,"currentRatchet":{"ephemeralKeyPair":{"pubKey":"BRZZFXNPTW9U5PjAVVdx1Tenm05z9uMGQLjuKqmyRkAn","privKey":"8LIHdLSuXzTbDeiIEA7SVWcU/o6C+HC/6N740pz+30M="},"lastRemoteEphemeralKey":"BRTpn+XDZSIl60lRVINYZ2OF6Y3EFSOqa9Cv5CKOu8Yi","previousCounter":0,"rootKey":"CD+3wAjuTLO2gbUR1ByoEX10Dz/rIwt9vsKXDyScUaY="},"indexInfo":{"baseKey":"BUNakwG5E3ymPWoXOnXXP/G9M/6rhMxOUeqfIGJnRAtu","baseKeyType":1,"closed":-1,"used":1747821645101,"created":1747816416526,"remoteIdentityKey":"BW8fdTwPoPfn65JshtY9UUhS7YR2QtTmxKn29JUcAtsB"},"_chains":{"BRTpn+XDZSIl60lRVINYZ2OF6Y3EFSOqa9Cv5CKOu8Yi":{"chainKey":{"counter":0,"key":"8Z4Hk3c6L7rlZppWkQm6n+Yv2Wfg9b+3mus07MyJLDM="},"chainType":2,"messageKeys":{}},"BRZZFXNPTW9U5PjAVVdx1Tenm05z9uMGQLjuKqmyRkAn":{"chainKey":{"counter":17,"key":"BUpevw7DLKMC6hjl2MjcFsz4PFElnMM2r2RVAuRnK8o="},"chainType":1,"messageKeys":{}}}}},"version":"v1"}