{"_sessions":{"BeRdINLMuiwH7RbgLuI0defIyIibT0uahLjJ3V5c3FNh":{"registrationId":1396982150,"currentRatchet":{"ephemeralKeyPair":{"pubKey":"BRd4NjJpIPI13uiPKjQzhSjo6x6oLmvUSpCmWbBZaK0z","privKey":"EMhvcmpT0DKdFC4YA590jQjjlIrwmnY7IbR8KKqNQ1k="},"lastRemoteEphemeralKey":"BScycRXFfWkBRbeRL6P1+f+nqH5J/RwCEDP1niVhcetR","previousCounter":23,"rootKey":"5FQpYd9o004WB8aspvSDWd3XfY2+GmMfjKLt4G1v2UU="},"indexInfo":{"baseKey":"BeRdINLMuiwH7RbgLuI0defIyIibT0uahLjJ3V5c3FNh","baseKeyType":1,"closed":-1,"used":1747820378968,"created":1747801267664,"remoteIdentityKey":"BTAyLH9Ab/rIgnuwgMzvjo/ZG71X+a3kAOris8wDmh1C"},"_chains":{"BScycRXFfWkBRbeRL6P1+f+nqH5J/RwCEDP1niVhcetR":{"chainKey":{"counter":0,"key":"3IDAjPV2q16BLb91jVQPKpJoKqazX3ctJtRl+QIl8ek="},"chainType":2,"messageKeys":{}},"BRd4NjJpIPI13uiPKjQzhSjo6x6oLmvUSpCmWbBZaK0z":{"chainKey":{"counter":55,"key":"PTUSzzF6z1FPgNH4lJMpEFFycrDB7t8erjmnZd4j+18="},"chainType":1,"messageKeys":{}}}}},"version":"v1"}