{"_sessions":{"BaOXxyg3GP+rG5xde6NenJIAH1Y9P+b/698nn74I/kB7":{"registrationId":1650524734,"currentRatchet":{"ephemeralKeyPair":{"pubKey":"BRE7DC252lj9rfptqP4gw4jVUmo7qLl5cq2sZ9iI1BEs","privKey":"GGLiFykd1z6ZJCcjsSNY6AIAc7jOIkxIjK6oE8uHWm0="},"lastRemoteEphemeralKey":"BWbZl20CvoshPdxZ6sCxgqtdCf8sNu/rPenVD3G2UrQu","previousCounter":0,"rootKey":"5Iv2BhKPIFYZCSP9yXd+6EdBiFjvffETRcV1mSSGyJY="},"indexInfo":{"baseKey":"BaOXxyg3GP+rG5xde6NenJIAH1Y9P+b/698nn74I/kB7","baseKeyType":1,"closed":-1,"used":1747816416543,"created":1747816416543,"remoteIdentityKey":"BRzPA034t7h52YM14se54wxu945+VjJKkqn3nHmweW8G"},"_chains":{"BRE7DC252lj9rfptqP4gw4jVUmo7qLl5cq2sZ9iI1BEs":{"chainKey":{"counter":18,"key":"2DQiF+Yb/K9Cyz2o08nZHpnVkw/lkVOFPFKVOhyVmV0="},"chainType":1,"messageKeys":{}}},"pendingPreKey":{"signedKeyId":4,"baseKey":"BaOXxyg3GP+rG5xde6NenJIAH1Y9P+b/698nn74I/kB7","preKeyId":5569682}}},"version":"v1"}