{"_sessions":{"BbbnOAFpbPOVBYukIKnY9A78cGF2DUM1sqToQKzReNRT":{"registrationId":11849,"currentRatchet":{"ephemeralKeyPair":{"pubKey":"BSTVAZM293s0/dHS0IyTbVEniD7FcBlh7anQeGt7NdY1","privKey":"aHWheVVdMCMIwWgUS4tJThNb7DWYfv9mrTMurY2tzVM="},"lastRemoteEphemeralKey":"BVDlAeQTQFcdIvMnX/1TWJ/4a5QotAraWahHXKVAs7c7","previousCounter":0,"rootKey":"w+w3BbxLW3/79AcrLPDqvJ+MaSGB45t9LfAXBPzv/4Y="},"indexInfo":{"baseKey":"BbbnOAFpbPOVBYukIKnY9A78cGF2DUM1sqToQKzReNRT","baseKeyType":1,"closed":-1,"used":1747819244833,"created":1747819244833,"remoteIdentityKey":"BQA02fJYXZ4leDhdOztl/DMrC3eV82syVU73EYgY9bFG"},"_chains":{"BSTVAZM293s0/dHS0IyTbVEniD7FcBlh7anQeGt7NdY1":{"chainKey":{"counter":18,"key":"XHAsqRkGQqvtBliga20XqTB0HPzPLccZkd7JY4WKvss="},"chainType":1,"messageKeys":{}}},"pendingPreKey":{"signedKeyId":1,"baseKey":"BbbnOAFpbPOVBYukIKnY9A78cGF2DUM1sqToQKzReNRT","preKeyId":753}}},"version":"v1"}