{"_sessions":{"BYSY9MhuiYmrU3lTs4qaUO5Uy2ULCSASkdkpiyxgcxNE":{"registrationId":1124100620,"currentRatchet":{"ephemeralKeyPair":{"pubKey":"Bel2zVWxTd94cdcpYCAnlt8UroUniOgkzttzEGuub8kv","privKey":"GHz9dHOUrkmtt03kGfZZYwgY37KIqXJyTt/RS6KxWEw="},"lastRemoteEphemeralKey":"Be9xuglrK5TfQg6IOtHYNpvRHPZL2LCSplcSMhDbT69O","previousCounter":1,"rootKey":"zYlkYIyMqfoDf+bhNubc9TSTLlcbTDEkybQvtTcTf1A="},"indexInfo":{"baseKey":"BYSY9MhuiYmrU3lTs4qaUO5Uy2ULCSASkdkpiyxgcxNE","baseKeyType":1,"closed":-1,"used":1747828496810,"created":1747816416499,"remoteIdentityKey":"Be1xhaZMM4ZRfOxwKbUKhuI9z3BFVNKfSFuTeMmxCW0J"},"_chains":{"Be9xuglrK5TfQg6IOtHYNpvRHPZL2LCSplcSMhDbT69O":{"chainKey":{"counter":0,"key":"t6jXwnvez+kmNdYfZ4EKkiGdFnig7B2BnAG10PZj6Yo="},"chainType":2,"messageKeys":{}},"Bel2zVWxTd94cdcpYCAnlt8UroUniOgkzttzEGuub8kv":{"chainKey":{"counter":16,"key":"hV2HMbx9FkWDcApxbBL0hhZi7hVV8hwlSNEJMz6TmAw="},"chainType":1,"messageKeys":{}}}}},"version":"v1"}