{"_sessions":{"BcAhRkvuu2bqc5Jv1RHSTa+lmJcidPbXIHWyRfers6ps":{"registrationId":1788432192,"currentRatchet":{"ephemeralKeyPair":{"pubKey":"BVXt2ODwM7dTIc0vS348ibFWkWZWKJj31iqhC5cKmsMV","privKey":"yIXmuEwfNIRZwkNKZOMIVra8opAKCtw+Yf3KwV6QinI="},"lastRemoteEphemeralKey":"BWEI/9dut5tE4S9uS8Iu6RR+zh/9SUYoRMk5pLw+yVtL","previousCounter":5,"rootKey":"IhBcratclgS4fJpu564LkDXb4pczl7MeZi4V9P4FW54="},"indexInfo":{"baseKey":"BcAhRkvuu2bqc5Jv1RHSTa+lmJcidPbXIHWyRfers6ps","baseKeyType":1,"closed":-1,"used":1747818081903,"created":1747813661846,"remoteIdentityKey":"BS1YSuVejCK1hcLHrg3UO9cXFBMLRwP8lpoMg0KnPa8J"},"_chains":{"BWEI/9dut5tE4S9uS8Iu6RR+zh/9SUYoRMk5pLw+yVtL":{"chainKey":{"counter":0,"key":"uF0SaPjL1mxz58vhBqIonhwwANnyvNLj8SMnZi7xr9I="},"chainType":2,"messageKeys":{}},"BVXt2ODwM7dTIc0vS348ibFWkWZWKJj31iqhC5cKmsMV":{"chainKey":{"counter":24,"key":"O0bnpVZ1waGPe9jo8cgnTdtUrkwu+1q4uKgTkCHvGzg="},"chainType":1,"messageKeys":{}}}}},"version":"v1"}