{"_sessions":{"BXbAu5Glqa6KGyxVmzE9Jv1niIoHkYqX/843wU2+5zIG":{"registrationId":330355803,"currentRatchet":{"ephemeralKeyPair":{"pubKey":"BWPwIh4n82rJoVSw8EuwCCIX7VeCK1XgePkpsh2mgf8P","privKey":"gCHvnsPGor4iUVuSxthZvkPf7u+5P5f+DUS7+NdMaE8="},"lastRemoteEphemeralKey":"BVu+eAEIw15ltuPLadXWYdCoBiO9sn9HBbd9govtHDAS","previousCounter":0,"rootKey":"Fr3KO012RZimSk+1uo3rKLbsIDP4mH+yZ2cJ7vxugLE="},"indexInfo":{"baseKey":"BXbAu5Glqa6KGyxVmzE9Jv1niIoHkYqX/843wU2+5zIG","baseKeyType":1,"closed":-1,"used":1747813661913,"created":1747813661913,"remoteIdentityKey":"BfuAE/V3AypObNBAR6YNdnLXE6diqBPbrugYU3O144Ia"},"_chains":{"BWPwIh4n82rJoVSw8EuwCCIX7VeCK1XgePkpsh2mgf8P":{"chainKey":{"counter":30,"key":"fDvk/V0J+sQgYUzZl4Hd3YXLKe5wW0w5qy1dSbQUXj8="},"chainType":1,"messageKeys":{}}},"pendingPreKey":{"signedKeyId":0,"baseKey":"BXbAu5Glqa6KGyxVmzE9Jv1niIoHkYqX/843wU2+5zIG"}}},"version":"v1"}