{"_sessions":{"BZBAFeiyKrupCB7Qs402VEQlePYn1GjP9P3QbSayV8MF":{"registrationId":561606961,"currentRatchet":{"ephemeralKeyPair":{"pubKey":"BTJSiNVP5QLmdhvqnVtcARJkDduTyqWQSZhdtU4HfhlY","privKey":"+NPdqgiEEPGJQQ1snKmtUY4p1lndFqKWIPYQ0pdNnkU="},"lastRemoteEphemeralKey":"BVugbg2kN43fHKZsA2OD/FiO8SgrbqCZO6mp8i6Z8c9L","previousCounter":0,"rootKey":"R2XlaQW5brnP/46LXIOk9fgxHJ5isT8M3EmGofq8iAA="},"indexInfo":{"baseKey":"BZBAFeiyKrupCB7Qs402VEQlePYn1GjP9P3QbSayV8MF","baseKeyType":1,"closed":-1,"used":1747816416493,"created":1747816416493,"remoteIdentityKey":"BeegR+puicaJmY8zLvne9BOHeALBmXY4oyJevI/5OHxU"},"_chains":{"BTJSiNVP5QLmdhvqnVtcARJkDduTyqWQSZhdtU4HfhlY":{"chainKey":{"counter":18,"key":"Lm5KQYZKygMCTp8fHMWD/eGJVQZnUQK1hIEs6EIx70k="},"chainType":1,"messageKeys":{}}},"pendingPreKey":{"signedKeyId":21,"baseKey":"BZBAFeiyKrupCB7Qs402VEQlePYn1GjP9P3QbSayV8MF","preKeyId":6239879}}},"version":"v1"}