{"_sessions":{"BTfVAW1gdhsWckocX/WzgAmaCtLJ+kXX7EFFBHVw1+ge":{"registrationId":7681,"currentRatchet":{"ephemeralKeyPair":{"pubKey":"BTCvXjRaxKwVJFBHde9ac327OApzFdwoQOUkbrKPaacR","privKey":"ABe3PQ+2c6owIGVS/RRn/e5acRnJGSRyKR66PglL6GI="},"lastRemoteEphemeralKey":"BSxkpB8mEp800VW2Iflt4fJLId2HHO6oMt/vllxpkL81","previousCounter":0,"rootKey":"CvJhPm+c6fEAvTl4VkpLPRCZBQ+GuEQkvR7IPo18+Co="},"indexInfo":{"baseKey":"BTfVAW1gdhsWckocX/WzgAmaCtLJ+kXX7EFFBHVw1+ge","baseKeyType":1,"closed":-1,"used":1747828294463,"created":1747828294463,"remoteIdentityKey":"BcQvpe0cZgCJWcnAbv/C1YrkKi087zysDtYT05uwFRkz"},"_chains":{"BTCvXjRaxKwVJFBHde9ac327OApzFdwoQOUkbrKPaacR":{"chainKey":{"counter":31,"key":"25LilALlLHJousIq/9131mSceJDLAfNuGKQRZrCJQOM="},"chainType":1,"messageKeys":{}}},"pendingPreKey":{"signedKeyId":1,"baseKey":"BTfVAW1gdhsWckocX/WzgAmaCtLJ+kXX7EFFBHVw1+ge","preKeyId":633}}},"version":"v1"}