{"_sessions":{"BTICYc8OXCVLDhRfgZMP95mdv+8HA6/90ZxA3dGaL5dt":{"registrationId":1607402127,"currentRatchet":{"ephemeralKeyPair":{"pubKey":"BbZgzmFrqOXD3HejyE80iAUFFQIedhzKFa+cNs4or7sv","privKey":"GEtkJqkAT7vnfVAZYMTDyq7OXJ5e0OvBH2TZiIYpc10="},"lastRemoteEphemeralKey":"BSh6k2dSHPziWzL4xl63vHwutHfJx5Ox6EFzUXEMRj42","previousCounter":0,"rootKey":"EisAFGDbxdwwW9yuFv6Do/34O2hneimrWOAZThi3xjQ="},"indexInfo":{"baseKey":"BTICYc8OXCVLDhRfgZMP95mdv+8HA6/90ZxA3dGaL5dt","baseKeyType":1,"closed":-1,"used":1747801267728,"created":1747801267728,"remoteIdentityKey":"Bamjmcl2kzwaTStiatmkNlvwa5A5eKShG8SvB6+fE2Uu"},"_chains":{"BbZgzmFrqOXD3HejyE80iAUFFQIedhzKFa+cNs4or7sv":{"chainKey":{"counter":79,"key":"PaejfKkXAy7BZ8qv8pauHBjfSjzkNQWbdgSx93epkUs="},"chainType":1,"messageKeys":{}}},"pendingPreKey":{"signedKeyId":1,"baseKey":"BTICYc8OXCVLDhRfgZMP95mdv+8HA6/90ZxA3dGaL5dt","preKeyId":12568706}}},"version":"v1"}