{"_sessions":{"BdiSp4iQanXYPdSKFVR6Ujq1mLRRLhhTEj2nb2MNfoMG":{"registrationId":1262843198,"currentRatchet":{"ephemeralKeyPair":{"pubKey":"BcfEYQrB8Nn5nHFNqE2K+3JpmSx4qHexs4IXn/3nZfdH","privKey":"UNMi7Y0ofcO1SDnDn2r9hyWJEkkRD9kfgD3+SYdJxls="},"lastRemoteEphemeralKey":"BZEZTmOccVi9cgSRK0ufDofQT+DxztF8tDGWAemlfxgb","previousCounter":0,"rootKey":"uLIV2W+B/WMjDkpvVLQjgKeycooKAc+QPpUW0Z4obN0="},"indexInfo":{"baseKey":"BdiSp4iQanXYPdSKFVR6Ujq1mLRRLhhTEj2nb2MNfoMG","baseKeyType":1,"closed":-1,"used":1747813661908,"created":1747813661908,"remoteIdentityKey":"BejfZff4H6vJmTJzwjtzge+jbzTCwY/+yN9MXfQvyzoK"},"_chains":{"BcfEYQrB8Nn5nHFNqE2K+3JpmSx4qHexs4IXn/3nZfdH":{"chainKey":{"counter":30,"key":"zyZVeRL+VBlsnGRNj8KFf6iX9BaehSgv8Bt8ToyYZ0k="},"chainType":1,"messageKeys":{}}},"pendingPreKey":{"signedKeyId":1,"baseKey":"BdiSp4iQanXYPdSKFVR6Ujq1mLRRLhhTEj2nb2MNfoMG","preKeyId":2781188}}},"version":"v1"}