{"_sessions":{"BQcdeBbLJ1ogMgzW3x989BPaxd1Rlf0iWQAumRr2IXVB":{"registrationId":11977,"currentRatchet":{"ephemeralKeyPair":{"pubKey":"BUzD1XJyGHt659TeUHrXEjiK8BiZFeJ1j3/1yAyg/t1w","privKey":"aP7p3uUDr4x+yScSN83iCLeoCbF6d762NLGccbSAIkw="},"lastRemoteEphemeralKey":"BStMDdTVSvMZuxYwlH9WejnzoucnlUuHrbpGQ8YsilVd","previousCounter":0,"rootKey":"c6ES5SbDknY/jJB58sm0MN1Njtrj7Tgn2vLgTVO7MEU="},"indexInfo":{"baseKey":"BQcdeBbLJ1ogMgzW3x989BPaxd1Rlf0iWQAumRr2IXVB","baseKeyType":1,"closed":-1,"used":1747813661667,"created":1747813661667,"remoteIdentityKey":"BdBwsmS373Z5aI8i6fjKLdS/nz+kAup3i5Ga7opyin1C"},"_chains":{"BUzD1XJyGHt659TeUHrXEjiK8BiZFeJ1j3/1yAyg/t1w":{"chainKey":{"counter":30,"key":"D0ciGzC4PNat90XAsO384t5i1pOqMEGRtUpsptID2qk="},"chainType":1,"messageKeys":{}}},"pendingPreKey":{"signedKeyId":1,"baseKey":"BQcdeBbLJ1ogMgzW3x989BPaxd1Rlf0iWQAumRr2IXVB"}}},"version":"v1"}