{"_sessions":{"BdRGC5RdYYTokJDdj4BuW1Hk+8ttX9uZXH+z51kdeUcj":{"registrationId":1434952539,"currentRatchet":{"ephemeralKeyPair":{"pubKey":"BdNvkSfd5VYxXlcNk+KFDjbJd5nwgCY9w0hOJP9QdJcm","privKey":"iEQgqsOYC1lP5h/pfAYcBg2nBmnXxYf4K/uizCF54XM="},"lastRemoteEphemeralKey":"Bd02jEPtfEUUh0nxmd9JIwTUXpek9nEw51u0h2HFrp5F","previousCounter":0,"rootKey":"zSO9XmfNXALEPhuN4zmpMh9ChJJEVtB6g1jtMp6dLQM="},"indexInfo":{"baseKey":"BdRGC5RdYYTokJDdj4BuW1Hk+8ttX9uZXH+z51kdeUcj","baseKeyType":1,"closed":-1,"used":1747801267863,"created":1747801267863,"remoteIdentityKey":"BXOVDAPWlb3DDJVsZIwjVwkXzKPhvniWdga6oljs0+tC"},"_chains":{"BdNvkSfd5VYxXlcNk+KFDjbJd5nwgCY9w0hOJP9QdJcm":{"chainKey":{"counter":79,"key":"kZB1GfmUQElIrFQH0YyFHYjD86S5s0Ui4LWCwV9Rlhg="},"chainType":1,"messageKeys":{}}},"pendingPreKey":{"signedKeyId":19,"baseKey":"BdRGC5RdYYTokJDdj4BuW1Hk+8ttX9uZXH+z51kdeUcj","preKeyId":12274381}}},"version":"v1"}