{"_sessions":{"BecXRSQ3sCjZ191JWKCcuMwd3AlIcXSltfTjwC5NPnwv":{"registrationId":1824152946,"currentRatchet":{"ephemeralKeyPair":{"pubKey":"BdkbhkMtpx0bunTyEqtYAmzvEyMReOtZwJvhwTZaHqZm","privKey":"eJxVGQFI3uy48XRo317jfqW49SfMksGBPsI4oC2nOXE="},"lastRemoteEphemeralKey":"BV7EKwZ/h4z/nYtwRH9RU2LTtGEDBtIKuVeruJzhx4wP","previousCounter":0,"rootKey":"47gqIJO7eCZDkD5OlQStfEa1RbgTBxr3VGufpvnZCSU="},"indexInfo":{"baseKey":"BecXRSQ3sCjZ191JWKCcuMwd3AlIcXSltfTjwC5NPnwv","baseKeyType":1,"closed":-1,"used":1747816416444,"created":1747816416444,"remoteIdentityKey":"BSa6mbSSKeTcVazAj7XjHHbLdH56CrEm0ykyA/vaOFAn"},"_chains":{"BdkbhkMtpx0bunTyEqtYAmzvEyMReOtZwJvhwTZaHqZm":{"chainKey":{"counter":18,"key":"XkR8KiiTStdhm7j09MJw+2mSM1MSZdyUMqFY8dAmKTg="},"chainType":1,"messageKeys":{}}},"pendingPreKey":{"signedKeyId":1,"baseKey":"BecXRSQ3sCjZ191JWKCcuMwd3AlIcXSltfTjwC5NPnwv","preKeyId":14902403}}},"version":"v1"}