{"_sessions":{"BVFEQ1w2RPg/AMpbE49favogagu9fCJTLuCjFBf8gedc":{"registrationId":151542609,"currentRatchet":{"ephemeralKeyPair":{"pubKey":"BWJ+RLmDiJ9XxTiGpDhPQSanslhQKA9o/MG2gJSLRyRP","privKey":"oAlcLkZz1I7L2vCJCJ5INCE8J1t+T4nCuGOhRw8R0mE="},"lastRemoteEphemeralKey":"BRPzXSldtEymRx1vUrdKAiztLTsSHQjSW0f7nB5MeNk9","previousCounter":23,"rootKey":"xWbL86PlhenZ2++BOquviCJwcHBSZYh/UIbmBVR946A="},"indexInfo":{"baseKey":"BVFEQ1w2RPg/AMpbE49favogagu9fCJTLuCjFBf8gedc","baseKeyType":1,"closed":-1,"used":1747820378153,"created":1747801267513,"remoteIdentityKey":"BYf23DUPlb40jzTb6sBo4ZezHrVvi1v0wLo4tiuaD3gs"},"_chains":{"BRPzXSldtEymRx1vUrdKAiztLTsSHQjSW0f7nB5MeNk9":{"chainKey":{"counter":0,"key":"i6pzan3uAojZnY6VxSku23N4Uv/8Y3q6b8kMEolRuCM="},"chainType":2,"messageKeys":{}},"BWJ+RLmDiJ9XxTiGpDhPQSanslhQKA9o/MG2gJSLRyRP":{"chainKey":{"counter":55,"key":"OoAuHhCiUq7M8PMEDtZ8BCnqF7U6REGLCQGEAGzSiME="},"chainType":1,"messageKeys":{}}}}},"version":"v1"}