{"_sessions":{"BcYPvAtptQ2+h+aQjSuFM80xBjpz9VA4AQSLI1+C81I4":{"registrationId":618528591,"currentRatchet":{"ephemeralKeyPair":{"pubKey":"BViFq/ohbwS0XWM/o/k5OJi2d5PVbc9PjDqRz43twVMW","privKey":"QMhOkaczEcf3ibckdpa4k97NHWS65kx7FNU0zScTfUc="},"lastRemoteEphemeralKey":"BSwYeXhxpqpdvZglCx5YmdvhDZhASYPO2Auui0uJh6k7","previousCounter":0,"rootKey":"SMWDa3P4lRtpvWEC9UHgjGyDF/RaHb98ZW3uhHXKYhU="},"indexInfo":{"baseKey":"BcYPvAtptQ2+h+aQjSuFM80xBjpz9VA4AQSLI1+C81I4","baseKeyType":1,"closed":-1,"used":1747813661997,"created":1747813661997,"remoteIdentityKey":"BZw8+uwdM2ArBqbfSUrDtnppTJ/qNI8ya2ZxzPp7ZysG"},"_chains":{"BViFq/ohbwS0XWM/o/k5OJi2d5PVbc9PjDqRz43twVMW":{"chainKey":{"counter":30,"key":"lY0/P2QhAA/WbFX7uyOnjkCmYfV6lO6n409Xa95LQ/U="},"chainType":1,"messageKeys":{}}},"pendingPreKey":{"signedKeyId":0,"baseKey":"BcYPvAtptQ2+h+aQjSuFM80xBjpz9VA4AQSLI1+C81I4"}}},"version":"v1"}