{"_sessions":{"Bd2949JNuK4PLOOk1WB88qLRZc8zdWBupmT3Q8rs2d5y":{"registrationId":1150807511,"currentRatchet":{"ephemeralKeyPair":{"pubKey":"BQnBDzcdUP0bcrmGvw5PSX45Rx2RIEI1v+tsg5U8M4AA","privKey":"GAAzRUwUR3902ACJitHD6Iwg1PpQ1sGLUQRSf1aAPUs="},"lastRemoteEphemeralKey":"BdxouQjCdj2Bw9+D9oJK/dLnzKfdohAWEs08vy8ym4EA","previousCounter":0,"rootKey":"7s/+UbmWe6rFWmiHFO3TROfw4z+z4HwY1ufNb6GakfI="},"indexInfo":{"baseKey":"Bd2949JNuK4PLOOk1WB88qLRZc8zdWBupmT3Q8rs2d5y","baseKeyType":1,"closed":-1,"used":1747813661944,"created":1747813661944,"remoteIdentityKey":"BcFPToeiVD9ZYIXYCzkHAiiCnY6KVy59vw8cJGcZvvNI"},"_chains":{"BQnBDzcdUP0bcrmGvw5PSX45Rx2RIEI1v+tsg5U8M4AA":{"chainKey":{"counter":30,"key":"h22kfAHbKU+pVnAnXaC8mroWrVb0kpDECT8eFwZH0xA="},"chainType":1,"messageKeys":{}}},"pendingPreKey":{"signedKeyId":1,"baseKey":"Bd2949JNuK4PLOOk1WB88qLRZc8zdWBupmT3Q8rs2d5y","preKeyId":2474343}}},"version":"v1"}