{"_sessions":{"BbdQEjeackkURgehd5MieIqop7mGjKod0vZgXDV9TSlh":{"registrationId":690843559,"currentRatchet":{"ephemeralKeyPair":{"pubKey":"BXkpwl2kGF9eK02XKztKYGFau3cnMbl53C1b0MFQCX1M","privKey":"CKZDIPL0g7q2LVP6weq6Mm039VrtwrecdPagjP6FnX4="},"lastRemoteEphemeralKey":"BXYhLUyBlngmk+uz1CLlB/+oWCMXZ9wyDAXKZgDRY70I","previousCounter":0,"rootKey":"4lVShnwleZk2tR0HHdyUlywsQ6L8iXnIuQ/0cDlrWd0="},"indexInfo":{"baseKey":"BbdQEjeackkURgehd5MieIqop7mGjKod0vZgXDV9TSlh","baseKeyType":1,"closed":-1,"used":1747813661869,"created":1747813661869,"remoteIdentityKey":"BRDyEJkNlbk/m8srp7oGXnd3GzSLuo74xVyZp8K3hVhe"},"_chains":{"BXkpwl2kGF9eK02XKztKYGFau3cnMbl53C1b0MFQCX1M":{"chainKey":{"counter":30,"key":"R7MHpLmAcEotPjoh+pa7Fm3bQYv/g4OKT88UJzouy2A="},"chainType":1,"messageKeys":{}}},"pendingPreKey":{"signedKeyId":1,"baseKey":"BbdQEjeackkURgehd5MieIqop7mGjKod0vZgXDV9TSlh","preKeyId":7269515}}},"version":"v1"}