{"_sessions":{"BWUx6cRk2DrRChB8AMOUV9LRkr/XNEDiPD6A6RFR4jFN":{"registrationId":1137582818,"currentRatchet":{"ephemeralKeyPair":{"pubKey":"BQX8dO8ofP3KyDkH56Dx+VsQY4buRikfxEL5ZLi8PQgD","privKey":"yOWWAp2RrMBpIAny9hC9uEa9tdQEaaGiZVqQ0V6p8kE="},"lastRemoteEphemeralKey":"BUaKgH7Y7KZ1yd3JFWttkF2Sib58Q9fua8cjINlXIPJX","previousCounter":0,"rootKey":"AUOAQBSnSxgqWbAriuRrWjf7dA7VpoDlytE1KWFucVw="},"indexInfo":{"baseKey":"BWUx6cRk2DrRChB8AMOUV9LRkr/XNEDiPD6A6RFR4jFN","baseKeyType":1,"closed":-1,"used":1747801267832,"created":1747801267832,"remoteIdentityKey":"BfymA2ysxDc/ysWHpWy+lvB/K63daidwaRTuhdW+kvdl"},"_chains":{"BQX8dO8ofP3KyDkH56Dx+VsQY4buRikfxEL5ZLi8PQgD":{"chainKey":{"counter":79,"key":"ZHvcqLcE1L78+2asPhGHZiOX59/8guLfWUm5OXioqp0="},"chainType":1,"messageKeys":{}}},"pendingPreKey":{"signedKeyId":7,"baseKey":"BWUx6cRk2DrRChB8AMOUV9LRkr/XNEDiPD6A6RFR4jFN"}}},"version":"v1"}