{"_sessions":{"BTzN+nqYZDOiVDMdCIgeXcRRK7i8wghlmJGyauJNoAA/":{"registrationId":532679375,"currentRatchet":{"ephemeralKeyPair":{"pubKey":"BWBee7VRuuKgECUBenkdFxcq+K5mo1u5iMBc6x1mB50c","privKey":"ICBzFbLXsCak1kMwU7DTGq2SfNjbcVUZxLPsaG7eD3A="},"lastRemoteEphemeralKey":"BbCmlI3XH1SmgYR2261N5pesdPVa4pcwQiUVi7h9FBJi","previousCounter":23,"rootKey":"gMMolxdj8LoKBZmP0B2RPAp7gdLxqcN3/CQt3CFT7d4="},"indexInfo":{"baseKey":"BTzN+nqYZDOiVDMdCIgeXcRRK7i8wghlmJGyauJNoAA/","baseKeyType":1,"closed":-1,"used":1747820378619,"created":1747801267723,"remoteIdentityKey":"BflTsZkG0Z1SZIEDOkK7KC4XR7BgrCTXSlNj8N5glh5W"},"_chains":{"BbCmlI3XH1SmgYR2261N5pesdPVa4pcwQiUVi7h9FBJi":{"chainKey":{"counter":0,"key":"znm8eDc8ZkpRDHph+fhGW9xS+YWXTp8u+8r5wuchXwg="},"chainType":2,"messageKeys":{}},"BWBee7VRuuKgECUBenkdFxcq+K5mo1u5iMBc6x1mB50c":{"chainKey":{"counter":55,"key":"ev2XEvCuRNzyxRT2Sl3LG8EBQgHNj8ogcIwLxTvoMgY="},"chainType":1,"messageKeys":{}}}}},"version":"v1"}