{"_sessions":{"BWhZA2fhkrBAf2ktwKxAVVKVdGtSk884yKVVxLX0z1wf":{"registrationId":954044565,"currentRatchet":{"ephemeralKeyPair":{"pubKey":"BTX1a9LA3Pg3QnMVpbfQyMoEZ4ymMs4dKekaUSjwpZIP","privKey":"uKo4epz5zYeG5Tkx3YDGYgbFxjtIhxMlzR5c07So+lk="},"lastRemoteEphemeralKey":"BRNXuXx1lPUWqE87q6gP8XHEsLeCDL9o30NkX4xX97U0","previousCounter":14,"rootKey":"fMcfKp8dKTmaKNQyh0Sq/q8epXkDKTKZGlk+RFicwT8="},"indexInfo":{"baseKey":"BWhZA2fhkrBAf2ktwKxAVVKVdGtSk884yKVVxLX0z1wf","baseKeyType":1,"closed":-1,"used":1747832116333,"created":1747816416520,"remoteIdentityKey":"Bd3xjdRdYwMqp6oZIYnsk1LG5ckueS6atmX9uScAqiYz"},"_chains":{"BRNXuXx1lPUWqE87q6gP8XHEsLeCDL9o30NkX4xX97U0":{"chainKey":{"counter":4,"key":"VeZ+Z7sF86jkKvf3sy9roc9G1ZXTLyxcXwb1OOBaFxw="},"chainType":2,"messageKeys":{"0":"+t5AR6XzqP31B8ozeY7p7J257oTG0ZQrxpJaTBnUBww=","1":"5GY5ceG8PfxU4e0Oi75KBxqXJUDllmW6YoW+8CXtmVU=","2":"ULGdJm0ks5jnh6tjsnoOAYeUkYQgLRCuLrUiK2QHzyY=","3":"oAVzhLuS7INVNnf4NHKk4MRkaD0J/Jh4izwQ3CsMtXs="}},"BTX1a9LA3Pg3QnMVpbfQyMoEZ4ymMs4dKekaUSjwpZIP":{"chainKey":{"counter":3,"key":"XkeR+USLIdM7KS2z04MlkFZnVb/Vz2zHnE3T9Q5nzXY="},"chainType":1,"messageKeys":{}}}}},"version":"v1"}