{"_sessions":{"BWXGwlx48VX9aJa/bkYCXasxzMJ2Zy09eKqxJkZaZaM7":{"registrationId":1351281577,"currentRatchet":{"ephemeralKeyPair":{"pubKey":"BUlrJD1VKWuoK5/TOsFvVCRAhQar9nrAB45MQ8Jvvjw4","privKey":"sNbV5lInoRQ95kHrMr934hhle/xkLEjGL8oX270za3Y="},"lastRemoteEphemeralKey":"Ba2Mfyarp8gW94WdqHvPsvjcZl7Qk+LuCSipjvJb8RE+","previousCounter":23,"rootKey":"budlw1jE3FT7WzZXZUS5wqqLUMrMEsDdXj+P3OLkOwk="},"indexInfo":{"baseKey":"BWXGwlx48VX9aJa/bkYCXasxzMJ2Zy09eKqxJkZaZaM7","baseKeyType":1,"closed":-1,"used":1747820433032,"created":1747801267566,"remoteIdentityKey":"BYGbClPMUfia/WJUmsujKDOeB6BHf+hTMuRlty1X7tdg"},"_chains":{"Ba2Mfyarp8gW94WdqHvPsvjcZl7Qk+LuCSipjvJb8RE+":{"chainKey":{"counter":1,"key":"yOLZoCpO8N7VfWNpuo3wC1HVCxzAVuIAy00oqRSENWo="},"chainType":2,"messageKeys":{}},"BUlrJD1VKWuoK5/TOsFvVCRAhQar9nrAB45MQ8Jvvjw4":{"chainKey":{"counter":55,"key":"dEygl733eLBIoR0QMwmCe2TY5tXsW4HH1dVvd6L8jmk="},"chainType":1,"messageKeys":{}}}}},"version":"v1"}