{"_sessions":{"BdUkSYEcbqqRDiDDRrbyyr3icbx+wXB0IPqtReT/ZFZX":{"registrationId":272915863,"currentRatchet":{"ephemeralKeyPair":{"pubKey":"BT9voEefG8c/YDebJKcNrj6EMbH3x1Y+vLrNKTrVE3lz","privKey":"wMfKVbnxKvXu5JG9e+rpdIMPef1golQSho7CYp5YsV0="},"lastRemoteEphemeralKey":"BSHjssp25bNTADLoVGyDyq4S3saMYJLMEGmfwBhhBpxt","previousCounter":0,"rootKey":"kYKU4DFJy6Awde38QSoZtBoLf1RlJP4fOVdlwY6IQ1o="},"indexInfo":{"baseKey":"BdUkSYEcbqqRDiDDRrbyyr3icbx+wXB0IPqtReT/ZFZX","baseKeyType":1,"closed":-1,"used":1747816416560,"created":1747816416560,"remoteIdentityKey":"BRIICs0j8smU+jtJQ4UpfTK7JZQIbuUXFhaW3hGilXYo"},"_chains":{"BT9voEefG8c/YDebJKcNrj6EMbH3x1Y+vLrNKTrVE3lz":{"chainKey":{"counter":18,"key":"ZYI+J7zjIYD0tM2tJ4sN8nPcZ01XyFH1LynSSSbmkUs="},"chainType":1,"messageKeys":{}}},"pendingPreKey":{"signedKeyId":3,"baseKey":"BdUkSYEcbqqRDiDDRrbyyr3icbx+wXB0IPqtReT/ZFZX","preKeyId":14756448}}},"version":"v1"}