{"_sessions":{"Bdyzizvq5Jrs1PVAyaPmTWWspHQ06DC86C3WqPubw3JG":{"registrationId":6169,"currentRatchet":{"ephemeralKeyPair":{"pubKey":"BcHhKC+SQlXJit2xMfkIV/81fzNKTSbkaIUDnlzJa9gt","privKey":"gLFFGBxnaY4s0XXwHHmezIDjhr+/0+MpoirG2rIl6EM="},"lastRemoteEphemeralKey":"BRs5/i4rfj9+gq8ooQlX/9L5DMb9ZBZZ0lV4ork+frVc","previousCounter":0,"rootKey":"67fNe5/7mwG4b/nuQ2fWn47TZplqvNiQTFulEeYh0uc="},"indexInfo":{"baseKey":"Bdyzizvq5Jrs1PVAyaPmTWWspHQ06DC86C3WqPubw3JG","baseKeyType":1,"closed":-1,"used":1747820920095,"created":1747820920095,"remoteIdentityKey":"Bd/pqOZW2g+IcxkbVJBacFn7nWHbZkHmQo41DJ7vwjkA"},"_chains":{"BcHhKC+SQlXJit2xMfkIV/81fzNKTSbkaIUDnlzJa9gt":{"chainKey":{"counter":0,"key":"+BMwjk9uLzEMzDBW1JZ3UUbRoeKAIlo2B4/OpYsgzsI="},"chainType":1,"messageKeys":{}}},"pendingPreKey":{"signedKeyId":1,"baseKey":"Bdyzizvq5Jrs1PVAyaPmTWWspHQ06DC86C3WqPubw3JG","preKeyId":827}}},"version":"v1"}