{"_sessions":{"BaAJL3jvgxhAdFiikORoq+5lDh+bW7xh3OkMtr8KD2Fv":{"registrationId":2016680829,"currentRatchet":{"ephemeralKeyPair":{"pubKey":"BbWyf8BsdaO6YeDVv906/plNA6wPmd7L72NXgzOi0WYb","privKey":"yG8sVmS3mT2mItN/+Dr8ppzG3CAgIuiuwklqDJ7fF1Y="},"lastRemoteEphemeralKey":"BcTl3sqSAd+WFvXJJNe2pkfeht+skxgraMzmKjX9UpRb","previousCounter":1,"rootKey":"AwMXDKReP5sRgMik50d+i0+k0tYVP69DQ374h6UK+NI="},"indexInfo":{"baseKey":"BaAJL3jvgxhAdFiikORoq+5lDh+bW7xh3OkMtr8KD2Fv","baseKeyType":1,"closed":-1,"used":1747839544615,"created":1747801267561,"remoteIdentityKey":"BQqwuGcwY5ZTbJ7hLHjTP24VzfSaK3bqEnLTEpqdxwIR"},"_chains":{"BQK49a+IGkbB1goGT5ijgs7OHUVSr7WyZcdLab+BTfx9":{"chainKey":{"counter":0},"chainType":2,"messageKeys":{}},"Bf8XqzpyrjhjANlfLF42HzBV5Hr+BOXPJ6lhLOSB99oL":{"chainKey":{"counter":0},"chainType":2,"messageKeys":{}},"BfwFPCYTpATsItUFR1yp+d5LI2eoK5ywinJpt87mJcs0":{"chainKey":{"counter":2},"chainType":2,"messageKeys":{}},"Bfk2HvxA9p1xLGSsrt+ttmG4XIBcSZfM7DEoAtH2pQtr":{"chainKey":{"counter":0},"chainType":2,"messageKeys":{}},"BcTl3sqSAd+WFvXJJNe2pkfeht+skxgraMzmKjX9UpRb":{"chainKey":{"counter":8,"key":"UxQ7UTHLrZYa3ZC2NN/axI9eqgXid0RepG2wce63FF8="},"chainType":2,"messageKeys":{}},"BbWyf8BsdaO6YeDVv906/plNA6wPmd7L72NXgzOi0WYb":{"chainKey":{"counter":55,"key":"yKeKoRi5yBzedeXDbO2pt/2bR5hnlIfXzmB5J/HOocA="},"chainType":1,"messageKeys":{}}}}},"version":"v1"}