{"_sessions":{"BaZf31xuu5Fw2iMOkXTjAF86jFpo4ZVhgcD5IUhHniM+":{"registrationId":953986270,"currentRatchet":{"ephemeralKeyPair":{"pubKey":"Bd1cy40oPMkSgaFuRtmvC1XDNfwHzBBQDkCWyNe1RuIR","privKey":"QDagFez5P1vA5hFnMDtjqekA8t6uokp7P+pa5XfKenY="},"lastRemoteEphemeralKey":"BakDmt8EjgzMeKCO4y5r7YzIQffiMvXCm1eyt+GNoXwt","previousCounter":9,"rootKey":"s1iGC7FWd2M8oqNaGC+ejzLdbrogNlv3857EbOJDR0o="},"indexInfo":{"baseKey":"BaZf31xuu5Fw2iMOkXTjAF86jFpo4ZVhgcD5IUhHniM+","baseKeyType":2,"closed":-1,"used":1747840039963,"created":1747793885909,"remoteIdentityKey":"BVOtO5odvLB5yRddmk+G2nFdNeysGPwUcLL5wVs9zfM+"},"_chains":{"BUV8BMeL6JeZ22Z9DmoCgnqN5NUJ8IknphMLjwsO8gQy":{"chainKey":{"counter":7},"chainType":2,"messageKeys":{}},"BRi1vCwbn1nOwTmKS4IoC85UPZrGAKHxUInNOgiMQGog":{"chainKey":{"counter":0},"chainType":2,"messageKeys":{}},"BQKBUNox0h6oudyQ1/BhvblYYU+cBpAvJhE8Z51D9UFB":{"chainKey":{"counter":0},"chainType":2,"messageKeys":{}},"BVRv+RitVPWw/eCLwaNKyHIhNB57VEOlQK2F/B4NUL9u":{"chainKey":{"counter":0},"chainType":2,"messageKeys":{}},"Bai08KsLbqImPLr15MAs/UbRra3IY25bFzvQN9r9DxQT":{"chainKey":{"counter":0},"chainType":2,"messageKeys":{}},"BcQGzoOLldYgHaomns8ltvIbFiAS60JCo5n8DKouUa82":{"chainKey":{"counter":0},"chainType":2,"messageKeys":{}},"BSoic4qPVehLsl2f4FdAbw7pgVD94xBwwNkqB6k1YsEo":{"chainKey":{"counter":0},"chainType":2,"messageKeys":{}},"Bc9ilgkxXp4wDplPlIQJ1OSaEjmTI3jcLGpLuumWBIs6":{"chainKey":{"counter":0},"chainType":2,"messageKeys":{}},"BbY8ouE6auh+Zj6ItyG3Ca7pfgTtChxoqrLvbCKHLd8b":{"chainKey":{"counter":1},"chainType":2,"messageKeys":{}},"BXz6w26tG8lbKA2jXtK18GbrxsQ5oPaGvj3BI5ZrYswj":{"chainKey":{"counter":1},"chainType":2,"messageKeys":{}},"BU9A+2ldi4Q2xpOaqWZVpgR8eXyXaZIws/ybepQcANMf":{"chainKey":{"counter":0},"chainType":2,"messageKeys":{}},"BQP9SiXO+l+QG6ZEsWjVBonN2LGmUO/MtkCFER9P9dkT":{"chainKey":{"counter":0},"chainType":2,"messageKeys":{}},"BT9gUpxuc0jSpEyZH0tQSSEUFi4C67oIPBhxdpT/iMVn":{"chainKey":{"counter":0},"chainType":2,"messageKeys":{}},"BbgaGT4vPZ9ku8EYZ0mi3oM5AboZ0bKlRjH4j8wSAu4K":{"chainKey":{"counter":0},"chainType":2,"messageKeys":{}},"Bcg6Gq81E7iPdBY3FwgUwsnJmB32C7fHZGHdj2/K30xw":{"chainKey":{"counter":0},"chainType":2,"messageKeys":{}},"BdZqUckN3LG55V7HAJQdPRC3VoOQNYOWKNIChDnipncL":{"chainKey":{"counter":0},"chainType":2,"messageKeys":{}},"BY1lR8sb0xXAQbngt+bs1N9wnVVNGAubGJoVuBJNr5VA":{"chainKey":{"counter":2},"chainType":2,"messageKeys":{"1":"uXmM7JM6UOIrBlkpPmfXjyHSrAzHdSfJZqJ2uCebb+g="}},"BQW6vDJu5y0/5NubDU0rGKSLN5NsC66bCVcKueJ5ysIj":{"chainKey":{"counter":0},"chainType":2,"messageKeys":{}},"BXgcKTY4qCPBj16VmAUIGPTGvXkT1BhoHVGOlcmqXhAU":{"chainKey":{"counter":2},"chainType":2,"messageKeys":{}},"BXghWIceLCtqT4dt1MhJwKWJcHBUUl/ahBQ+cYVjWLAb":{"chainKey":{"counter":0},"chainType":2,"messageKeys":{}},"BX93IE1ryvMtMO6BCdaq/R3+4MreQLTETo3jnfBnTcNV":{"chainKey":{"counter":0},"chainType":2,"messageKeys":{}},"BWZ5K6Azg1vUnIhQiGmNWYQG2cR5omRqqNYv90kMdMJz":{"chainKey":{"counter":0},"chainType":2,"messageKeys":{}},"BZIgcJ4THzlHgNPvhtI45PdmxUanAn+JD03var8CSdpl":{"chainKey":{"counter":0},"chainType":2,"messageKeys":{}},"BWacp48Bzct+5h8JSfEmhYetlxHOfb9QkKNnf5kFYiYn":{"chainKey":{"counter":3},"chainType":2,"messageKeys":{}},"BRLxiNTKVyDZQxGtY6vpchCkiuayeyEQdF8R8INg7yMm":{"chainKey":{"counter":5},"chainType":2,"messageKeys":{}},"BSmBDZqHTy5XSzSMdV+CuSf1IWBlRSYKzN/vWXMYNotf":{"chainKey":{"counter":2},"chainType":2,"messageKeys":{}},"BZtuKtY3TOPjWj3JEDjU9tSbGFPgK4lJyQ2ejWRy7ypS":{"chainKey":{"counter":0},"chainType":2,"messageKeys":{}},"BYOhN6ztS9ioGqDZcVIZoETf2xinw6rx/VUmwvF5TYMb":{"chainKey":{"counter":0},"chainType":2,"messageKeys":{}},"BXwkgGNJquL25d0tp4po6zIH8BFT0e5eOy3/+DreAxdl":{"chainKey":{"counter":0},"chainType":2,"messageKeys":{}},"BfIWdCDV5wheC9KmpA2VrJfc6XJKziqz9Wza6Fyrhywb":{"chainKey":{"counter":6},"chainType":2,"messageKeys":{}},"BfbgGpMBbBdXyoIHY2Ry3wjUPTUILOFTz7/T5P3lh6gY":{"chainKey":{"counter":6},"chainType":2,"messageKeys":{}},"BQ7B9OyRbE2GNgdNtA2aE1d8Fp3yvceNgaq8pyffSyxQ":{"chainKey":{"counter":4},"chainType":2,"messageKeys":{}},"BZxoC2smkXd7auAeL2WDwR422gvkL6I8Hj2Erq+p9gog":{"chainKey":{"counter":0},"chainType":2,"messageKeys":{}},"BU0b3yJd2MNcmqRKWF4L6t93KFK/QglnWbjEWv9/sYNM":{"chainKey":{"counter":0},"chainType":2,"messageKeys":{}},"BQjUlX610z6I5lp2Wp9eFTSbim7YbftPA3P4SUcQJNkC":{"chainKey":{"counter":0},"chainType":2,"messageKeys":{}},"Bezt5y9zxszM8A7yUzbxZsK0DyRmRIDsk3qNGy0AgzRv":{"chainKey":{"counter":1},"chainType":2,"messageKeys":{}},"BRAQSoFTRY4hypKMUWLSoiXxJ7nIy8PeMqU3hUp8DnIw":{"chainKey":{"counter":3},"chainType":2,"messageKeys":{}},"BRQHuLfshwNLlWYe0XQLtFBf/r/BSME5a/kqNYD5mQJ4":{"chainKey":{"counter":0},"chainType":2,"messageKeys":{}},"BXkIZybVu0LXO+kz8sNOSMhFpDXDxbA0sV6GhRJUncVu":{"chainKey":{"counter":0},"chainType":2,"messageKeys":{}},"BakhUbj86DZTQI2eFG2Viv1GIHQmXMR/cI0X/25lp6Up":{"chainKey":{"counter":1},"chainType":2,"messageKeys":{}},"BYkZfj94g8XQSDHAUo3dVIpqTgWdUXE5CQ8EvVKpYTZK":{"chainKey":{"counter":1},"chainType":2,"messageKeys":{}},"BaQP/VpD8HButcEWLUOSAF80rEgakS7PVHPg8gKWJrUv":{"chainKey":{"counter":0},"chainType":2,"messageKeys":{}},"BT2JEkKomwz/T3MpipWN7nYBbGsjC7P8Gof1eCkw7r8u":{"chainKey":{"counter":3},"chainType":2,"messageKeys":{}},"BcL9FbSt9Y3ClFGKbWC6a0+kjcaf0WSsATWpmIr4mmZB":{"chainKey":{"counter":0},"chainType":2,"messageKeys":{}},"Be/3zKIC31NOrDQhhlrdlWsZ62Fh9NzN8RmeEky7wkpp":{"chainKey":{"counter":1},"chainType":2,"messageKeys":{}},"BcUaluwdPalvu3K7YM6673nfF4aDrf7XOhW8AmAh80kt":{"chainKey":{"counter":0},"chainType":2,"messageKeys":{}},"BVeSEsgh8tJDmeByADhzCGpAEnQWf+Rcdu6bHEBt7vsr":{"chainKey":{"counter":0},"chainType":2,"messageKeys":{}},"BYJ92ieu3yGNupkesl07YJGWYNXWKM24pT4h4QKXQo5K":{"chainKey":{"counter":0},"chainType":2,"messageKeys":{}},"BakDmt8EjgzMeKCO4y5r7YzIQffiMvXCm1eyt+GNoXwt":{"chainKey":{"counter":0,"key":"GXuX6jC51zOPouJfVlR568lME9ph6nO+j2FBUrhhgKM="},"chainType":2,"messageKeys":{}},"Bd1cy40oPMkSgaFuRtmvC1XDNfwHzBBQDkCWyNe1RuIR":{"chainKey":{"counter":10,"key":"eNQ4DxR4LaqVCgyq31ma1BXVLg7/mBjHTzDFZggEbJs="},"chainType":1,"messageKeys":{}}}}},"version":"v1"}