{"_sessions":{"BeMDCdq340rmkxvur0AxdlOcKE6t2xNgLKpZSfSuo9kQ":{"registrationId":2140810967,"currentRatchet":{"ephemeralKeyPair":{"pubKey":"BbRKNxvG/WcXZAm50K1OYcA/SxfewxejzIr7nJ0a/tZx","privKey":"aP/DdwRB40Kv2xkqDa2iGl/rHcwdyc0qgYEkWABsiUQ="},"lastRemoteEphemeralKey":"BfQssrfueEjU+5X7PZnIspjqzLT2VMg6W2gJrge6SkBW","previousCounter":0,"rootKey":"aFxsUyKn7m4ABHW5bs8t52xhFMGIsZnMyjGGfceJMIk="},"indexInfo":{"baseKey":"BeMDCdq340rmkxvur0AxdlOcKE6t2xNgLKpZSfSuo9kQ","baseKeyType":1,"closed":-1,"used":1747813661950,"created":1747813661950,"remoteIdentityKey":"BVqk+/FYN0h3x7bIvx8R2iHtlWrEozc9/g+P35K1aDgk"},"_chains":{"BbRKNxvG/WcXZAm50K1OYcA/SxfewxejzIr7nJ0a/tZx":{"chainKey":{"counter":30,"key":"6zgWfE6gKieojjF7VG3/kHf4M1t6M2GNrRVZQfEymNs="},"chainType":1,"messageKeys":{}}},"pendingPreKey":{"signedKeyId":2,"baseKey":"BeMDCdq340rmkxvur0AxdlOcKE6t2xNgLKpZSfSuo9kQ","preKeyId":5614903}}},"version":"v1"}