{"_sessions":{"BbcaqD4HAPJ2ZK1QzCMqkWgZSNSVNAQQ76vL1S72Orst":{"registrationId":472147023,"currentRatchet":{"ephemeralKeyPair":{"pubKey":"Be2ukAwsky4AsvLZjuQP5uAiyXO6Lv2nojC+GH8ZE7IW","privKey":"6GKS3WcZ9s4p6klT+LRVBpq3Seree/odulUN4BiQM0w="},"lastRemoteEphemeralKey":"BQc3Y8jkhcAYZTC/hRYVc5r9ofwrvotUmqBGvDOieq5p","previousCounter":0,"rootKey":"dtzHGkXcpLbLATVhGE43+evCT2zgeS3ljBReu1cmeIY="},"indexInfo":{"baseKey":"BbcaqD4HAPJ2ZK1QzCMqkWgZSNSVNAQQ76vL1S72Orst","baseKeyType":1,"closed":-1,"used":1747813661923,"created":1747813661923,"remoteIdentityKey":"BVfiyBFL10s2hI64DhzgMIJo/b391geSF6cQB6Bp7Mly"},"_chains":{"Be2ukAwsky4AsvLZjuQP5uAiyXO6Lv2nojC+GH8ZE7IW":{"chainKey":{"counter":30,"key":"nMihQkbTElL89pyODjPro3nmFhlEkGGkDf+jOXmujEA="},"chainType":1,"messageKeys":{}}},"pendingPreKey":{"signedKeyId":7377883,"baseKey":"BbcaqD4HAPJ2ZK1QzCMqkWgZSNSVNAQQ76vL1S72Orst"}}},"version":"v1"}