{"_sessions":{"BW4LtfwCWeIHxkQwzPyB8MgGojZVLLMYtd6N5UbpkOQS":{"registrationId":399,"currentRatchet":{"ephemeralKeyPair":{"pubKey":"BYCvJgeoWjKJJfy6xbxQLRpgpUllBLytYpPefjBuyMNr","privKey":"aAIkxJq499lkJA7040c2QI5abzny6TqnYEcz78SUAEM="},"lastRemoteEphemeralKey":"BetTqbnXxnp5K/q9ICmxyE2xeBqvKq/aUh5UK7XuUTR2","previousCounter":0,"rootKey":"5byK/n2AN17GQSdxWn8CJkAfplrmnAUBYrCodlSbbxc="},"indexInfo":{"baseKey":"BW4LtfwCWeIHxkQwzPyB8MgGojZVLLMYtd6N5UbpkOQS","baseKeyType":1,"closed":-1,"used":1747816416408,"created":1747816416408,"remoteIdentityKey":"BYqnjvWsQrMXsOS9qc1Ewtea49mU0JZAqmuCpeUOG08C"},"_chains":{"BYCvJgeoWjKJJfy6xbxQLRpgpUllBLytYpPefjBuyMNr":{"chainKey":{"counter":18,"key":"b5VrZNz/rjcDdK/Lr4aXSP7tkKkS04wQ0/VDNNQVdBc="},"chainType":1,"messageKeys":{}}},"pendingPreKey":{"signedKeyId":1,"baseKey":"BW4LtfwCWeIHxkQwzPyB8MgGojZVLLMYtd6N5UbpkOQS"}}},"version":"v1"}