{"_sessions":{"BUaf8hP2gUdAkadMepixXvfYmh+FJtN36dRdbwBQY0tq":{"registrationId":217142243,"currentRatchet":{"ephemeralKeyPair":{"pubKey":"BVSzS7sj34OUm8ED04cP9yJFYqqgKmQrKw5uG22LIe8Q","privKey":"iHe14umIymma/vuoa95a9sQsscWjh9IOlNRsLv7r6EM="},"lastRemoteEphemeralKey":"BYaJpW53qeRg95kdOUoH6YTfO2PwKyUJMyMIfE7aR8Vq","previousCounter":0,"rootKey":"Duc06aZbt9NB9ScqfDPDaqf+ugAP9ZLGzWcmMD+7anc="},"indexInfo":{"baseKey":"BUaf8hP2gUdAkadMepixXvfYmh+FJtN36dRdbwBQY0tq","baseKeyType":1,"closed":-1,"used":1747820920106,"created":1747820920106,"remoteIdentityKey":"BYNdwPW+gp2bHsBz9YBMIa72waZu4Chr0A6X5UARdTNM"},"_chains":{"BVSzS7sj34OUm8ED04cP9yJFYqqgKmQrKw5uG22LIe8Q":{"chainKey":{"counter":0,"key":"DpcAkHeD6vbe2eyjSvqcgw8epit90fd7zYBAdsEQv2g="},"chainType":1,"messageKeys":{}}},"pendingPreKey":{"signedKeyId":13,"baseKey":"BUaf8hP2gUdAkadMepixXvfYmh+FJtN36dRdbwBQY0tq","preKeyId":3408155}}},"version":"v1"}