{"_sessions":{"BexBnGjrDwZWvtytjTSRM/8IQeE/kjQgzdrAJGN/l9w4":{"registrationId":296246747,"currentRatchet":{"ephemeralKeyPair":{"pubKey":"Bea5dePKxVnANozL7zgF0UmPztf4bLgWkatSjEWDB6kN","privKey":"wK4enKzjTquAG8dR9QGAc7kNpJ2Lhz734x1fNeKPblE="},"lastRemoteEphemeralKey":"BYhLChjS7YHB88OAcUk+eGBbCOE5d+0/pWm3zBEt9a5c","previousCounter":0,"rootKey":"fCYpt3eAVcA0eaERHA806JdqDEahrI1Di9ICeeI9Vx0="},"indexInfo":{"baseKey":"BexBnGjrDwZWvtytjTSRM/8IQeE/kjQgzdrAJGN/l9w4","baseKeyType":1,"closed":1747832220157,"used":1747801267894,"created":1747801267894,"remoteIdentityKey":"BZzyTMaDbwBTfCiVaYOhe/zJ4jjk1556rlRfwEJH/Y0l"},"_chains":{"Bea5dePKxVnANozL7zgF0UmPztf4bLgWkatSjEWDB6kN":{"chainKey":{"counter":39,"key":"Gp4ZabyoX0NQYjgah04+ncQEy+eKEczf39IhWDl7PnE="},"chainType":1,"messageKeys":{}}},"pendingPreKey":{"signedKeyId":0,"baseKey":"BexBnGjrDwZWvtytjTSRM/8IQeE/kjQgzdrAJGN/l9w4","preKeyId":12616019}},"BcKyho+ExN/c1ghEZiycGiRYSPny0dvezxuaeTpzgWVu":{"registrationId":296246747,"currentRatchet":{"ephemeralKeyPair":{"pubKey":"BYROgrwRt8NTXgI3Bs1NP30oQxmRY9PrbkJrU94sgbgW","privKey":"MKFUNPon3HWLsPIK05x4mQ9rxlyOdHwV+Xxg3AETmnk="},"lastRemoteEphemeralKey":"BYhLChjS7YHB88OAcUk+eGBbCOE5d+0/pWm3zBEt9a5c","previousCounter":0,"rootKey":"VKBKnL9mXKd3+7FjLb19lKgAQJsuL8+R44H04LWOxAA="},"indexInfo":{"baseKey":"BcKyho+ExN/c1ghEZiycGiRYSPny0dvezxuaeTpzgWVu","baseKeyType":1,"closed":1747832223411,"used":1747832220154,"created":1747832220154,"remoteIdentityKey":"BZzyTMaDbwBTfCiVaYOhe/zJ4jjk1556rlRfwEJH/Y0l"},"_chains":{"BYROgrwRt8NTXgI3Bs1NP30oQxmRY9PrbkJrU94sgbgW":{"chainKey":{"counter":0,"key":"PxZn8s4eOr/h46vw7dsaPIwt4UjhYkDo+Uy7z8Pl1JA="},"chainType":1,"messageKeys":{}}},"pendingPreKey":{"signedKeyId":0,"baseKey":"BcKyho+ExN/c1ghEZiycGiRYSPny0dvezxuaeTpzgWVu","preKeyId":12615851}},"BUSkCiPPllxm47vgsIZVy04idBr7wAEE8cjAKiu5kHc7":{"registrationId":296246747,"currentRatchet":{"ephemeralKeyPair":{"pubKey":"BRYsI6P/TDczWcJPrhCQyyFL4ud1XOqdxpOgRFb8GAk9","privKey":"ACy8E8xHOFb6kSdWtvxp/Gw66pay3y62v4rd4yc2Olw="},"lastRemoteEphemeralKey":"BYhLChjS7YHB88OAcUk+eGBbCOE5d+0/pWm3zBEt9a5c","previousCounter":0,"rootKey":"ELUB09x+bckzriUk7P6MeCf9IWVpQqOu4NsBQII7wyI="},"indexInfo":{"baseKey":"BUSkCiPPllxm47vgsIZVy04idBr7wAEE8cjAKiu5kHc7","baseKeyType":1,"closed":1747832224427,"used":1747832223409,"created":1747832223409,"remoteIdentityKey":"BZzyTMaDbwBTfCiVaYOhe/zJ4jjk1556rlRfwEJH/Y0l"},"_chains":{"BRYsI6P/TDczWcJPrhCQyyFL4ud1XOqdxpOgRFb8GAk9":{"chainKey":{"counter":0,"key":"rqTtDg7CgcvfnuN1PFeYEb/HNLEIjriXKfNfj21p/EM="},"chainType":1,"messageKeys":{}}},"pendingPreKey":{"signedKeyId":0,"baseKey":"BUSkCiPPllxm47vgsIZVy04idBr7wAEE8cjAKiu5kHc7","preKeyId":12615812}},"BVI1G6iniAtFzSUD7UkQs+ujnprzx2Q0aO4m6Y8AButA":{"registrationId":296246747,"currentRatchet":{"ephemeralKeyPair":{"pubKey":"BYzaKNJaryWQJXX18Lm262R5DOc0vz9jljrDMLZH2alN","privKey":"AFBzxYhaUq7ToO8hUeTloc1fe1iuiWUDVElgcl0vMEg="},"lastRemoteEphemeralKey":"BYhLChjS7YHB88OAcUk+eGBbCOE5d+0/pWm3zBEt9a5c","previousCounter":0,"rootKey":"no7ndxJlcwX3Bfgzaiya/oIv/ddlGiYqnSa9BvKdyxg="},"indexInfo":{"baseKey":"BVI1G6iniAtFzSUD7UkQs+ujnprzx2Q0aO4m6Y8AButA","baseKeyType":1,"closed":1747832235017,"used":1747832224425,"created":1747832224425,"remoteIdentityKey":"BZzyTMaDbwBTfCiVaYOhe/zJ4jjk1556rlRfwEJH/Y0l"},"_chains":{"BYzaKNJaryWQJXX18Lm262R5DOc0vz9jljrDMLZH2alN":{"chainKey":{"counter":0,"key":"ujUpU83V8gonoaRhbE2eXD+PEqKDvcy/q2mb64r2ypA="},"chainType":1,"messageKeys":{}}},"pendingPreKey":{"signedKeyId":0,"baseKey":"BVI1G6iniAtFzSUD7UkQs+ujnprzx2Q0aO4m6Y8AButA","preKeyId":12615860}},"BbbgZRJ7iXIo1u7ZrKEuzJrtyZCrw1QbwVGTKIZua7Jt":{"registrationId":296246747,"currentRatchet":{"ephemeralKeyPair":{"pubKey":"BdXpBo6d1YZbA8uECrOyLy6pSpZjilz/Y+Z7+QUZiqFX","privKey":"iGr5729zy1zHltAXCGHyfnkoMym+8e7e32UttdB4kkI="},"lastRemoteEphemeralKey":"BYhLChjS7YHB88OAcUk+eGBbCOE5d+0/pWm3zBEt9a5c","previousCounter":0,"rootKey":"1Bh1RV7M9H+M7PCzF5jsWWYYBWRZWHdVsymbn5M9shM="},"indexInfo":{"baseKey":"BbbgZRJ7iXIo1u7ZrKEuzJrtyZCrw1QbwVGTKIZua7Jt","baseKeyType":1,"closed":1747832236045,"used":1747832235016,"created":1747832235016,"remoteIdentityKey":"BZzyTMaDbwBTfCiVaYOhe/zJ4jjk1556rlRfwEJH/Y0l"},"_chains":{"BdXpBo6d1YZbA8uECrOyLy6pSpZjilz/Y+Z7+QUZiqFX":{"chainKey":{"counter":0,"key":"Zi12LbEkzNAOMK7yLVaHy0rPajhWTXM/VgmcM/CfKgQ="},"chainType":1,"messageKeys":{}}},"pendingPreKey":{"signedKeyId":0,"baseKey":"BbbgZRJ7iXIo1u7ZrKEuzJrtyZCrw1QbwVGTKIZua7Jt","preKeyId":12616000}},"BTIegG1WAGQq9FUjnF0s8rrwT8n5sQcTqPOrHP79JWR/":{"registrationId":296246747,"currentRatchet":{"ephemeralKeyPair":{"pubKey":"BboNSsQJK/3oQXnpNQQ0ry7jtnY3gUEeG8m/ZJSbqxY3","privKey":"EEtT/ptmgEA+EZB9B4f27RWN7fmhUsHYUv/iwcI8jk8="},"lastRemoteEphemeralKey":"BYhLChjS7YHB88OAcUk+eGBbCOE5d+0/pWm3zBEt9a5c","previousCounter":0,"rootKey":"h1l4TRD8TWdNgLZjfoOUsCfDIoD62rRP+ozpg5V7BoA="},"indexInfo":{"baseKey":"BTIegG1WAGQq9FUjnF0s8rrwT8n5sQcTqPOrHP79JWR/","baseKeyType":1,"closed":1747832236823,"used":1747832236044,"created":1747832236044,"remoteIdentityKey":"BZzyTMaDbwBTfCiVaYOhe/zJ4jjk1556rlRfwEJH/Y0l"},"_chains":{"BboNSsQJK/3oQXnpNQQ0ry7jtnY3gUEeG8m/ZJSbqxY3":{"chainKey":{"counter":0,"key":"w69ZtrXapYF+0d3UVi6rGVS2IFhMfZV1ZHdWflHwRmc="},"chainType":1,"messageKeys":{}}},"pendingPreKey":{"signedKeyId":0,"baseKey":"BTIegG1WAGQq9FUjnF0s8rrwT8n5sQcTqPOrHP79JWR/","preKeyId":12615684}},"BfDd/P6kT+5xAq/LzrUPgrSeZiYdRD8/nKB+QuviOlJt":{"registrationId":296246747,"currentRatchet":{"ephemeralKeyPair":{"pubKey":"BV4H7U0MnIWWFV0OnN+AwuqVYXIQglui5Tz0Vm4sL5Yo","privKey":"sExmSep+zcoRnBY9qpJKuJce2LW4m9L3QP4wABt3JEU="},"lastRemoteEphemeralKey":"BYhLChjS7YHB88OAcUk+eGBbCOE5d+0/pWm3zBEt9a5c","previousCounter":0,"rootKey":"LwzBxhkOwuxIsuMKMx11kVCtSpvGJm3jUaT4SMgJ/qI="},"indexInfo":{"baseKey":"BfDd/P6kT+5xAq/LzrUPgrSeZiYdRD8/nKB+QuviOlJt","baseKeyType":1,"closed":1747832237565,"used":1747832236821,"created":1747832236821,"remoteIdentityKey":"BZzyTMaDbwBTfCiVaYOhe/zJ4jjk1556rlRfwEJH/Y0l"},"_chains":{"BV4H7U0MnIWWFV0OnN+AwuqVYXIQglui5Tz0Vm4sL5Yo":{"chainKey":{"counter":0,"key":"rXHTN92kroV8pIMZ2fAa5MKSEcWm8PFw92ziO0szqpk="},"chainType":1,"messageKeys":{}}},"pendingPreKey":{"signedKeyId":0,"baseKey":"BfDd/P6kT+5xAq/LzrUPgrSeZiYdRD8/nKB+QuviOlJt","preKeyId":12615969}},"BWbxaUr5ULgTS43LZVsRuAdRybdCfP2wLwlSmbBaSRID":{"registrationId":296246747,"currentRatchet":{"ephemeralKeyPair":{"pubKey":"BfweXjX2k1cn8LDUBNRxhGHviwedbvzD1gbyQitrG3sz","privKey":"qFp8fDrrYlp0EeBnfBu03kMJRs8RpJ0R3gB6LsdK23g="},"lastRemoteEphemeralKey":"BYhLChjS7YHB88OAcUk+eGBbCOE5d+0/pWm3zBEt9a5c","previousCounter":0,"rootKey":"vun0wAOmxEuuD1Fd01cBR8DII8oKiQmZ8DHYLQeu7pU="},"indexInfo":{"baseKey":"BWbxaUr5ULgTS43LZVsRuAdRybdCfP2wLwlSmbBaSRID","baseKeyType":1,"closed":1747832238309,"used":1747832237564,"created":1747832237564,"remoteIdentityKey":"BZzyTMaDbwBTfCiVaYOhe/zJ4jjk1556rlRfwEJH/Y0l"},"_chains":{"BfweXjX2k1cn8LDUBNRxhGHviwedbvzD1gbyQitrG3sz":{"chainKey":{"counter":0,"key":"2YBgIddBbkKawB8QxH6YLy2NJ+Qvgrf/JDFoliGQ8C4="},"chainType":1,"messageKeys":{}}},"pendingPreKey":{"signedKeyId":0,"baseKey":"BWbxaUr5ULgTS43LZVsRuAdRybdCfP2wLwlSmbBaSRID","preKeyId":12615875}},"Bd7KaTl5dc4IG02Kgies8ar8da+1sKknJ7i7LhTC765F":{"registrationId":296246747,"currentRatchet":{"ephemeralKeyPair":{"pubKey":"BUnsRj8jPFtL2PeDPtTSbyM9Ur/127fSBxskBFF/46kE","privKey":"aMUIHy630TVncUwVcqgKhGF9lcG6og7WJ2ZXDf4hWGE="},"lastRemoteEphemeralKey":"BYhLChjS7YHB88OAcUk+eGBbCOE5d+0/pWm3zBEt9a5c","previousCounter":0,"rootKey":"YPLX/5u2rKfvMRk1aXV/Qk/+JnlLIlEZXqGRiKK9wcA="},"indexInfo":{"baseKey":"Bd7KaTl5dc4IG02Kgies8ar8da+1sKknJ7i7LhTC765F","baseKeyType":1,"closed":1747832239045,"used":1747832238308,"created":1747832238308,"remoteIdentityKey":"BZzyTMaDbwBTfCiVaYOhe/zJ4jjk1556rlRfwEJH/Y0l"},"_chains":{"BUnsRj8jPFtL2PeDPtTSbyM9Ur/127fSBxskBFF/46kE":{"chainKey":{"counter":0,"key":"9EUaUS6PNPMRt2W2kBM7rLXR/LiReN0NKJatvoWKmdg="},"chainType":1,"messageKeys":{}}},"pendingPreKey":{"signedKeyId":0,"baseKey":"Bd7KaTl5dc4IG02Kgies8ar8da+1sKknJ7i7LhTC765F","preKeyId":12615838}},"BRbZmL289CZIy7B2tHY8B5JaswLcdv1OWG3iYGYM+EFg":{"registrationId":296246747,"currentRatchet":{"ephemeralKeyPair":{"pubKey":"BaiGcp6d6lQAGeJqaaOfV2CwXxOcroKKP38Qg3JPAl5x","privKey":"mCsogILlz8+bROj+urRKMVbqpVfZElkTnAcYRK8WwX0="},"lastRemoteEphemeralKey":"BYhLChjS7YHB88OAcUk+eGBbCOE5d+0/pWm3zBEt9a5c","previousCounter":0,"rootKey":"IDdkKMdYkXhxZiIKk4heM70fXUMjZT5NBXoc/HBLBqo="},"indexInfo":{"baseKey":"BRbZmL289CZIy7B2tHY8B5JaswLcdv1OWG3iYGYM+EFg","baseKeyType":1,"closed":1747832239794,"used":1747832239043,"created":1747832239043,"remoteIdentityKey":"BZzyTMaDbwBTfCiVaYOhe/zJ4jjk1556rlRfwEJH/Y0l"},"_chains":{"BaiGcp6d6lQAGeJqaaOfV2CwXxOcroKKP38Qg3JPAl5x":{"chainKey":{"counter":0,"key":"d9Ov5iTM7+ye6aeNyNqADN+AvsFQ5bNC4WQbYq/Nrvw="},"chainType":1,"messageKeys":{}}},"pendingPreKey":{"signedKeyId":0,"baseKey":"BRbZmL289CZIy7B2tHY8B5JaswLcdv1OWG3iYGYM+EFg","preKeyId":12615920}},"BVHe9+MTGhbcvAINZ2/fCN7C3RoQFRLTd16Xs9OaLX1T":{"registrationId":296246747,"currentRatchet":{"ephemeralKeyPair":{"pubKey":"BVnas5htA0/ioe4nR+yYXaSSqxEgiEXXLyzPo5Lr53sz","privKey":"EEEGtsW0zG4mQQnkfPE6X2sl414+F16UqguUXPfcIVE="},"lastRemoteEphemeralKey":"BYhLChjS7YHB88OAcUk+eGBbCOE5d+0/pWm3zBEt9a5c","previousCounter":0,"rootKey":"Ed/y+v0ol/ASiIAJ3iDexAcFmRPB9d3NnRWjZTv5BNQ="},"indexInfo":{"baseKey":"BVHe9+MTGhbcvAINZ2/fCN7C3RoQFRLTd16Xs9OaLX1T","baseKeyType":1,"closed":1747832244173,"used":1747832239792,"created":1747832239792,"remoteIdentityKey":"BZzyTMaDbwBTfCiVaYOhe/zJ4jjk1556rlRfwEJH/Y0l"},"_chains":{"BVnas5htA0/ioe4nR+yYXaSSqxEgiEXXLyzPo5Lr53sz":{"chainKey":{"counter":0,"key":"iLOnWRxKNnvpWsw3tIOvRe+IeyBaECoZq4e3tksfHzY="},"chainType":1,"messageKeys":{}}},"pendingPreKey":{"signedKeyId":0,"baseKey":"BVHe9+MTGhbcvAINZ2/fCN7C3RoQFRLTd16Xs9OaLX1T","preKeyId":12615780}},"BaSadmKHitdrqdxerpJRK5/lGVBk3b8uFeiy2fwnCJ8k":{"registrationId":296246747,"currentRatchet":{"ephemeralKeyPair":{"pubKey":"BTaLA/U8YxEXLcPYkkK2BNYthLW+9sriYkRD2ZiTGBcH","privKey":"MLhB/iXQKCksZmz684fy4zf5Bu5ihQdnJKxqWwhUa1Y="},"lastRemoteEphemeralKey":"BYhLChjS7YHB88OAcUk+eGBbCOE5d+0/pWm3zBEt9a5c","previousCounter":0,"rootKey":"26WK4xamZqNmVsWTXGHIveSXxxFkzmlIt8RbCw/JDu0="},"indexInfo":{"baseKey":"BaSadmKHitdrqdxerpJRK5/lGVBk3b8uFeiy2fwnCJ8k","baseKeyType":1,"closed":1747832245183,"used":1747832244172,"created":1747832244172,"remoteIdentityKey":"BZzyTMaDbwBTfCiVaYOhe/zJ4jjk1556rlRfwEJH/Y0l"},"_chains":{"BTaLA/U8YxEXLcPYkkK2BNYthLW+9sriYkRD2ZiTGBcH":{"chainKey":{"counter":0,"key":"TMppK+UGYsIp/DMdlQjphRnCEJ/sFikPOrUpVC/FeJQ="},"chainType":1,"messageKeys":{}}},"pendingPreKey":{"signedKeyId":0,"baseKey":"BaSadmKHitdrqdxerpJRK5/lGVBk3b8uFeiy2fwnCJ8k","preKeyId":12615917}},"BajFrPLYRVk0jDG0ekShQwxa1r+iEW7I/IM1dIoBBRR+":{"registrationId":296246747,"currentRatchet":{"ephemeralKeyPair":{"pubKey":"BW5skDGN4uWaEqfihmpUoP4WSQagjGJ+2aODGnsArbJW","privKey":"YMBKCmTJIFN0pbETB71rCIlel6epSU2Mi3v2rkmHUmg="},"lastRemoteEphemeralKey":"BYhLChjS7YHB88OAcUk+eGBbCOE5d+0/pWm3zBEt9a5c","previousCounter":0,"rootKey":"FabgZe0dLII2SD+GArmYo/juu4TmBkwdZhQ/FFISB9Y="},"indexInfo":{"baseKey":"BajFrPLYRVk0jDG0ekShQwxa1r+iEW7I/IM1dIoBBRR+","baseKeyType":1,"closed":1747832245942,"used":1747832245181,"created":1747832245181,"remoteIdentityKey":"BZzyTMaDbwBTfCiVaYOhe/zJ4jjk1556rlRfwEJH/Y0l"},"_chains":{"BW5skDGN4uWaEqfihmpUoP4WSQagjGJ+2aODGnsArbJW":{"chainKey":{"counter":0,"key":"gQUiGEXb43L6o9vdEsFiPxkPoSl1oZYtP04zaVbIn+A="},"chainType":1,"messageKeys":{}}},"pendingPreKey":{"signedKeyId":0,"baseKey":"BajFrPLYRVk0jDG0ekShQwxa1r+iEW7I/IM1dIoBBRR+","preKeyId":12615965}},"BQNLUyqkL3vDvm631ZLf6fZG2a7n9RO3pn/L5wyeY/4F":{"registrationId":296246747,"currentRatchet":{"ephemeralKeyPair":{"pubKey":"BeDopqoLzjgdzwJeGiBNxDsA5usHHBfmJ30fQeq+r51n","privKey":"8HDngBRS6XegKZNg4PPzt1/vnKmpbRWEbVl+utvLSGU="},"lastRemoteEphemeralKey":"BYhLChjS7YHB88OAcUk+eGBbCOE5d+0/pWm3zBEt9a5c","previousCounter":0,"rootKey":"WHf+TgvbxiZeg36+dIpfiSKnTDmrVgw6YnydjbkPbfo="},"indexInfo":{"baseKey":"BQNLUyqkL3vDvm631ZLf6fZG2a7n9RO3pn/L5wyeY/4F","baseKeyType":1,"closed":1747832246688,"used":1747832245940,"created":1747832245940,"remoteIdentityKey":"BZzyTMaDbwBTfCiVaYOhe/zJ4jjk1556rlRfwEJH/Y0l"},"_chains":{"BeDopqoLzjgdzwJeGiBNxDsA5usHHBfmJ30fQeq+r51n":{"chainKey":{"counter":0,"key":"ZkqKHET1Z8l1ZWvTi6PFGF5IommmJ2y1p5NwkFu+wS8="},"chainType":1,"messageKeys":{}}},"pendingPreKey":{"signedKeyId":0,"baseKey":"BQNLUyqkL3vDvm631ZLf6fZG2a7n9RO3pn/L5wyeY/4F","preKeyId":12615687}},"BYcOb3MkDPkDlZCNn4oCZ+3H2qVK0iHZHQHJSP3IyQNa":{"registrationId":296246747,"currentRatchet":{"ephemeralKeyPair":{"pubKey":"BS4IikDPnAG5o2QGR9eCJcuAd0Kl8KNeMfRYlWZmQQ8h","privKey":"oHLBBFYnmUvIYDUHq3yVksWAEkEkfsU9MlIC0MSDt2g="},"lastRemoteEphemeralKey":"BYhLChjS7YHB88OAcUk+eGBbCOE5d+0/pWm3zBEt9a5c","previousCounter":0,"rootKey":"3fEAJHVCzSAGr5PUd2XPqYs0jMql+AVuPpeTg65ywKg="},"indexInfo":{"baseKey":"BYcOb3MkDPkDlZCNn4oCZ+3H2qVK0iHZHQHJSP3IyQNa","baseKeyType":1,"closed":1747832247434,"used":1747832246687,"created":1747832246687,"remoteIdentityKey":"BZzyTMaDbwBTfCiVaYOhe/zJ4jjk1556rlRfwEJH/Y0l"},"_chains":{"BS4IikDPnAG5o2QGR9eCJcuAd0Kl8KNeMfRYlWZmQQ8h":{"chainKey":{"counter":0,"key":"fuZBfuArxea7p1ipKyxYokrtf27X/aqj2qWqr5YZp7s="},"chainType":1,"messageKeys":{}}},"pendingPreKey":{"signedKeyId":0,"baseKey":"BYcOb3MkDPkDlZCNn4oCZ+3H2qVK0iHZHQHJSP3IyQNa","preKeyId":12615811}},"BXs/iP8yvJhUCiUob/RW75O8OrTql+MBbnXuKYunpQJi":{"registrationId":296246747,"currentRatchet":{"ephemeralKeyPair":{"pubKey":"BYEN0GIfHf8SJgD5Qeodr5x7sE0sOlhC8U716YV+tfAG","privKey":"cO5Eub+WtngRVCelnBQhZz91d1kNZH0GNFIbJ3VZ1k4="},"lastRemoteEphemeralKey":"BYhLChjS7YHB88OAcUk+eGBbCOE5d+0/pWm3zBEt9a5c","previousCounter":0,"rootKey":"lWjCKoKgvrOd2SQB/ChKFW+ZShDQSmDJbLOyovpBEcQ="},"indexInfo":{"baseKey":"BXs/iP8yvJhUCiUob/RW75O8OrTql+MBbnXuKYunpQJi","baseKeyType":1,"closed":1747832248184,"used":1747832247432,"created":1747832247432,"remoteIdentityKey":"BZzyTMaDbwBTfCiVaYOhe/zJ4jjk1556rlRfwEJH/Y0l"},"_chains":{"BYEN0GIfHf8SJgD5Qeodr5x7sE0sOlhC8U716YV+tfAG":{"chainKey":{"counter":0,"key":"z8rolMA02gw2m1tf7RJC18bj4hWjY+LScdv7jJ+juHk="},"chainType":1,"messageKeys":{}}},"pendingPreKey":{"signedKeyId":0,"baseKey":"BXs/iP8yvJhUCiUob/RW75O8OrTql+MBbnXuKYunpQJi","preKeyId":12615865}},"BQPco3K9QV+rEScbWcKcdlgJ7kzwiOs9B/5VHRp59NIq":{"registrationId":296246747,"currentRatchet":{"ephemeralKeyPair":{"pubKey":"BbRQT8+5r5Ulrb0U6yo3Jn6kflJCAOu9M8Di/7AZpP4S","privKey":"ELOSGW7PhLBb59qPI8zBP1cDSMFEWtGckGpHvhnUp0E="},"lastRemoteEphemeralKey":"BYhLChjS7YHB88OAcUk+eGBbCOE5d+0/pWm3zBEt9a5c","previousCounter":0,"rootKey":"XLb0Afcb0y057CY3CAQDkMkDx2kiDJtearOHm6tt4p0="},"indexInfo":{"baseKey":"BQPco3K9QV+rEScbWcKcdlgJ7kzwiOs9B/5VHRp59NIq","baseKeyType":1,"closed":1747832248937,"used":1747832248182,"created":1747832248182,"remoteIdentityKey":"BZzyTMaDbwBTfCiVaYOhe/zJ4jjk1556rlRfwEJH/Y0l"},"_chains":{"BbRQT8+5r5Ulrb0U6yo3Jn6kflJCAOu9M8Di/7AZpP4S":{"chainKey":{"counter":0,"key":"hUdx8fzkbu304COyFzm8Usivey2wUn8VblcnZ+lP9v4="},"chainType":1,"messageKeys":{}}},"pendingPreKey":{"signedKeyId":0,"baseKey":"BQPco3K9QV+rEScbWcKcdlgJ7kzwiOs9B/5VHRp59NIq","preKeyId":12615869}},"Bfxh7CBwaNMujAkwooh8K9GXTP6JFB5GhTG95utbKDMF":{"registrationId":296246747,"currentRatchet":{"ephemeralKeyPair":{"pubKey":"BRwDoazzC/ng9xvA8RdqcQQsJFkXZXrzc1umfy6o8g4b","privKey":"SAEKaN5LfPuyJcQR1DTSuPMGPtLmMP91MBzAj6wPO20="},"lastRemoteEphemeralKey":"BYhLChjS7YHB88OAcUk+eGBbCOE5d+0/pWm3zBEt9a5c","previousCounter":0,"rootKey":"8OCT3auN9uPRy3EFJAMWIo/EVSD9Vru2f3IDt/uL9zU="},"indexInfo":{"baseKey":"Bfxh7CBwaNMujAkwooh8K9GXTP6JFB5GhTG95utbKDMF","baseKeyType":1,"closed":1747832249791,"used":1747832248935,"created":1747832248935,"remoteIdentityKey":"BZzyTMaDbwBTfCiVaYOhe/zJ4jjk1556rlRfwEJH/Y0l"},"_chains":{"BRwDoazzC/ng9xvA8RdqcQQsJFkXZXrzc1umfy6o8g4b":{"chainKey":{"counter":0,"key":"KGRHSFsDyX3S2G1rC6s9lx8dRRmkZibgF+gdZn+b0IM="},"chainType":1,"messageKeys":{}}},"pendingPreKey":{"signedKeyId":0,"baseKey":"Bfxh7CBwaNMujAkwooh8K9GXTP6JFB5GhTG95utbKDMF","preKeyId":12615924}},"BTtCjHXuEvJk9pyjU8dIXtUym70dkVmnn6+CRmG9XcIB":{"registrationId":296246747,"currentRatchet":{"ephemeralKeyPair":{"pubKey":"BZS/Gk6JHRpjwYMsp9l8opqKvh9DwNcBnwa4WBPcZbko","privKey":"CKiiu2MgkDKGSO8VwQNjhRhMgksEvLpfR+3Sjt3n6m8="},"lastRemoteEphemeralKey":"BYhLChjS7YHB88OAcUk+eGBbCOE5d+0/pWm3zBEt9a5c","previousCounter":0,"rootKey":"L8wt83W+TrrG6jzmgBm00QMpf73ieAjCJirabrHhhog="},"indexInfo":{"baseKey":"BTtCjHXuEvJk9pyjU8dIXtUym70dkVmnn6+CRmG9XcIB","baseKeyType":1,"closed":1747832250562,"used":1747832249789,"created":1747832249789,"remoteIdentityKey":"BZzyTMaDbwBTfCiVaYOhe/zJ4jjk1556rlRfwEJH/Y0l"},"_chains":{"BZS/Gk6JHRpjwYMsp9l8opqKvh9DwNcBnwa4WBPcZbko":{"chainKey":{"counter":0,"key":"tEV5P0cNFv2xf4tP6J4W8QXTKv3mCd7PdjfP4s8D++k="},"chainType":1,"messageKeys":{}}},"pendingPreKey":{"signedKeyId":0,"baseKey":"BTtCjHXuEvJk9pyjU8dIXtUym70dkVmnn6+CRmG9XcIB","preKeyId":12615791}},"BWpolKAIQoRyxajlUs/x5I1l/X/5/HFfPm6yhxDCPwdL":{"registrationId":296246747,"currentRatchet":{"ephemeralKeyPair":{"pubKey":"BYCMBbUzBj/1rw1f+E0krrKtGuusR1YIdkQEVcXqcd8a","privKey":"qIO0ECfLCLIxI3tMavbbWUUTPXm4kl4J7+0fk5M18nU="},"lastRemoteEphemeralKey":"BYhLChjS7YHB88OAcUk+eGBbCOE5d+0/pWm3zBEt9a5c","previousCounter":0,"rootKey":"t628m5TGN8MlVGO8Dm/EwjEBtQUZk33LqRNiYud3/eo="},"indexInfo":{"baseKey":"BWpolKAIQoRyxajlUs/x5I1l/X/5/HFfPm6yhxDCPwdL","baseKeyType":1,"closed":1747832251310,"used":1747832250561,"created":1747832250561,"remoteIdentityKey":"BZzyTMaDbwBTfCiVaYOhe/zJ4jjk1556rlRfwEJH/Y0l"},"_chains":{"BYCMBbUzBj/1rw1f+E0krrKtGuusR1YIdkQEVcXqcd8a":{"chainKey":{"counter":0,"key":"gbFkV4FYAVaS5y0YpAwbhG9WjSddTY91qxmofpsJXHs="},"chainType":1,"messageKeys":{}}},"pendingPreKey":{"signedKeyId":0,"baseKey":"BWpolKAIQoRyxajlUs/x5I1l/X/5/HFfPm6yhxDCPwdL","preKeyId":12615896}},"BfDCi1DUuHQRVt5XSdMy9YGZAnLv4LLtCDdOzISbEBID":{"registrationId":296246747,"currentRatchet":{"ephemeralKeyPair":{"pubKey":"BUwBXulFmp1v87yrUI1XFcgMjtjz5jF35PxHam8RKIo7","privKey":"8FKxYtbk+P7z0M3OJ9Mmbeb7ACJ1J3AM94/FHxgAnVM="},"lastRemoteEphemeralKey":"BYhLChjS7YHB88OAcUk+eGBbCOE5d+0/pWm3zBEt9a5c","previousCounter":0,"rootKey":"b4LcHeKMDEM/vo5mwWt8HLTJ5ybdgB861WYdyOFAMvY="},"indexInfo":{"baseKey":"BfDCi1DUuHQRVt5XSdMy9YGZAnLv4LLtCDdOzISbEBID","baseKeyType":1,"closed":1747832252060,"used":1747832251308,"created":1747832251308,"remoteIdentityKey":"BZzyTMaDbwBTfCiVaYOhe/zJ4jjk1556rlRfwEJH/Y0l"},"_chains":{"BUwBXulFmp1v87yrUI1XFcgMjtjz5jF35PxHam8RKIo7":{"chainKey":{"counter":0,"key":"VrSh8EWw1d/ivei/XP2fx9wZNnxTGnYExsflpV78+Lk="},"chainType":1,"messageKeys":{}}},"pendingPreKey":{"signedKeyId":0,"baseKey":"BfDCi1DUuHQRVt5XSdMy9YGZAnLv4LLtCDdOzISbEBID","preKeyId":12615852}},"Bc2LP5qoclIxGNjuf/WPLh+z/AaYl//vX4VVtEajT+58":{"registrationId":296246747,"currentRatchet":{"ephemeralKeyPair":{"pubKey":"BV78/LT4xkzlG5C1XGvGzIL3GmTv/SNxdZ8zk/GHGdY8","privKey":"qCVqhPJvpo7OsEuHIC3yy2eO+lwMu8yVmI2tQlYwsV8="},"lastRemoteEphemeralKey":"BYhLChjS7YHB88OAcUk+eGBbCOE5d+0/pWm3zBEt9a5c","previousCounter":0,"rootKey":"2EjgauqZYVLTl+RLbszT+K14RpKODww/nniF+9YUJGc="},"indexInfo":{"baseKey":"Bc2LP5qoclIxGNjuf/WPLh+z/AaYl//vX4VVtEajT+58","baseKeyType":1,"closed":1747832252804,"used":1747832252058,"created":1747832252058,"remoteIdentityKey":"BZzyTMaDbwBTfCiVaYOhe/zJ4jjk1556rlRfwEJH/Y0l"},"_chains":{"BV78/LT4xkzlG5C1XGvGzIL3GmTv/SNxdZ8zk/GHGdY8":{"chainKey":{"counter":0,"key":"de2DqQ/G0+zMFFaLOHibaQLmR4bfdcvRLqHieSOT9AY="},"chainType":1,"messageKeys":{}}},"pendingPreKey":{"signedKeyId":0,"baseKey":"Bc2LP5qoclIxGNjuf/WPLh+z/AaYl//vX4VVtEajT+58","preKeyId":12615761}},"BXV/k4ZvBKaIU/xvS60GanlHa7+iK2FdFMKn0Jdbta8f":{"registrationId":296246747,"currentRatchet":{"ephemeralKeyPair":{"pubKey":"BbEZBp3YfZT4DA/jHj922Y98vIc17WwwA9JZz/ReCgQc","privKey":"MDxq/Yjnec4wMIaL8Wil+YaXFCwW+qIDKSmAORD6n1Y="},"lastRemoteEphemeralKey":"BYhLChjS7YHB88OAcUk+eGBbCOE5d+0/pWm3zBEt9a5c","previousCounter":0,"rootKey":"KU4hG007OS5gJ/MNOe2BxMdoVvcY+sbEVldyXjcQ0Pc="},"indexInfo":{"baseKey":"BXV/k4ZvBKaIU/xvS60GanlHa7+iK2FdFMKn0Jdbta8f","baseKeyType":1,"closed":1747832253547,"used":1747832252803,"created":1747832252803,"remoteIdentityKey":"BZzyTMaDbwBTfCiVaYOhe/zJ4jjk1556rlRfwEJH/Y0l"},"_chains":{"BbEZBp3YfZT4DA/jHj922Y98vIc17WwwA9JZz/ReCgQc":{"chainKey":{"counter":0,"key":"EW1Dh7j0P8b0djI5qsV+KcQm+/7AECjIXC5485XjPmY="},"chainType":1,"messageKeys":{}}},"pendingPreKey":{"signedKeyId":0,"baseKey":"BXV/k4ZvBKaIU/xvS60GanlHa7+iK2FdFMKn0Jdbta8f","preKeyId":12615676}},"BfQbD8GTu6q0TE/Ms5D9n86F5xbUry48oDSGEBbsMkol":{"registrationId":296246747,"currentRatchet":{"ephemeralKeyPair":{"pubKey":"BXtCXNLbuPJA37ms5uYLoHQrfPNQ6fktUMwHb/NZ2ldm","privKey":"8PlDelQ3gLecz0NtCodEOEpPuuPcVtsbRc2aWoQDxnY="},"lastRemoteEphemeralKey":"BYhLChjS7YHB88OAcUk+eGBbCOE5d+0/pWm3zBEt9a5c","previousCounter":0,"rootKey":"+bxP2FmUaJ2e3HS3Bxsx0oJfXiWJXsmEGTEuqZnNN/o="},"indexInfo":{"baseKey":"BfQbD8GTu6q0TE/Ms5D9n86F5xbUry48oDSGEBbsMkol","baseKeyType":1,"closed":1747832254286,"used":1747832253545,"created":1747832253545,"remoteIdentityKey":"BZzyTMaDbwBTfCiVaYOhe/zJ4jjk1556rlRfwEJH/Y0l"},"_chains":{"BXtCXNLbuPJA37ms5uYLoHQrfPNQ6fktUMwHb/NZ2ldm":{"chainKey":{"counter":0,"key":"zUxB4Lm7WR7JcJLkHa09erhp5XuvGq3Yv5YuvDstd8M="},"chainType":1,"messageKeys":{}}},"pendingPreKey":{"signedKeyId":0,"baseKey":"BfQbD8GTu6q0TE/Ms5D9n86F5xbUry48oDSGEBbsMkol","preKeyId":12615913}},"BUie//nW2HDZXPrlY/jpOoqp8dx24FYfKCmSBcRCa+4s":{"registrationId":296246747,"currentRatchet":{"ephemeralKeyPair":{"pubKey":"BZV884dzf7lwP+POO4FnqG5i1oRvwdbVt6auk+wQGaM2","privKey":"sN+DTtAGZ50uNjmK5b0ZhiOlpWxnoXXo1nhdfssJBE4="},"lastRemoteEphemeralKey":"BYhLChjS7YHB88OAcUk+eGBbCOE5d+0/pWm3zBEt9a5c","previousCounter":0,"rootKey":"I6pVbKh8fce0/DtKnNTMsRS297D+jIEoGhe4ocAs6DQ="},"indexInfo":{"baseKey":"BUie//nW2HDZXPrlY/jpOoqp8dx24FYfKCmSBcRCa+4s","baseKeyType":1,"closed":1747832255018,"used":1747832254285,"created":1747832254285,"remoteIdentityKey":"BZzyTMaDbwBTfCiVaYOhe/zJ4jjk1556rlRfwEJH/Y0l"},"_chains":{"BZV884dzf7lwP+POO4FnqG5i1oRvwdbVt6auk+wQGaM2":{"chainKey":{"counter":0,"key":"uLTZGa8NUalm/dyYMsEz+nKkBYoR2AnlXC3sHuA4+qw="},"chainType":1,"messageKeys":{}}},"pendingPreKey":{"signedKeyId":0,"baseKey":"BUie//nW2HDZXPrlY/jpOoqp8dx24FYfKCmSBcRCa+4s","preKeyId":12616077}},"BVqNZUnFI2ldZclWETS73bvLGTZubelq1L6Ndg8DQcxw":{"registrationId":296246747,"currentRatchet":{"ephemeralKeyPair":{"pubKey":"BYxUFJ7WZDucib6pMc3ddpVQ6p6rXllxCpaQ9xdST64C","privKey":"SM7oys0Ao9svd+2eGuo7WpG2LTbAJl6UZX4yx+4Y9GA="},"lastRemoteEphemeralKey":"BYhLChjS7YHB88OAcUk+eGBbCOE5d+0/pWm3zBEt9a5c","previousCounter":0,"rootKey":"L82qcKNP+ijWig0dqbn3UIqeFFJCLg13s8BzOUywDoU="},"indexInfo":{"baseKey":"BVqNZUnFI2ldZclWETS73bvLGTZubelq1L6Ndg8DQcxw","baseKeyType":1,"closed":1747832255756,"used":1747832255016,"created":1747832255016,"remoteIdentityKey":"BZzyTMaDbwBTfCiVaYOhe/zJ4jjk1556rlRfwEJH/Y0l"},"_chains":{"BYxUFJ7WZDucib6pMc3ddpVQ6p6rXllxCpaQ9xdST64C":{"chainKey":{"counter":0,"key":"bfD4q0EXvSazVYrhuuuRppPCt+cVGTNeFben3+vYTQk="},"chainType":1,"messageKeys":{}}},"pendingPreKey":{"signedKeyId":0,"baseKey":"BVqNZUnFI2ldZclWETS73bvLGTZubelq1L6Ndg8DQcxw","preKeyId":12615907}},"BR3eOfJbkCsf09dCbav34fRh5jVh2DXw4WaOKDAtu9Bo":{"registrationId":296246747,"currentRatchet":{"ephemeralKeyPair":{"pubKey":"BeoT/KuvTheZqhAhzlgoG7k4dHhl2K9DSg4dy7JevLEw","privKey":"CCx8mk+NaJ/V18Jdkwa2aoVLu2KO07ydC+D6hitvlnI="},"lastRemoteEphemeralKey":"BYhLChjS7YHB88OAcUk+eGBbCOE5d+0/pWm3zBEt9a5c","previousCounter":0,"rootKey":"8WaJccpvnHxsnMehqYm09tp4JjLrvaoC0cUtYwBJKN4="},"indexInfo":{"baseKey":"BR3eOfJbkCsf09dCbav34fRh5jVh2DXw4WaOKDAtu9Bo","baseKeyType":1,"closed":1747832256486,"used":1747832255755,"created":1747832255755,"remoteIdentityKey":"BZzyTMaDbwBTfCiVaYOhe/zJ4jjk1556rlRfwEJH/Y0l"},"_chains":{"BeoT/KuvTheZqhAhzlgoG7k4dHhl2K9DSg4dy7JevLEw":{"chainKey":{"counter":0,"key":"CBh6bY4aCkJHW5eAASdlSwWSthOKcbklz/mvVFyaBCY="},"chainType":1,"messageKeys":{}}},"pendingPreKey":{"signedKeyId":0,"baseKey":"BR3eOfJbkCsf09dCbav34fRh5jVh2DXw4WaOKDAtu9Bo","preKeyId":12615776}},"BRQ2IopFGUAYAiAf1kKB73WRHFTP2/tKSK73xIxfUZhE":{"registrationId":296246747,"currentRatchet":{"ephemeralKeyPair":{"pubKey":"BfLcXi7AqBf4yl8FxWDaOhrj743KRGXkuv3kIj1lOvtz","privKey":"6IhDQ4yb4Bc9RYT1Kb5JJM3tO/4y/jR2UyMShUNG83U="},"lastRemoteEphemeralKey":"BYhLChjS7YHB88OAcUk+eGBbCOE5d+0/pWm3zBEt9a5c","previousCounter":0,"rootKey":"2uuiI0MQ4aRJq/pE3A1mjPkYyu2mV5HmKNARTXers0w="},"indexInfo":{"baseKey":"BRQ2IopFGUAYAiAf1kKB73WRHFTP2/tKSK73xIxfUZhE","baseKeyType":1,"closed":1747832257225,"used":1747832256484,"created":1747832256484,"remoteIdentityKey":"BZzyTMaDbwBTfCiVaYOhe/zJ4jjk1556rlRfwEJH/Y0l"},"_chains":{"BfLcXi7AqBf4yl8FxWDaOhrj743KRGXkuv3kIj1lOvtz":{"chainKey":{"counter":0,"key":"rnj99P/cnsQg+zxbOyF6/3Y2aGZjHoKDzjtlzJnC+dA="},"chainType":1,"messageKeys":{}}},"pendingPreKey":{"signedKeyId":0,"baseKey":"BRQ2IopFGUAYAiAf1kKB73WRHFTP2/tKSK73xIxfUZhE","preKeyId":12615921}},"Ba186epCJHyxPvam/hbfcoCkMRXXYCeCJqU8HgwZ9bVa":{"registrationId":296246747,"currentRatchet":{"ephemeralKeyPair":{"pubKey":"BWuZhRlw1dbh2/czLxZD8qMk+5Z5g5W6wN2bh3OzqBB/","privKey":"kDyBMV1dukWd0aVIsT96IzIT6S3IJRrbCC8cPgTfwkY="},"lastRemoteEphemeralKey":"BYhLChjS7YHB88OAcUk+eGBbCOE5d+0/pWm3zBEt9a5c","previousCounter":0,"rootKey":"FaxmDuExFELUD4uj5G7nZGPJnR3QAW0eKmXxvY9tKWc="},"indexInfo":{"baseKey":"Ba186epCJHyxPvam/hbfcoCkMRXXYCeCJqU8HgwZ9bVa","baseKeyType":1,"closed":1747832257961,"used":1747832257224,"created":1747832257224,"remoteIdentityKey":"BZzyTMaDbwBTfCiVaYOhe/zJ4jjk1556rlRfwEJH/Y0l"},"_chains":{"BWuZhRlw1dbh2/czLxZD8qMk+5Z5g5W6wN2bh3OzqBB/":{"chainKey":{"counter":0,"key":"XsTBqMx/usLN+fYdPPvb0MVZI7R6bj4zsdbvVfI44P8="},"chainType":1,"messageKeys":{}}},"pendingPreKey":{"signedKeyId":0,"baseKey":"Ba186epCJHyxPvam/hbfcoCkMRXXYCeCJqU8HgwZ9bVa","preKeyId":12615947}},"Ba1uAovuJPnriVnCfjKH/GX8qD0QXstbKgpyIbCdQBoG":{"registrationId":296246747,"currentRatchet":{"ephemeralKeyPair":{"pubKey":"BTBj0FVkx1CNPNWH+BaSwTWfKa7XUEDHW5SkN5sTu/xQ","privKey":"cNrBiErmWOnoggSVivEVKPLEMGsNVXQIqfi4QUrNtmI="},"lastRemoteEphemeralKey":"BYhLChjS7YHB88OAcUk+eGBbCOE5d+0/pWm3zBEt9a5c","previousCounter":0,"rootKey":"wX13qx/C44ja6Wx8CQqNuC65G8TecI2cTN27dmB0Yx0="},"indexInfo":{"baseKey":"Ba1uAovuJPnriVnCfjKH/GX8qD0QXstbKgpyIbCdQBoG","baseKeyType":1,"closed":1747840039528,"used":1747832257959,"created":1747832257959,"remoteIdentityKey":"BZzyTMaDbwBTfCiVaYOhe/zJ4jjk1556rlRfwEJH/Y0l"},"_chains":{"BTBj0FVkx1CNPNWH+BaSwTWfKa7XUEDHW5SkN5sTu/xQ":{"chainKey":{"counter":1,"key":"0ZmBt7fv6uWoG91mkZka/wwZ/xiB/9xM7Ex7xrwK5s4="},"chainType":1,"messageKeys":{}}},"pendingPreKey":{"signedKeyId":0,"baseKey":"Ba1uAovuJPnriVnCfjKH/GX8qD0QXstbKgpyIbCdQBoG","preKeyId":12615775}},"Bewg/w8JcO2d5yRJLlZytc109uV0Settgueid7kG7rwx":{"registrationId":296246747,"currentRatchet":{"ephemeralKeyPair":{"pubKey":"BQoSHnRwn4qD5EgztJOYgQw1E1LOx3v/BWZn5ymhXHhR","privKey":"gMvTJqxW4/RiFKpKAI1AZKROmRA+cUrys1MI8OJc40c="},"lastRemoteEphemeralKey":"BYhLChjS7YHB88OAcUk+eGBbCOE5d+0/pWm3zBEt9a5c","previousCounter":0,"rootKey":"5XQv4Lb17knNC+kaLyy8Gt9zgiQrHIuafbLsI1IR2f4="},"indexInfo":{"baseKey":"Bewg/w8JcO2d5yRJLlZytc109uV0Settgueid7kG7rwx","baseKeyType":1,"closed":-1,"used":1747840039526,"created":1747840039526,"remoteIdentityKey":"BZzyTMaDbwBTfCiVaYOhe/zJ4jjk1556rlRfwEJH/Y0l"},"_chains":{"BQoSHnRwn4qD5EgztJOYgQw1E1LOx3v/BWZn5ymhXHhR":{"chainKey":{"counter":9,"key":"qgT8yZA/mT/khGHEw9Oo3zwIcRQNEEvjdRZ4wJIRJ+k="},"chainType":1,"messageKeys":{}}},"pendingPreKey":{"signedKeyId":0,"baseKey":"Bewg/w8JcO2d5yRJLlZytc109uV0Settgueid7kG7rwx","preKeyId":12617080}}},"version":"v1"}