{"_sessions":{"BesIvVbP7DtN+xmS9x9BS9luZlKh50lG1A48NaOFB+lE":{"registrationId":1150807511,"currentRatchet":{"ephemeralKeyPair":{"pubKey":"BQzzB6ZSw0SKb8wjQ1mWFbF/H8gtCUVoB8BlzRojpzd/","privKey":"mPIETl1DxeFjpXFd8GA1tJFmJwDuwUcjBnkVprUmqGE="},"lastRemoteEphemeralKey":"BdxouQjCdj2Bw9+D9oJK/dLnzKfdohAWEs08vy8ym4EA","previousCounter":0,"rootKey":"7LYUvXF7TnEAmX6wr1PusOybSXjLvfAf5zsKnVouen8="},"indexInfo":{"baseKey":"BesIvVbP7DtN+xmS9x9BS9luZlKh50lG1A48NaOFB+lE","baseKeyType":1,"closed":-1,"used":1747813661898,"created":1747813661898,"remoteIdentityKey":"BcFPToeiVD9ZYIXYCzkHAiiCnY6KVy59vw8cJGcZvvNI"},"_chains":{"BQzzB6ZSw0SKb8wjQ1mWFbF/H8gtCUVoB8BlzRojpzd/":{"chainKey":{"counter":30,"key":"MbuXPQELmdM/oW2Tnrybl+/LuBfxeBAZL3l3+spCS0I="},"chainType":1,"messageKeys":{}}},"pendingPreKey":{"signedKeyId":1,"baseKey":"BesIvVbP7DtN+xmS9x9BS9luZlKh50lG1A48NaOFB+lE"}}},"version":"v1"}