{"_sessions":{"BaNo4q7BBUllzvu5UvL8HqUdWGaSRywVwO14RYgubPd0":{"registrationId":2091981323,"currentRatchet":{"ephemeralKeyPair":{"pubKey":"BX72wLXBoQEKg1rvaPbKL8dkHrn1CYALnEXfugh9ZXZ2","privKey":"qKWDLM31Yd2oruz0JKzpjiYuIGLZDxt5nbkpg74W7UY="},"lastRemoteEphemeralKey":"BcHFZXfASDDZioHKjvqC/+lNfRQSoWPDsA5wlJk2sDEN","previousCounter":0,"rootKey":"SU6fsTHx9Kt3joitrZuSfwYEsovmYQS2paXTXJ/1yYE="},"indexInfo":{"baseKey":"BaNo4q7BBUllzvu5UvL8HqUdWGaSRywVwO14RYgubPd0","baseKeyType":1,"closed":-1,"used":1747816416531,"created":1747816416531,"remoteIdentityKey":"BbVjwhZ5SmVwRBpfb0EDgfzOF7ExffK9xnZ5BXbNeBls"},"_chains":{"BX72wLXBoQEKg1rvaPbKL8dkHrn1CYALnEXfugh9ZXZ2":{"chainKey":{"counter":18,"key":"2/VxOViEN+qdg/wgv170A0tacwEbrnBOsOJX9LvRFAg="},"chainType":1,"messageKeys":{}}},"pendingPreKey":{"signedKeyId":2,"baseKey":"BaNo4q7BBUllzvu5UvL8HqUdWGaSRywVwO14RYgubPd0","preKeyId":3567678}}},"version":"v1"}