{"_sessions":{"BZeAwg1yDCmCW3ntvwIAJ5IXQG52Rs/fhXl2wV+H15Eo":{"registrationId":1608919373,"currentRatchet":{"ephemeralKeyPair":{"pubKey":"BVLaL45a5NjFFq0ZRjrB/4uFETgBhmV0vKqcfekRLTce","privKey":"UEwL9/52X7tT8f8I7eDS54Cy4pTvtuo32MOzdkanXGc="},"lastRemoteEphemeralKey":"BakgwIf8ZPae2LTDWisEJnhR4C14YqjxGXMIbQIvZtAU","previousCounter":0,"rootKey":"yOqxvtGIzeECGAWAluKhH2Tf3sWT3KJCbn6QINF5Wh8="},"indexInfo":{"baseKey":"BZeAwg1yDCmCW3ntvwIAJ5IXQG52Rs/fhXl2wV+H15Eo","baseKeyType":1,"closed":-1,"used":1747801267586,"created":1747801267586,"remoteIdentityKey":"BV688hSBpnCGaVggkwCefPJoSIyCrIEaUkPW+NAUTq51"},"_chains":{"BVLaL45a5NjFFq0ZRjrB/4uFETgBhmV0vKqcfekRLTce":{"chainKey":{"counter":79,"key":"zjOujJnrEPslmIcO537KTgVOpKNKWcIckFMju4PtcUE="},"chainType":1,"messageKeys":{}}},"pendingPreKey":{"signedKeyId":14,"baseKey":"BZeAwg1yDCmCW3ntvwIAJ5IXQG52Rs/fhXl2wV+H15Eo","preKeyId":10241902}}},"version":"v1"}