{"_sessions":{"BaBwdOzld4Rdi682NM1CJRmpQij1SZCX+rFnUIiBtSQ2":{"registrationId":1276304494,"currentRatchet":{"ephemeralKeyPair":{"pubKey":"BSJJst6YxTx78dFWKGgl4csybmQjNNL5gcq56Qwha/RD","privKey":"mCDhHSaMKnkBESedgql9Fzdd6bbt+q1DRqGHa39u1Ek="},"lastRemoteEphemeralKey":"BTTJ4l65TwsJFtGOAhXh1wJIRuagUdReMP9CmRuzkRkw","previousCounter":1,"rootKey":"XsSf9lpnk6kFOrsEcpH2itIs0L6JAvGs9ERz2cd0eJA="},"indexInfo":{"baseKey":"BaBwdOzld4Rdi682NM1CJRmpQij1SZCX+rFnUIiBtSQ2","baseKeyType":1,"closed":-1,"used":1747828502016,"created":1747816416467,"remoteIdentityKey":"Bfz5nAB8PIhc6z3twFI3G6TeEhFvJ9oOiAX5+Bo8vNAL"},"_chains":{"BTTJ4l65TwsJFtGOAhXh1wJIRuagUdReMP9CmRuzkRkw":{"chainKey":{"counter":1,"key":"g1VsiQt/9pa3AtqO6mHl5y9J07CfsDmsJ58duUzJarw="},"chainType":2,"messageKeys":{}},"BSJJst6YxTx78dFWKGgl4csybmQjNNL5gcq56Qwha/RD":{"chainKey":{"counter":16,"key":"1PLVobHsGffr/mNFTa16WGmWtl5uRzQ+x8snplm4Ubk="},"chainType":1,"messageKeys":{}}}}},"version":"v1"}