{"_sessions":{"BQFL4ZFMZC7NWdnVpsw8w3lH9g5UVkzG3gLGXESsdmkl":{"registrationId":802915988,"currentRatchet":{"ephemeralKeyPair":{"pubKey":"BTOwy3dQ7nTVTOqzkLItJdmV4LbyFudWZ2uc5EF6Lukg","privKey":"QP7pWntBaWDLjNA0wnhL3nyH8lm6Fi4dZ9Scmj+ecE0="},"lastRemoteEphemeralKey":"BQZI1VHNWhBMcdO8c/WXL9MPnBlYw0dZEv8GE4ERKN8a","previousCounter":0,"rootKey":"ogLsynWXf5nAgkr9y8FTSFHI7wTTpvOxYrQdyLFvRbg="},"indexInfo":{"baseKey":"BQFL4ZFMZC7NWdnVpsw8w3lH9g5UVkzG3gLGXESsdmkl","baseKeyType":1,"closed":-1,"used":1747801267571,"created":1747801267571,"remoteIdentityKey":"BbMQIjDMxJUDhkKgtlBq4gE0OEtovx2Zb7rk/xDjlQMl"},"_chains":{"BTOwy3dQ7nTVTOqzkLItJdmV4LbyFudWZ2uc5EF6Lukg":{"chainKey":{"counter":79,"key":"L3c0sSzH/mXTgKkDI96HfdMOqAtPdsumbgE2rU9RjJM="},"chainType":1,"messageKeys":{}}},"pendingPreKey":{"signedKeyId":4,"baseKey":"BQFL4ZFMZC7NWdnVpsw8w3lH9g5UVkzG3gLGXESsdmkl"}}},"version":"v1"}