{"_sessions":{"BQ25nQRyEP0ZB19uKpV3/P7ph/uK69ps4L6LQuFKWBk+":{"registrationId":1459715228,"currentRatchet":{"ephemeralKeyPair":{"pubKey":"BX+zvexs0hvxZSda1SRyc9OAcXWRo9F4yHqMF+9VuYNR","privKey":"2Ewn3wN3fJbPI5jfCUWofvr8Dni/zCHOGIw54dKhflA="},"lastRemoteEphemeralKey":"BdtFrgFP4oMgukmTfIAFA5zZiR5vlXPPjTnKf0aRym1D","previousCounter":23,"rootKey":"WqNiE9j68lP9TVjA4gfu77EiwI1jY7jKj5P8LkA83DY="},"indexInfo":{"baseKey":"BQ25nQRyEP0ZB19uKpV3/P7ph/uK69ps4L6LQuFKWBk+","baseKeyType":1,"closed":-1,"used":1747820378415,"created":1747801267631,"remoteIdentityKey":"BTlO2R/jE16OITf9s4JkvcOuXzwFBiRhk3bhB8im+rgm"},"_chains":{"BdtFrgFP4oMgukmTfIAFA5zZiR5vlXPPjTnKf0aRym1D":{"chainKey":{"counter":0,"key":"p0nCkjTfsC6Ty6HovlHhAzxPO3/pYjpOXeQSTYiEUA0="},"chainType":2,"messageKeys":{}},"BX+zvexs0hvxZSda1SRyc9OAcXWRo9F4yHqMF+9VuYNR":{"chainKey":{"counter":55,"key":"kDnescFDAiEfjeAiuQkst1smACwefcgZfREmUxR9A94="},"chainType":1,"messageKeys":{}}}}},"version":"v1"}