{"_sessions":{"BWm42WlsgkOSaQwWugNT8nNwdfth29QVB/B/ZAymtCAt":{"registrationId":414286580,"currentRatchet":{"ephemeralKeyPair":{"pubKey":"BSnbY6s8M7xTLpG2r2zyAAwXvBTi8xq5TYf5Ex0wfIFu","privKey":"oB7FBC5iNYxGu5bk6/rtZQgO5jzHGDfghBvTLYNvjE0="},"lastRemoteEphemeralKey":"BUog7Lfs9dgCo8PAeBK+chn1YRuW3c0mjLw3wLFVFdMu","previousCounter":18,"rootKey":"68DXMpbrh5hGnpj/QowIdwlBKbTVCgrBPCbmm7Rk+No="},"indexInfo":{"baseKey":"BWm42WlsgkOSaQwWugNT8nNwdfth29QVB/B/ZAymtCAt","baseKeyType":1,"closed":-1,"used":1747838404239,"created":1747816416548,"remoteIdentityKey":"BVKnnxxy+ZFMzBcLSs6dGnqdKL1MgVA+GgGYP9bJSyhf"},"_chains":{"BUog7Lfs9dgCo8PAeBK+chn1YRuW3c0mjLw3wLFVFdMu":{"chainKey":{"counter":3,"key":"N0buedFl20OYbdnS3RYw+RMqkOm7qQpoEETzwSa7B/w="},"chainType":2,"messageKeys":{}},"BSnbY6s8M7xTLpG2r2zyAAwXvBTi8xq5TYf5Ex0wfIFu":{"chainKey":{"counter":1,"key":"QA2ykuLQUG49twgx1nupHe6do3+tjD2Qe5DuD1i7Sok="},"chainType":1,"messageKeys":{}}}}},"version":"v1"}