{"_sessions":{"Bciqn+nukz9gYN9EeJShrn1v4fVscY+c+ATYeQSeH/8W":{"registrationId":1227570650,"currentRatchet":{"ephemeralKeyPair":{"pubKey":"BSOkI9OZy8lcz/Q7/PED5oFtYa/Jy1WkiKXoxR764uBx","privKey":"ECLHAzp8bcA4is+agore/BmjvCHdNw1IrR1pXQrLyV8="},"lastRemoteEphemeralKey":"BZt8FVh2TxweV3lddjAXqfaDSvS65q4LV23zgLChJCt2","previousCounter":0,"rootKey":"u0RN2VrJ3/ZnODmwBxuniPS/RthC4emPBbK9iJXdDhw="},"indexInfo":{"baseKey":"Bciqn+nukz9gYN9EeJShrn1v4fVscY+c+ATYeQSeH/8W","baseKeyType":1,"closed":-1,"used":1747813661884,"created":1747813661884,"remoteIdentityKey":"BXDrJQi4Y2QV6r3HQ0GkYFgz4s46IZ74NRAxb7xJqUhj"},"_chains":{"BSOkI9OZy8lcz/Q7/PED5oFtYa/Jy1WkiKXoxR764uBx":{"chainKey":{"counter":30,"key":"zpaujSB25kgDPsyEuY3x07hn5w02HTnU53HpJNHm43M="},"chainType":1,"messageKeys":{}}},"pendingPreKey":{"signedKeyId":0,"baseKey":"Bciqn+nukz9gYN9EeJShrn1v4fVscY+c+ATYeQSeH/8W"}}},"version":"v1"}