{"_sessions":{"BcszbBP/lchfyeeWBTcky6+xZ2qhrhipD+yVbI/cTdFY":{"registrationId":1704762403,"currentRatchet":{"ephemeralKeyPair":{"pubKey":"BcA4QESBzbuz5gmbdn4qebB3p/v5aFYR8g/aDR6nawM8","privKey":"mJKgNyvCkdkBSmpGI3wm0ltXHwaqcoOO/YhKGCTrSVQ="},"lastRemoteEphemeralKey":"BRCSHxhkomzvWRrGGC+F735xMjIVQ0Jrr0vVA5OTVEkx","previousCounter":0,"rootKey":"Ym/mRBVnRli3w3UVMPke9Vs/hONFCfelU9QyVCiXGq0="},"indexInfo":{"baseKey":"BcszbBP/lchfyeeWBTcky6+xZ2qhrhipD+yVbI/cTdFY","baseKeyType":1,"closed":-1,"used":1747813661955,"created":1747813661955,"remoteIdentityKey":"Bf/LOXFaln5AHc+wE/9rxyUfmaDeiLbD8A5ogHlfaEok"},"_chains":{"BcA4QESBzbuz5gmbdn4qebB3p/v5aFYR8g/aDR6nawM8":{"chainKey":{"counter":30,"key":"ga5/+YiMy/PUbaxTKWkdE9KzrcUZsmNJlwIbpBv0SRg="},"chainType":1,"messageKeys":{}}},"pendingPreKey":{"signedKeyId":1,"baseKey":"BcszbBP/lchfyeeWBTcky6+xZ2qhrhipD+yVbI/cTdFY","preKeyId":14344647}}},"version":"v1"}