{"_sessions":{"BQYHI6qaNGJCGGg1HmhYgz1c2rjw8ZCGuVul9jMpYyos":{"registrationId":1949991039,"currentRatchet":{"ephemeralKeyPair":{"pubKey":"BYrquUwwEfL5a32ZNGrmUaQmLM5DIyRb4DO/W8HcSmgu","privKey":"UHSkSfK4UJmy+lI7E2KfWbwIhYMMWGIEf+QdBFUjAl4="},"lastRemoteEphemeralKey":"Bahv5hZWIUxhPWRjVM5Y+6C/IY24G3S6enec08nrYlcw","previousCounter":0,"rootKey":"2XwzFOZHOptLAl2IEwlUqe+YhO4VV84IXTHrSnzSZgU="},"indexInfo":{"baseKey":"BQYHI6qaNGJCGGg1HmhYgz1c2rjw8ZCGuVul9jMpYyos","baseKeyType":1,"closed":-1,"used":1747829635345,"created":1747829635345,"remoteIdentityKey":"BfSE7LJzGUFQ/qMM1qhl/taVryBYgx7X8NyitDnHYgMC"},"_chains":{"BYrquUwwEfL5a32ZNGrmUaQmLM5DIyRb4DO/W8HcSmgu":{"chainKey":{"counter":11,"key":"/8381YhqSpbgW4djCyEpq/MIqv8gN6fyNgiaD7p37Yc="},"chainType":1,"messageKeys":{}}},"pendingPreKey":{"signedKeyId":0,"baseKey":"BQYHI6qaNGJCGGg1HmhYgz1c2rjw8ZCGuVul9jMpYyos"}}},"version":"v1"}