{"_sessions":{"BdYgmvFyWBeIt6cfO/YsLM4E4CyLZXk54BkflfvQn14q":{"registrationId":324017276,"currentRatchet":{"ephemeralKeyPair":{"pubKey":"BZAizCy+3HZK/WUU7hPW7UWDM+J+JjTMbhdQoEyJZUUE","privKey":"OANN9HEK3Fyz80cetmrMrZQ22vL5n9S4eS98UAcfQlg="},"lastRemoteEphemeralKey":"BctJjakmS/dPrPV8ztQSskHP1P02CNZdCctpzROcRP4u","previousCounter":0,"rootKey":"BeLtNg6NVdXDIMwWJLNs9rfgXNvxFgmqxvAMEBCaQdM="},"indexInfo":{"baseKey":"BdYgmvFyWBeIt6cfO/YsLM4E4CyLZXk54BkflfvQn14q","baseKeyType":1,"closed":-1,"used":1747816416450,"created":1747816416450,"remoteIdentityKey":"BWuJ2/0uwgQ6ZSpalrNBtn+bavVueMQpgckwXyuLfoQE"},"_chains":{"BZAizCy+3HZK/WUU7hPW7UWDM+J+JjTMbhdQoEyJZUUE":{"chainKey":{"counter":18,"key":"Ua+f0itT8MNIoWy3sTU3iiEZPad7rMeVCfQ4TiHemNw="},"chainType":1,"messageKeys":{}}},"pendingPreKey":{"signedKeyId":2,"baseKey":"BdYgmvFyWBeIt6cfO/YsLM4E4CyLZXk54BkflfvQn14q","preKeyId":14470200}}},"version":"v1"}