{"_sessions":{"BZQgSbW8sM9MD1d31kw7b67HOFoy2p0hOSiWOggQgmRa":{"registrationId":297241637,"currentRatchet":{"ephemeralKeyPair":{"pubKey":"Bejw66AafshPlcWYsEO1PMJskfVLiat3q/NGL7eIab0o","privKey":"+JWvWLzpgNwh3LEG+7shARMPa0BQFpeGLOTbSQAM834="},"lastRemoteEphemeralKey":"Ba2AbdJkDpGycSTL+oKG8Vubkp7RuNxWINkM2q9cVtAM","previousCounter":23,"rootKey":"4hgdvTNQY4eQfY2aUoLCADMkkFOUoFSrPCSNCyG6KG0="},"indexInfo":{"baseKey":"BZQgSbW8sM9MD1d31kw7b67HOFoy2p0hOSiWOggQgmRa","baseKeyType":1,"closed":-1,"used":1747820378949,"created":1747801267880,"remoteIdentityKey":"BcHSePYOjY4pR18uiWWw8UkZwjihgo/3B4MVXmfAgaUC"},"_chains":{"Ba2AbdJkDpGycSTL+oKG8Vubkp7RuNxWINkM2q9cVtAM":{"chainKey":{"counter":0,"key":"LQBMdhOfQiUiQRORM6qs5oQW3+NoL0wH/6uA4bXPztY="},"chainType":2,"messageKeys":{}},"Bejw66AafshPlcWYsEO1PMJskfVLiat3q/NGL7eIab0o":{"chainKey":{"counter":-1,"key":"u3vtYQ1wzcdnlEkHFdGI1lTHLXd/pIyQ+JrG7FLBGTw="},"chainType":1,"messageKeys":{}}}}},"version":"v1"}