{"_sessions":{"Beut8j0GHy9WWJCRTpMMP5mUDYt9xX49z7+tN7dfO3AK":{"registrationId":1227561734,"currentRatchet":{"ephemeralKeyPair":{"pubKey":"BXyYOW6BD6qJq65UKriWnN2wL6e2iQrRm4MW78Kc+60k","privKey":"eBHXjuIeli3u2WRXENO+FjS34rvFVY41CbkemjOLSH0="},"lastRemoteEphemeralKey":"Bc7ZupDZiHzw79bVed/SyPYwZrHeJV/6kzY5ZVx8YBd7","previousCounter":0,"rootKey":"u4cxs/rCawH8bnJ//6vOtUd6j5mcVndmPvGJFd/S7yk="},"indexInfo":{"baseKey":"Beut8j0GHy9WWJCRTpMMP5mUDYt9xX49z7+tN7dfO3AK","baseKeyType":1,"closed":-1,"used":1747801267734,"created":1747801267734,"remoteIdentityKey":"BbJDWciGq4uH+ay25DfKjGo4JJBXynj9fFRQQ7ZWm3tr"},"_chains":{"BXyYOW6BD6qJq65UKriWnN2wL6e2iQrRm4MW78Kc+60k":{"chainKey":{"counter":79,"key":"G2iRV4zpYCZlDtoYLrU5ANmZszDK6UNtZj8vbEZCFiU="},"chainType":1,"messageKeys":{}}},"pendingPreKey":{"signedKeyId":0,"baseKey":"Beut8j0GHy9WWJCRTpMMP5mUDYt9xX49z7+tN7dfO3AK","preKeyId":12285477}}},"version":"v1"}