{"_sessions":{"BYiV3e+CEWvfhPMo9H5yrbDCGHTyr5zAL3a8fcZydLk6":{"registrationId":1452228697,"currentRatchet":{"ephemeralKeyPair":{"pubKey":"BRgOVWc8ANoxMqZgYUxFPd7fdVCemn6kKwLVjWfoQoE7","privKey":"CGMfzbiO+TsFKvOlwRcWrQL+POtcDbmvpRmnkBzv0HM="},"lastRemoteEphemeralKey":"Bez74YF7GIBlv9hVTywkQH266XzBvijc2yO6RfPLtEZa","previousCounter":0,"rootKey":"BDcTeAA/Xpw00dpCbvclXacTzdH2R2kIx4Q8nzGEiHE="},"indexInfo":{"baseKey":"BYiV3e+CEWvfhPMo9H5yrbDCGHTyr5zAL3a8fcZydLk6","baseKeyType":1,"closed":-1,"used":1747801267916,"created":1747801267915,"remoteIdentityKey":"BddsZ3XQvzyRkbBObME7wwk5+Y7KTTL2BUm4psbEc6gN"},"_chains":{"BRgOVWc8ANoxMqZgYUxFPd7fdVCemn6kKwLVjWfoQoE7":{"chainKey":{"counter":79,"key":"e9Z0350Ataur0QVcT8ONzV1sQz6Uu3CBUFN5d2U7SjY="},"chainType":1,"messageKeys":{}}},"pendingPreKey":{"signedKeyId":25,"baseKey":"BYiV3e+CEWvfhPMo9H5yrbDCGHTyr5zAL3a8fcZydLk6","preKeyId":8771213}}},"version":"v1"}