{"_sessions":{"BeSiYeAqmYCgQ2gwy0DxvctFlZ/T4gIl+DXt7ELfL6Ri":{"registrationId":608714560,"currentRatchet":{"ephemeralKeyPair":{"pubKey":"BWNmRPz/YGpnvYT85zVHnHrt4IoUPuV7brTsumQX/mcV","privKey":"wHuEDwSXOqf+S0pQbLa+MUAIV2TWmcMjR90Amycb5Gk="},"lastRemoteEphemeralKey":"BZa+/JBeYesqw0E9SDS5K5a63Bwfeq1AubTrrCqrgUgc","previousCounter":23,"rootKey":"qFRRusq2HLSk2wqtr/hG1TUpyTrBLhgLzjL4RHwKjSs="},"indexInfo":{"baseKey":"BeSiYeAqmYCgQ2gwy0DxvctFlZ/T4gIl+DXt7ELfL6Ri","baseKeyType":1,"closed":-1,"used":1747820379164,"created":1747801267542,"remoteIdentityKey":"BWZcavBnrt5pOa3zkp0SWQGqYawWZTkMchd9H0N3zz5G"},"_chains":{"BZa+/JBeYesqw0E9SDS5K5a63Bwfeq1AubTrrCqrgUgc":{"chainKey":{"counter":0,"key":"dne3Il0Vlhd2n92SNuelsexOCNhaIF96bHWCi5tlDNY="},"chainType":2,"messageKeys":{}},"BWNmRPz/YGpnvYT85zVHnHrt4IoUPuV7brTsumQX/mcV":{"chainKey":{"counter":55,"key":"ttq8ZMWquigW7mPPu5PPXms2/fic9yFFpO5M5x62oMQ="},"chainType":1,"messageKeys":{}}}}},"version":"v1"}