{"_sessions":{"BV9V88k5X6oQ16s+kjoQGgtJRTRhtw5zgA1xdeyi2t8n":{"registrationId":1721228543,"currentRatchet":{"ephemeralKeyPair":{"pubKey":"Bd55RGkmIIN2U3gVz6i70TNKz+HYnmXauXNN1mMQIh85","privKey":"+LSPUJY6WVgS7CaqgaI6/MdF4CvzgCykDIfCjQNKO1w="},"lastRemoteEphemeralKey":"BXyguZ/cD/cp9d4rlR8+SgPj5mWm3hD7L+s199qzyZd/","previousCounter":0,"rootKey":"/TuGWkIfBXqDBgZysik01N6AD7QzNUbpDN7XUJ7aUqU="},"indexInfo":{"baseKey":"BV9V88k5X6oQ16s+kjoQGgtJRTRhtw5zgA1xdeyi2t8n","baseKeyType":1,"closed":-1,"used":1747816691965,"created":1747816416554,"remoteIdentityKey":"BcyR56muoovr1ux9x/JSZTrTmIIsJL4KGn8icvk99aof"},"_chains":{"BXyguZ/cD/cp9d4rlR8+SgPj5mWm3hD7L+s199qzyZd/":{"chainKey":{"counter":0,"key":"7yQO0St2gVpnySzuXh4y8VbvCQvHiSvyWUQl0CZWz9c="},"chainType":2,"messageKeys":{}},"Bd55RGkmIIN2U3gVz6i70TNKz+HYnmXauXNN1mMQIh85":{"chainKey":{"counter":17,"key":"7NLo5saVNl42hFnswVYts12UDTUc7fvyrWHfm5N89To="},"chainType":1,"messageKeys":{}}}}},"version":"v1"}