{"_sessions":{"BRpeZAwVXshW7S9Zk/rFVtY9i7e7s4rc5boLzyAqUntf":{"registrationId":113999775,"currentRatchet":{"ephemeralKeyPair":{"pubKey":"BSxoUkHDjMT1olIeACMIlBncGvY2in9ZY8DT5HaKI8or","privKey":"wH4+i4mrySpUswqGZ6eR9MWf+aexC+bxKpD8Ct9N2HE="},"lastRemoteEphemeralKey":"Bex36hjEnSvstQfroUvC8J5OctWU+4tNWSwTJG455TwG","previousCounter":0,"rootKey":"R3nB76KzdX+UUwJABYbaJAhX9lV7h+e63Lnbm5qIwvI="},"indexInfo":{"baseKey":"BRpeZAwVXshW7S9Zk/rFVtY9i7e7s4rc5boLzyAqUntf","baseKeyType":1,"closed":-1,"used":1747816416565,"created":1747816416565,"remoteIdentityKey":"BfzwIj3s282v6oGNcvwbMuAMsAX01VeD8UEdR9GzJSEy"},"_chains":{"BSxoUkHDjMT1olIeACMIlBncGvY2in9ZY8DT5HaKI8or":{"chainKey":{"counter":18,"key":"S611EUEhH4T0JYpmgVa7+ZSmplwHYb+XBYOeVqmOCQc="},"chainType":1,"messageKeys":{}}},"pendingPreKey":{"signedKeyId":9,"baseKey":"BRpeZAwVXshW7S9Zk/rFVtY9i7e7s4rc5boLzyAqUntf","preKeyId":4452210}}},"version":"v1"}