{"_sessions":{"BZoL6SN4H/SaEe2hkI2DriaNAKY0/PSU9wggEPT8bE8F":{"registrationId":82993463,"currentRatchet":{"ephemeralKeyPair":{"pubKey":"BUGyhkO5XGJMxHf8g42VOGloHD43JPAvr3o/jwKajO5b","privKey":"CH1Ha69/FfI3JB6/ee5d+sFwjbxpu2wsH96uK1Ulc3k="},"lastRemoteEphemeralKey":"BRbE56Q4BdfO7Q2dZg6lht6UQvw0LIwdozv9fobSMCBr","previousCounter":23,"rootKey":"ya5k/iZxWMV5PNa0bkOewJwpITCx+PBxl+QdpsxdbnE="},"indexInfo":{"baseKey":"BZoL6SN4H/SaEe2hkI2DriaNAKY0/PSU9wggEPT8bE8F","baseKeyType":1,"closed":-1,"used":1747820987212,"created":1747801267843,"remoteIdentityKey":"BdysFRGhPv1XziW7Eg60FjdpgInGPJV59Gv/EirtEQQz"},"_chains":{"BRbE56Q4BdfO7Q2dZg6lht6UQvw0LIwdozv9fobSMCBr":{"chainKey":{"counter":0,"key":"ofH73EmQh49jZXbWh5stwbvbcSW4PEMo6tLGR/wsaoo="},"chainType":2,"messageKeys":{}},"BUGyhkO5XGJMxHf8g42VOGloHD43JPAvr3o/jwKajO5b":{"chainKey":{"counter":55,"key":"9fbvTHkDASVzA1rau7mjZ0+RynoLAXgPZQmAFN79Ak4="},"chainType":1,"messageKeys":{}}}}},"version":"v1"}