{"_sessions":{"BUppRHRYpWZUXhjUynabIPuCd1vPnD5knFjJxBnrX10x":{"registrationId":1886483858,"currentRatchet":{"ephemeralKeyPair":{"pubKey":"BZ6QlflK3+o3jE9CHTCyJBL8rkscU5jVMTtc2Forhd1g","privKey":"IICxvsDRKG/R4DlEEwerH7vRqXe2MqGU9EpulIL00H0="},"lastRemoteEphemeralKey":"BVgakwGPFPEkjIjfmBALWb7bB9vRVpcygGZ3nhAlr1Ja","previousCounter":23,"rootKey":"ABX/DwzkKIFnhWfx+yLhZODsyPRnYHDD+Wwc45vSnwQ="},"indexInfo":{"baseKey":"BUppRHRYpWZUXhjUynabIPuCd1vPnD5knFjJxBnrX10x","baseKeyType":1,"closed":-1,"used":1747820377511,"created":1747801267759,"remoteIdentityKey":"BSeUp3z3LbmZEAxaXZrzVaSl1iXGcqRSv1/vSSEtoSwH"},"_chains":{"BVgakwGPFPEkjIjfmBALWb7bB9vRVpcygGZ3nhAlr1Ja":{"chainKey":{"counter":0,"key":"/4j/xF0vi+Gebu0NobwSfM47a3kTRC4uCp4Xa1NxEvM="},"chainType":2,"messageKeys":{}},"BZ6QlflK3+o3jE9CHTCyJBL8rkscU5jVMTtc2Forhd1g":{"chainKey":{"counter":55,"key":"6gPBlHS4wc/idnP6HcTeAQvkNXAkS+L2KzUdFESi4XI="},"chainType":1,"messageKeys":{}}}}},"version":"v1"}