{"_sessions":{"BVS3tjzoHSD9enJQ8MDKG9jwVKkGN/GoxE1+wv6N6TJr":{"registrationId":1535285259,"currentRatchet":{"ephemeralKeyPair":{"pubKey":"BX0ejawMNObylMipL5d1jy+iPcE5lPWI6YWYe9Hc6WVE","privKey":"SLeFEUe0EkE4Uo3Ml8UmpreqX2vffIsOB1wMdxn5Z1o="},"lastRemoteEphemeralKey":"BYLHzQLdQB6EHjEcgMzhA9yw+NRl4IPk2nrzyzAhhDkG","previousCounter":23,"rootKey":"DRT/ABaFxITwJ4VN6oaHfUzp2s50cydu/gQvnN8zs1Q="},"indexInfo":{"baseKey":"BVS3tjzoHSD9enJQ8MDKG9jwVKkGN/GoxE1+wv6N6TJr","baseKeyType":1,"closed":-1,"used":1747820377653,"created":1747801267576,"remoteIdentityKey":"BZv49HAp5ttn37fkCt+E+szZcd3XKI1uy37e+nZ2lelZ"},"_chains":{"BYLHzQLdQB6EHjEcgMzhA9yw+NRl4IPk2nrzyzAhhDkG":{"chainKey":{"counter":0,"key":"8pC3VFwM91T//B2IF7QsH2vHpsdnb28IHHbmYWTkzbM="},"chainType":2,"messageKeys":{}},"BX0ejawMNObylMipL5d1jy+iPcE5lPWI6YWYe9Hc6WVE":{"chainKey":{"counter":55,"key":"t7SbQn3+QcQNPRH0d1q0+iqXdfruM0X1pHSWU2awtXI="},"chainType":1,"messageKeys":{}}}}},"version":"v1"}