{"_sessions":{"BZtn3T59jgCSG5vtkzRrrTPqN1qWyWnHWjJWLMke9kMG":{"registrationId":576478066,"currentRatchet":{"ephemeralKeyPair":{"pubKey":"BTBsazMbUAz4s/czjCkfhS1Q3XQRIr2/7pc0t6B039Ai","privKey":"wIxWVUZSmpynN8IfN3WBydXp2atB/e6eMVrZtK4samQ="},"lastRemoteEphemeralKey":"BUCdk7mWqdoZzFFNTWr58A8r9t5r4Slp+YiIQqM0rAkZ","previousCounter":0,"rootKey":"4ODqyXYgK6Yv/xKLCOGlj/q4z9nAk6st7Xb+UNEDOLA="},"indexInfo":{"baseKey":"BZtn3T59jgCSG5vtkzRrrTPqN1qWyWnHWjJWLMke9kMG","baseKeyType":1,"closed":-1,"used":1747816416364,"created":1747816416364,"remoteIdentityKey":"BRQKfemndidIezpFLkX9yeeL9S699SzSUrv6ES6jp2hj"},"_chains":{"BTBsazMbUAz4s/czjCkfhS1Q3XQRIr2/7pc0t6B039Ai":{"chainKey":{"counter":19,"key":"wQJAd6paONKqv66QusBxy1RYkwh0IVKVNlxVQwOjrPM="},"chainType":1,"messageKeys":{}}},"pendingPreKey":{"signedKeyId":1,"baseKey":"BZtn3T59jgCSG5vtkzRrrTPqN1qWyWnHWjJWLMke9kMG"}}},"version":"v1"}