{"_sessions":{"BRedU72mKkS4TWE/8Np7Dx5/NyQUQCBmnPZ+yC/rwqZm":{"registrationId":9201,"currentRatchet":{"ephemeralKeyPair":{"pubKey":"BVF5tzEhLD/aDobSL9T8q/BYttQO6yQ0gXcMEsLl04dm","privKey":"wKN0UE9tUoxR2wmW5pywmgmAcwIAl0gAbRxBvbfFnWY="},"lastRemoteEphemeralKey":"BZtw7vx3RRPg6bDzDVkVSk5osfBXLQfw2OwREdAuna5u","previousCounter":0,"rootKey":"3o+mouMPGhSH7q3/BTeIKVKQsuK1CeQTx+CybSyw0U4="},"indexInfo":{"baseKey":"BRedU72mKkS4TWE/8Np7Dx5/NyQUQCBmnPZ+yC/rwqZm","baseKeyType":1,"closed":-1,"used":1747816416311,"created":1747816416311,"remoteIdentityKey":"BczkaJWorullSKhhFUOOasH4hukUCo0b+9JPiL+AByMt"},"_chains":{"BVF5tzEhLD/aDobSL9T8q/BYttQO6yQ0gXcMEsLl04dm":{"chainKey":{"counter":18,"key":"/zU+lBE3DjP1pvGfRCvm8SsDFyZ9fxHNmeDJaGIydXw="},"chainType":1,"messageKeys":{}}},"pendingPreKey":{"signedKeyId":1,"baseKey":"BRedU72mKkS4TWE/8Np7Dx5/NyQUQCBmnPZ+yC/rwqZm","preKeyId":336}}},"version":"v1"}