{"_sessions":{"BQNOr67nx61xA09IZPxHZ+NuAR3ryszbxrPy+sP/SIRl":{"registrationId":572090801,"currentRatchet":{"ephemeralKeyPair":{"pubKey":"Bbbk30t54kIKcrC3QWDxZ1+v0k0ot6e3+YqCxKl1ZTUH","privKey":"IFWTzrnCrQRQWcs6RXOJAAAKPeXrWWaS2Ougy4zjoVg="},"lastRemoteEphemeralKey":"BQdX7/hDqbWlUk67ryaYti0TjfNG4OU55IsvwV5Kzc4W","previousCounter":0,"rootKey":"LYlJm8+kdf5Z5eIV1QsylHtQQanaI9yJ9fWorfyRRlE="},"indexInfo":{"baseKey":"BQNOr67nx61xA09IZPxHZ+NuAR3ryszbxrPy+sP/SIRl","baseKeyType":1,"closed":-1,"used":1747820920112,"created":1747820920112,"remoteIdentityKey":"BYrXlJbY5iQngCbUL6tfKGYHx2BMYL2aDSrJyqCnkZ01"},"_chains":{"Bbbk30t54kIKcrC3QWDxZ1+v0k0ot6e3+YqCxKl1ZTUH":{"chainKey":{"counter":0,"key":"z0svKWWJLOZhQibnNHwAtfiwc4oc82fTASjzkESX1ao="},"chainType":1,"messageKeys":{}}},"pendingPreKey":{"signedKeyId":37,"baseKey":"BQNOr67nx61xA09IZPxHZ+NuAR3ryszbxrPy+sP/SIRl","preKeyId":1641713}}},"version":"v1"}