{"_sessions":{"BR660y1o3PU6RquNN58kiFMgmkoRWIBQUKaPyjN6ZZMv":{"registrationId":296698645,"currentRatchet":{"ephemeralKeyPair":{"pubKey":"BX4HI4T6CipnN3MFubug+cBO8RhdJSNr1ajN/DPrKCde","privKey":"SB6zkxB6EQTwwSvrkmiDGzHE1z65pJPQGmBoDdL++G4="},"lastRemoteEphemeralKey":"BTbRiLcgVYp6ia0V7yYI+SYY2ipdL6ZfVN2N3YQWV95F","previousCounter":1,"rootKey":"kUKSfrBMCUP5d+S0+ULOnaQ72GKai8J3/LN+zOjqI/8="},"indexInfo":{"baseKey":"BR660y1o3PU6RquNN58kiFMgmkoRWIBQUKaPyjN6ZZMv","baseKeyType":1,"closed":-1,"used":1747839668952,"created":1747801267747,"remoteIdentityKey":"BX3uLcnL2FoQrIhwO2ztKvv3/s+6xor8UlMdnfRsxAlz"},"_chains":{"BQrdE86RzBGNsKtawSXe5lAo1qO+tGskOFbZmo0+ruZG":{"chainKey":{"counter":0},"chainType":2,"messageKeys":{}},"BTbRiLcgVYp6ia0V7yYI+SYY2ipdL6ZfVN2N3YQWV95F":{"chainKey":{"counter":1,"key":"rjNEIenhQovQDDuQv+rMtINfN/DkxEEHqfXDnke7WZ4="},"chainType":2,"messageKeys":{}},"BX4HI4T6CipnN3MFubug+cBO8RhdJSNr1ajN/DPrKCde":{"chainKey":{"counter":55,"key":"aRI9cg17q3O09xJFwfkGAM2F3d6yB/lOrjYF9ebwOfI="},"chainType":1,"messageKeys":{}}}}},"version":"v1"}