{"_sessions":{"BT+LyvAsils5neo4SI2kuuNR3eLfwetB/CYsjLbNnKNB":{"registrationId":131123735,"currentRatchet":{"ephemeralKeyPair":{"pubKey":"Bf1Mw0dX/iE5S/9ISfYRlIg+1T7lT7k5gXQws7XgIZgJ","privKey":"CO9Qb6mcJuzWd2/Z4SkN+FyuR3QeOh8yqvpnvkgO40c="},"lastRemoteEphemeralKey":"BTv6NHOX76wmnVVwaOYv3yzs0NqOUKbaa8I9yVVDB7FU","previousCounter":0,"rootKey":"eis3ZZy5gRXMYOdGMNdzSw0daHk9eQrnNt3cuqyIdTc="},"indexInfo":{"baseKey":"BT+LyvAsils5neo4SI2kuuNR3eLfwetB/CYsjLbNnKNB","baseKeyType":1,"closed":1747813674403,"used":1747801267689,"created":1747801267689,"remoteIdentityKey":"BVMQ8SvEhWbBzNTPKtjLQ8yca9zBiZoXDRN7kIPGATJp"},"_chains":{"Bf1Mw0dX/iE5S/9ISfYRlIg+1T7lT7k5gXQws7XgIZgJ":{"chainKey":{"counter":23,"key":"nAVXeNimBWwO5qeYrVG8qcG4+MBKjUhFL+BZ/1A8ix4="},"chainType":1,"messageKeys":{}}},"pendingPreKey":{"signedKeyId":1,"baseKey":"BT+LyvAsils5neo4SI2kuuNR3eLfwetB/CYsjLbNnKNB","preKeyId":12493051}},"BVf4oLmbjwbgQ3ZzMY/lN2kaEaNHOn2UXL0IPzEY2wZl":{"registrationId":131123735,"currentRatchet":{"ephemeralKeyPair":{"pubKey":"BZR47uBo93fCKW4GoGWTXih6JexmvMHmo3tJyLB8BHsV","privKey":"sCeOtwYyCbEj43q4uRUg+C2jihwclWmoBK1FIDrjk2A="},"lastRemoteEphemeralKey":"BVCXUQFxsX0nuSljOZSe+6pdiwlqjB1bXUG5ntYZRxV4","previousCounter":2,"rootKey":"YlXr5HfVS5fAOruus/bY+KmFX/cSlIZkxe6jR6/eNBI="},"indexInfo":{"baseKey":"BVf4oLmbjwbgQ3ZzMY/lN2kaEaNHOn2UXL0IPzEY2wZl","baseKeyType":1,"closed":-1,"used":1747820380433,"created":1747813674401,"remoteIdentityKey":"BVMQ8SvEhWbBzNTPKtjLQ8yca9zBiZoXDRN7kIPGATJp"},"_chains":{"BRcLk1viS3epDBhk8Ot8fGBV09toM0VvCV9dti6B15tL":{"chainKey":{"counter":1},"chainType":2,"messageKeys":{}},"BVCXUQFxsX0nuSljOZSe+6pdiwlqjB1bXUG5ntYZRxV4":{"chainKey":{"counter":0,"key":"4KJMbQ/lKhEVf/sjT4JpCSKDWlKsUn3TYZOTQqDG/1g="},"chainType":2,"messageKeys":{}},"BZR47uBo93fCKW4GoGWTXih6JexmvMHmo3tJyLB8BHsV":{"chainKey":{"counter":80,"key":"KwH2klYej7VIB9w8DZu2mZ99pnopgcZ2Euw8mQT7IR0="},"chainType":1,"messageKeys":{}}}}},"version":"v1"}