{"_sessions":{"BcrHuGd32KinYSI/KUr7Q0mk/c++HmotC58JSTVj6D14":{"registrationId":864545395,"currentRatchet":{"ephemeralKeyPair":{"pubKey":"BRuQFMQdzTzUMxrSDaVK6YSgUA33eIYWuk/I1RWThHZM","privKey":"sBwXphvOjtkFzG8s531xc63FRt1QK8i82T2MbVLZy1I="},"lastRemoteEphemeralKey":"BdrBkxev9kG3W4FxVSQQVLn3dTK46y2je47RKNiI908k","previousCounter":1,"rootKey":"ziNF1nS0KlJqYRQmus8IkW5y8AUWHVO9X7u++cfSPew="},"indexInfo":{"baseKey":"BcrHuGd32KinYSI/KUr7Q0mk/c++HmotC58JSTVj6D14","baseKeyType":2,"closed":-1,"used":1747829993908,"created":1747828139769,"remoteIdentityKey":"BdTwzsVsIQtkcUbLVJbvlJxMWsyJUKfRz4UXT7wxU/Ri"},"_chains":{"BWieI1A3TrZqkWrpKd1bpQttTKQ30dIbS7FACaRBAg95":{"chainKey":{"counter":2},"chainType":2,"messageKeys":{}},"BZ8y4aEsF8nR8bfgsGv5eH+/6hrwOfsMiEz8UgcFbClF":{"chainKey":{"counter":0},"chainType":2,"messageKeys":{}},"BdCHZMnsNo/C1jFSGOaz0eT0iXxlmqImo/y/saBW/h8Y":{"chainKey":{"counter":1},"chainType":2,"messageKeys":{}},"BXWnsoE4BJzvtrLXa4Lq8VxPAGl/lJ6pa3YmadkB+UYZ":{"chainKey":{"counter":0},"chainType":2,"messageKeys":{}},"BbPPWaAwKBbFhTY9rR++znzbCnmgUiqRM32ypBzNsEBQ":{"chainKey":{"counter":0},"chainType":2,"messageKeys":{}},"BbVh1PaFcr0xwOFLDzwwwoT4x/ZplgZGNtnHHo1J1ehm":{"chainKey":{"counter":1},"chainType":2,"messageKeys":{}},"BSRQqNnrrA/WQpSwOYfd2XkhP9/F1wCEdxM/NiFrHa5M":{"chainKey":{"counter":2},"chainType":2,"messageKeys":{}},"BTBX9gqHExmUPnqAJv5/Jan+6Jc8X8J1SppJf30RAQhr":{"chainKey":{"counter":1},"chainType":2,"messageKeys":{}},"BR42QWvkHPdpfgOWerQ9TbMqoNAyP9JrXavMP3oe2gw7":{"chainKey":{"counter":1},"chainType":2,"messageKeys":{}},"Bc/5NucPQLboZY9y9CYO57SodC523oss0rBscB1JaRRf":{"chainKey":{"counter":1},"chainType":2,"messageKeys":{}},"BQtszEOzWcNilHytPXdhJokWZa2Pu/eBDPuF5J2ZBflj":{"chainKey":{"counter":0},"chainType":2,"messageKeys":{}},"BW4qc9dmRVOWkJ/tdFSxAOodfzwDv6DXTYd/zJSKfnc2":{"chainKey":{"counter":1},"chainType":2,"messageKeys":{}},"BUS/pDYaoT7Vq4NQsNvIjlaBV1wQklTH2jzBFKQWG1MM":{"chainKey":{"counter":0},"chainType":2,"messageKeys":{}},"Bb7sH2tAnfqTFNEpAh+bv2dMARZFulEP+jk72SYnNhUD":{"chainKey":{"counter":1},"chainType":2,"messageKeys":{}},"BdrBkxev9kG3W4FxVSQQVLn3dTK46y2je47RKNiI908k":{"chainKey":{"counter":0,"key":"VDnL/lUxYIAy8bkLmcaCyCUpNdtVbHUVTI+q7qHaCDU="},"chainType":2,"messageKeys":{}},"BRuQFMQdzTzUMxrSDaVK6YSgUA33eIYWuk/I1RWThHZM":{"chainKey":{"counter":12,"key":"n0ffmvVVDZNMb6e7mebeAZjqtozfs1fHLLprFCxggwo="},"chainType":1,"messageKeys":{}}}}},"version":"v1"}