{"_sessions":{"BXtI+rbuvrEsRfzvyLUurZwZc5MV68aRzuNQsk6iMigR":{"registrationId":1818934145,"currentRatchet":{"ephemeralKeyPair":{"pubKey":"BUfdXLgG/MqZy2yTAVkOm+fo3L6CoG0dRVOvxRwrBd0g","privKey":"cJy1xaA2IglSNvCUwHkGnddvlOPCixjOnctYKFy8zHU="},"lastRemoteEphemeralKey":"BfMPmVDvAmglvichdv4yS2N6EsgKDpYYliJUVYK5s4wN","previousCounter":0,"rootKey":"kUeHqgcgNkKt/VJ7F/WYxxJnj9rU53GXvugCDlJYcEo="},"indexInfo":{"baseKey":"BXtI+rbuvrEsRfzvyLUurZwZc5MV68aRzuNQsk6iMigR","baseKeyType":1,"closed":-1,"used":1747826806551,"created":1747824447669,"remoteIdentityKey":"BVa20nGQjq7KAAEb9pMdODq7qjCrMFJHIDz05ZUGf5Q+"},"_chains":{"BfMPmVDvAmglvichdv4yS2N6EsgKDpYYliJUVYK5s4wN":{"chainKey":{"counter":1,"key":"Z88PNV5/v6SRDsYafD9v5XK8Gas2bdQ2wbIHGSfhivA="},"chainType":2,"messageKeys":{}},"BUfdXLgG/MqZy2yTAVkOm+fo3L6CoG0dRVOvxRwrBd0g":{"chainKey":{"counter":-1,"key":"9oCjIMMzT9Hr1nGUHd6m2R2pDT5DfAN/XG650GnrUSA="},"chainType":1,"messageKeys":{}}}}},"version":"v1"}