{"_sessions":{"BSiMbJmitSxRoy3cLrz/OFCMrxsuB9+4HRLz9Dx4eAw9":{"registrationId":724458080,"currentRatchet":{"ephemeralKeyPair":{"pubKey":"BUlGjL7ycnyK2hSUFdmeX5N2rV30eHDtDwqJuU1rBcxB","privKey":"CJFiTZOTo5FzHUO62oT79PGBkjJXx9gMACSEMd+PmG8="},"lastRemoteEphemeralKey":"BTDmwQxEwKgzTr9e8Oo8FikW+QmIKdBgxxJpvZklQ/IR","previousCounter":0,"rootKey":"OJ530hLukIfyvGG5N9UKzd+buwrazMFPGopvg09eNG4="},"indexInfo":{"baseKey":"BSiMbJmitSxRoy3cLrz/OFCMrxsuB9+4HRLz9Dx4eAw9","baseKeyType":1,"closed":-1,"used":1747816416461,"created":1747816416461,"remoteIdentityKey":"BbgnEf8gL1coXy10wRmePyUgknlCL67Hz2e02D+dPJ0P"},"_chains":{"BUlGjL7ycnyK2hSUFdmeX5N2rV30eHDtDwqJuU1rBcxB":{"chainKey":{"counter":18,"key":"sX6REGz/bO9HlHD3Ilj8WVvslFr0Gx1GvWdQeI2gNFQ="},"chainType":1,"messageKeys":{}}},"pendingPreKey":{"signedKeyId":16,"baseKey":"BSiMbJmitSxRoy3cLrz/OFCMrxsuB9+4HRLz9Dx4eAw9","preKeyId":11944630}}},"version":"v1"}