{"_sessions":{"BQrtMF1Uyedd/wdZfmYjHRkYECjSpp4ybj/zTPAHCB0x":{"registrationId":1462834684,"currentRatchet":{"ephemeralKeyPair":{"pubKey":"BUZAth5M0YRsu7otSKy0fcA2chFmPeLDBkBB5DrouGwf","privKey":"KOCT1hQimZ3N6WcELwBcXDGkmNVpasWQHCtOz3Bto3E="},"lastRemoteEphemeralKey":"BZBi1+oRwFPdXyKvoWz91+M/JPW/PFPdLFFL6Ryi0jQ9","previousCounter":0,"rootKey":"bRUqb8sEbzrNMTK392r+c1HgDdzFQnkl93QgDGRKcjw="},"indexInfo":{"baseKey":"BQrtMF1Uyedd/wdZfmYjHRkYECjSpp4ybj/zTPAHCB0x","baseKeyType":1,"closed":-1,"used":1747813661992,"created":1747813661992,"remoteIdentityKey":"BZI8ergFNbjeSKI2375jtSbsgtSTsj0qFVpZtyFpwWY6"},"_chains":{"BUZAth5M0YRsu7otSKy0fcA2chFmPeLDBkBB5DrouGwf":{"chainKey":{"counter":30,"key":"KZGcGy2IxQn8Ea5V7GL6UdrC0E/Xxj78X4POYto+RmM="},"chainType":1,"messageKeys":{}}},"pendingPreKey":{"signedKeyId":17,"baseKey":"BQrtMF1Uyedd/wdZfmYjHRkYECjSpp4ybj/zTPAHCB0x","preKeyId":1818938}}},"version":"v1"}