{"_sessions":{"BYHEuPIK4DzcHDDu0YB+0yPxx804pJa5n9Ek91Xb29Vx":{"registrationId":1855413710,"currentRatchet":{"ephemeralKeyPair":{"pubKey":"Bew3/NW5xkGu2wS7/FezTVmpzPqDlXQTbd5lLst6mb1I","privKey":"WKFv2rMNciOhjj4BoCCUeAPMrjVDIlYljuDEbKqDzkU="},"lastRemoteEphemeralKey":"BflclX89gnQUDmbwfwTKSHNntX7TN95ZDb05tUJ7W14m","previousCounter":0,"rootKey":"ELC+9bZpesxoUOBRIeiNo7z96ObHAFrCmemmQDyG/eg="},"indexInfo":{"baseKey":"BYHEuPIK4DzcHDDu0YB+0yPxx804pJa5n9Ek91Xb29Vx","baseKeyType":1,"closed":-1,"used":1747816416348,"created":1747816416348,"remoteIdentityKey":"BR1pqGdIFff43Pp/E7QLFbX7qMYaGOQkrT98zprwYk4G"},"_chains":{"Bew3/NW5xkGu2wS7/FezTVmpzPqDlXQTbd5lLst6mb1I":{"chainKey":{"counter":18,"key":"djzWwRRy3TGiLFJSWWu8S9DEduhe0BmVSYX1BLHCqXU="},"chainType":1,"messageKeys":{}}},"pendingPreKey":{"signedKeyId":1,"baseKey":"BYHEuPIK4DzcHDDu0YB+0yPxx804pJa5n9Ek91Xb29Vx","preKeyId":141}}},"version":"v1"}