{"_sessions":{"BSNohbid/hsuU0GYaOJElS3f95YOMycshOadHqX62NMD":{"registrationId":507257616,"currentRatchet":{"ephemeralKeyPair":{"pubKey":"BblFbfGyocNCt5AMZhN8uLDENr/7BRaYl1yzD+HEXiQL","privKey":"2BDjdyCTFqjd2EhhnUNqRWf/pCkNhnpKebI9kjztKlc="},"lastRemoteEphemeralKey":"Bev+UC9hhEA2/TJA1jgpib2e4Z8gFbhOPTdZioWTqIpq","previousCounter":0,"rootKey":"yd0Cv9qNl3jFeA+V4f0XoDBNz9QdUOtxpXIg09gF85c="},"indexInfo":{"baseKey":"BSNohbid/hsuU0GYaOJElS3f95YOMycshOadHqX62NMD","baseKeyType":1,"closed":-1,"used":1747813661879,"created":1747813661879,"remoteIdentityKey":"Bb72g8AZNVoM1zCqMiWm08pdmkpRBTx6M5a1UrUx19gx"},"_chains":{"BblFbfGyocNCt5AMZhN8uLDENr/7BRaYl1yzD+HEXiQL":{"chainKey":{"counter":30,"key":"HhxDeGhCYuaFrjxI0T5QjsMP2pRIbdq3UoQe6P30hyo="},"chainType":1,"messageKeys":{}}},"pendingPreKey":{"signedKeyId":0,"baseKey":"BSNohbid/hsuU0GYaOJElS3f95YOMycshOadHqX62NMD"}}},"version":"v1"}