{"_sessions":{"BWGC3eziLeOQEEyGn9cYBE1Guz2FKsckQTknmUjSK49I":{"registrationId":1284457929,"currentRatchet":{"ephemeralKeyPair":{"pubKey":"BY3YZQxY6YskSZ6Rj+p7wnlMvf1thHmSRUgVMamt7DV5","privKey":"SLPxSCmUllOJPzqvY+aD4+hhDpCR/YjxsTflqmbG+UE="},"lastRemoteEphemeralKey":"BUjZjNR3KIT4dMs+lI+gaTxagYyiWPcTNlGFhsg70mda","previousCounter":0,"rootKey":"B3dtnbYHA7wkUj1a6fwPizaxkxDI31BySczZJ75Y58I="},"indexInfo":{"baseKey":"BWGC3eziLeOQEEyGn9cYBE1Guz2FKsckQTknmUjSK49I","baseKeyType":1,"closed":-1,"used":1747813661893,"created":1747813661893,"remoteIdentityKey":"BTJda2KIZ5j88UAcnBjda2m37jXx4GE6yzSiVxV7oHgC"},"_chains":{"BY3YZQxY6YskSZ6Rj+p7wnlMvf1thHmSRUgVMamt7DV5":{"chainKey":{"counter":30,"key":"ibw4Bu06Kzx5WJ/P/NcJ5pvBNUuLc9ILD7WSmH9xq04="},"chainType":1,"messageKeys":{}}},"pendingPreKey":{"signedKeyId":1,"baseKey":"BWGC3eziLeOQEEyGn9cYBE1Guz2FKsckQTknmUjSK49I"}}},"version":"v1"}