{"_sessions":{"BTTyy8JG3UZwVpg/ZY3yEPCKiyp8zXG6ffksvUb/1icr":{"registrationId":318350405,"currentRatchet":{"ephemeralKeyPair":{"pubKey":"BW3fpXWKSy3qJN/phUiSr4dg544GxqKYYiUlQZc8HrRH","privKey":"YDW28JY2uysb3gJ/TbvHeEaYeiTdem4/tfG2FYw2YlE="},"lastRemoteEphemeralKey":"BQ9Q8QYq2eq0dlVc5dfeemXDm1RgqpyG5YC1MpUd0e5c","previousCounter":0,"rootKey":"vambw5DJxhS1YddMZPyWEkLF0mzrTD5XNpJrtPOO3dg="},"indexInfo":{"baseKey":"BTTyy8JG3UZwVpg/ZY3yEPCKiyp8zXG6ffksvUb/1icr","baseKeyType":2,"closed":-1,"used":1747801565007,"created":1747801565007,"remoteIdentityKey":"BVVCGTwQa2SIdsTEVYykOX0MTZKGIQnFd87wJO7Lg1s5"},"_chains":{"BQ9Q8QYq2eq0dlVc5dfeemXDm1RgqpyG5YC1MpUd0e5c":{"chainKey":{"counter":1,"key":"GseF1QVhrWXngB1mEZ90E8XE8350PBUBAeFLKaa0PCs="},"chainType":2,"messageKeys":{}},"BW3fpXWKSy3qJN/phUiSr4dg544GxqKYYiUlQZc8HrRH":{"chainKey":{"counter":18,"key":"+zaK5+Wz5aK/J67hArlIJYOiOmOYtMwUV8LUpYabljM="},"chainType":1,"messageKeys":{}}}}},"version":"v1"}