{"_sessions":{"BR237iQj35yPSGCvAGxB/kGirMfqM7h5JZvsnTzc8TV4":{"registrationId":2099614255,"currentRatchet":{"ephemeralKeyPair":{"pubKey":"BSURZIt0CMzTDpZ1nhL6HO+PLaGnQf5b2GolISDu2ZRB","privKey":"qFszwOYHlqs+MRvKOAXv8RAFAIP9ctAjVZjpRtrU6HI="},"lastRemoteEphemeralKey":"BYxvtXusHXneEHnDBoJPVTMQRR8/pWsZ44MOtqBs6G5k","previousCounter":0,"rootKey":"lbP9eQ359C4c8szTKKdjKNDeF0phB8lin86utxSHQ5Y="},"indexInfo":{"baseKey":"BR237iQj35yPSGCvAGxB/kGirMfqM7h5JZvsnTzc8TV4","baseKeyType":1,"closed":-1,"used":1747821504256,"created":1747820920130,"remoteIdentityKey":"BR8PtSJSkzhWAG/b8YO3GINSN0dDLgcbgTZYHXZgEjgd"},"_chains":{"BYxvtXusHXneEHnDBoJPVTMQRR8/pWsZ44MOtqBs6G5k":{"chainKey":{"counter":0,"key":"iX9Qpg8sFvaaRb6JVZ/JUasgbXz9J06TGi+EeRAECIc="},"chainType":2,"messageKeys":{}},"BSURZIt0CMzTDpZ1nhL6HO+PLaGnQf5b2GolISDu2ZRB":{"chainKey":{"counter":-1,"key":"ZM/rso1Cc80wH2Ohe979acq5XBYY4uduasqEbd1r4iU="},"chainType":1,"messageKeys":{}}}}},"version":"v1"}