{"_sessions":{"Bdw5uEoqkATPTgytiCg48jgyZ5zc2hSDtoAYvmYowtIo":{"registrationId":2071800627,"currentRatchet":{"ephemeralKeyPair":{"pubKey":"BUlzLlaTovCmh7hXHxb7e2a5rHWZnKFL2uO7kLIbcsNP","privKey":"+CYyT/pTQPSFfZNw4i5iZwU3p70qtatIKQhNP7thvWk="},"lastRemoteEphemeralKey":"BW7csP+K2fkVD/GZ8NQcidPQpwLPyJBjwcLDgX+DwTsp","previousCounter":0,"rootKey":"9fpRdKE4kZ6Ww/R2VRV8RfHQrK+PtewRDsjTHoSE/d0="},"indexInfo":{"baseKey":"Bdw5uEoqkATPTgytiCg48jgyZ5zc2hSDtoAYvmYowtIo","baseKeyType":1,"closed":-1,"used":1747817605890,"created":1747816416487,"remoteIdentityKey":"BSe+O0fihlAxxLILmZYDi2FSt4O4IJLqGPrfqztMmHV3"},"_chains":{"BW7csP+K2fkVD/GZ8NQcidPQpwLPyJBjwcLDgX+DwTsp":{"chainKey":{"counter":0,"key":"+xL4KYlED/TkBX3S/wm8knNDZLIfszXlW4jx/pZPsqM="},"chainType":2,"messageKeys":{}},"BUlzLlaTovCmh7hXHxb7e2a5rHWZnKFL2uO7kLIbcsNP":{"chainKey":{"counter":-1,"key":"bJe1svO5uNf1Qm0aIE0jNch5ACjvXKGh+BWcL0Ap7wY="},"chainType":1,"messageKeys":{}}}}},"version":"v1"}