{"_sessions":{"BQ3vKOVzKbQEnnypAsQx+B+7YcJrKDrHtFcqgkiThsNT":{"registrationId":960863960,"currentRatchet":{"ephemeralKeyPair":{"pubKey":"BVG8SEuIYE1ZJ0x2AHlTHzn6Qo/TqNtHUyYJNDWhOq5D","privKey":"kCVeLeDLIalcstwntfpZ/dxCZ+3CYxqkJ0/VuWzhqXA="},"lastRemoteEphemeralKey":"BcQTEY6A6jv15SARcbMTZEWAiNHWfFmpvTUtg+i0n8hp","previousCounter":0,"rootKey":"cStsL+3ouBGwUVbL1hpwE4dXZk03AHCsULQjsuqPhcE="},"indexInfo":{"baseKey":"BQ3vKOVzKbQEnnypAsQx+B+7YcJrKDrHtFcqgkiThsNT","baseKeyType":1,"closed":-1,"used":1747833870232,"created":1747833870232,"remoteIdentityKey":"Bfu3PaWD7TCglmdyPXaGJiC0lvq+n6PWn61qIuXRjrxv"},"_chains":{"BVG8SEuIYE1ZJ0x2AHlTHzn6Qo/TqNtHUyYJNDWhOq5D":{"chainKey":{"counter":2,"key":"ofMmJFy0VSqM4xFJw7Kew364T4Jaet8p+rcsL04qWmM="},"chainType":1,"messageKeys":{}}},"pendingPreKey":{"signedKeyId":6,"baseKey":"BQ3vKOVzKbQEnnypAsQx+B+7YcJrKDrHtFcqgkiThsNT","preKeyId":11646816}}},"version":"v1"}