{"_sessions":{"BW7zagzoN5Q64GMDnkSpnnUilDy4dM7DaBeqllhNd4k/":{"registrationId":2071115564,"currentRatchet":{"ephemeralKeyPair":{"pubKey":"BVT9HQVQnhJHIt0AOj9REWPsrO6riXAhpK/lCHi7rDJ8","privKey":"OHLIXZSdWdnAry4+2mPRCzrzIdwvQWs5hSAa87ZNQFM="},"lastRemoteEphemeralKey":"BcOzn77Y3yCDGJLIzE7m5/qj54UeO9WoTzfM+rTiWYog","previousCounter":0,"rootKey":"E0WtpKAQ8Du5r5TVZ54m5XOwb5OdKkqcAAFlAe2i0rU="},"indexInfo":{"baseKey":"BW7zagzoN5Q64GMDnkSpnnUilDy4dM7DaBeqllhNd4k/","baseKeyType":1,"closed":-1,"used":1747801267658,"created":1747801267658,"remoteIdentityKey":"BaqzOOPndFlE/qZIPKg35UTAoxcF65Zz7Ejh1Y1TjCot"},"_chains":{"BVT9HQVQnhJHIt0AOj9REWPsrO6riXAhpK/lCHi7rDJ8":{"chainKey":{"counter":68,"key":"dMmKnNoiSlb4R27FdEcWyRVThh1l8ehtpMMgghZkoeA="},"chainType":1,"messageKeys":{}}},"pendingPreKey":{"signedKeyId":17,"baseKey":"BW7zagzoN5Q64GMDnkSpnnUilDy4dM7DaBeqllhNd4k/","preKeyId":3178994}}},"version":"v1"}