{"_sessions":{"BZSSVQyI/FOMLuHL7/t1lS7DjDcyBzIGBnWRAtT0TKhw":{"registrationId":465319329,"currentRatchet":{"ephemeralKeyPair":{"pubKey":"Bc/8u3hS7xoc9qrv+ayW07Ke3RRkHig3k9Z/NYcV2alq","privKey":"ILtgD3ZcWw8CUA3kVNy/buHdHNK4GdtEuACJM+gMlnM="},"lastRemoteEphemeralKey":"BZXi1gijkjTXiRDTcqFjjiJ3Zha16ZfGrQQcwC8b9xIO","previousCounter":0,"rootKey":"NJq760EanYFgGNEgNrsq/k0biv6wwCiIIUx0dP/qUUU="},"indexInfo":{"baseKey":"BZSSVQyI/FOMLuHL7/t1lS7DjDcyBzIGBnWRAtT0TKhw","baseKeyType":1,"closed":-1,"used":1747813661919,"created":1747813661919,"remoteIdentityKey":"BWKhiejvPOZW13tt8Raz3t9ub69wMe9/BR+4YCIwTxkA"},"_chains":{"Bc/8u3hS7xoc9qrv+ayW07Ke3RRkHig3k9Z/NYcV2alq":{"chainKey":{"counter":30,"key":"IWTD31iy0/5zL7lDX94TMFirkzVyYg3hUxjiWRYGQx0="},"chainType":1,"messageKeys":{}}},"pendingPreKey":{"signedKeyId":1,"baseKey":"BZSSVQyI/FOMLuHL7/t1lS7DjDcyBzIGBnWRAtT0TKhw","preKeyId":9249913}}},"version":"v1"}