{"_sessions":{"Bdpxxw1U5BNIwDckobdMwXqFSW7hoIvxxQdVzN9+pt1S":{"registrationId":1569546735,"currentRatchet":{"ephemeralKeyPair":{"pubKey":"BR+77e4TkBbU2Eqf69T71AO9NSejYgWOADhUscn5NU0P","privKey":"wH1ymqfpSGgH2ymbIeIpq8qWF/cnCQS5LblQL60h51U="},"lastRemoteEphemeralKey":"BQNnLaNF5FqeWiIa/aBtR6fG2ktdkSJec1Pzq4MDupJ2","previousCounter":0,"rootKey":"BlnUDK9Ci7D+JFuUE/Shqi8TpULay0lmAtqy/2hx6GU="},"indexInfo":{"baseKey":"Bdpxxw1U5BNIwDckobdMwXqFSW7hoIvxxQdVzN9+pt1S","baseKeyType":1,"closed":-1,"used":1747816416414,"created":1747816416414,"remoteIdentityKey":"BbIrCv1PJQPnPPc423dA9159X/IUifpZoCdjK7CAvKx6"},"_chains":{"BR+77e4TkBbU2Eqf69T71AO9NSejYgWOADhUscn5NU0P":{"chainKey":{"counter":18,"key":"UL4+OoLC7PAgbPf5f5yQUgDFrYbZnQge1eayyssIwao="},"chainType":1,"messageKeys":{}}},"pendingPreKey":{"signedKeyId":4,"baseKey":"Bdpxxw1U5BNIwDckobdMwXqFSW7hoIvxxQdVzN9+pt1S","preKeyId":14293293}}},"version":"v1"}