{"_sessions":{"BYkebws1f3gLLJQpt6sfG2OehpcMr+LGNqkbN7jFrMo9":{"registrationId":1585069435,"currentRatchet":{"ephemeralKeyPair":{"pubKey":"BYfmT9DBKiEk1rVQg/PkwBkg+j1BmGo4sB9uxdPLLZxZ","privKey":"8HJAYJBX1WaHPwVkEb/rxupGQCPZdc6HsRmT9Ug7bkA="},"lastRemoteEphemeralKey":"BX94kHRUadYOvYEl+0XsRMU5GWqqGizCkQ8y1tzt9nMJ","previousCounter":0,"rootKey":"7HsJB5Z5RIGvEKA493xBa7beSI2OEu2N522Why76iyA="},"indexInfo":{"baseKey":"BYkebws1f3gLLJQpt6sfG2OehpcMr+LGNqkbN7jFrMo9","baseKeyType":1,"closed":-1,"used":1747813661875,"created":1747813661875,"remoteIdentityKey":"BWPOLvCA9n64paNzxJArtzDmbGUDrXg+TKGr6FMSfz4c"},"_chains":{"BYfmT9DBKiEk1rVQg/PkwBkg+j1BmGo4sB9uxdPLLZxZ":{"chainKey":{"counter":30,"key":"z9IB5J9fqG50ukDb0Z0rAhjx9nGV/isKAG8AYL3yjE0="},"chainType":1,"messageKeys":{}}},"pendingPreKey":{"signedKeyId":7,"baseKey":"BYkebws1f3gLLJQpt6sfG2OehpcMr+LGNqkbN7jFrMo9","preKeyId":8348954}}},"version":"v1"}